1.324,-1.598,-2.766,0.398,0.266,0.098,    ,-1183.891,794.455,-41.821,125.381,2.629,-35.677
0.941,-0.530,-2.069,0.398,0.184,0.056,    ,-1183.891,794.455,-41.821,125.381,2.629,-35.677
0.226,-2.099,-2.530,0.324,0.132,0.046,    ,-1183.891,794.455,-41.821,125.381,2.629,-35.677
-0.382,0.412,-2.501,0.195,0.019,0.062,    ,-1183.891,794.455,-41.821,125.381,2.629,-35.677
2.207,-2.226,-3.030,0.420,0.343,0.118,    ,-1183.891,794.455,-41.821,125.381,2.629,-35.677
1.598,-1.902,-3.060,0.340,0.274,0.107,    ,-1183.891,794.455,-41.821,125.381,2.629,-35.677
-1.412,0.481,-2.510,-0.086,-0.205,0.032,    ,-1183.891,794.455,-41.821,125.381,2.629,-35.677
1.775,-1.775,-2.844,0.399,0.240,0.111,    ,-1183.891,794.455,-41.821,125.381,2.629,-35.677
-0.265,2.001,-2.265,-0.145,-0.025,0.052,    ,-1183.891,794.455,-41.821,125.381,2.629,-35.677
-2.540,0.078,-2.157,-0.013,-0.230,0.022,    ,-1183.891,794.455,-41.821,125.381,2.629,-35.677
1.942,-2.962,-2.815,0.401,0.284,0.118,    ,-1183.891,794.455,-41.821,125.381,2.629,-35.677
1.383,-2.432,-2.775,0.341,0.314,0.074,    ,-1183.891,794.455,-41.821,125.381,2.629,-35.677
-1.402,0.412,-2.716,-0.028,-0.176,0.050,    ,-1183.891,794.455,-41.821,125.381,2.629,-35.677
-0.451,0.863,-2.452,-0.039,0.055,0.059,    ,-1183.891,794.455,-41.821,125.381,2.629,-35.677
-1.304,0.363,-2.246,0.034,-0.214,0.047,    ,-1183.891,794.455,-41.821,125.381,2.629,-35.677
-1.579,1.412,-2.412,-0.230,-0.143,0.043,    ,-1183.891,794.455,-41.821,125.381,2.629,-35.677
-0.637,0.255,-3.089,0.261,0.029,0.053,    ,-1183.891,794.455,-41.821,125.381,2.629,-35.677
-0.324,1.549,-2.510,-0.101,-0.021,0.067,    ,-1183.891,794.455,-41.821,125.381,2.629,-35.677
-1.314,0.275,-3.011,0.078,-0.078,0.063,    ,-1183.891,794.455,-41.821,125.381,2.629,-35.677
3.001,-2.461,-3.844,0.504,0.291,0.173,    ,-1183.891,794.455,-41.821,125.381,2.629,-35.677
2.167,-1.687,-3.932,0.361,0.217,0.140,    ,-1183.891,794.455,-41.821,125.381,2.629,-35.677
1.461,-0.667,-3.619,0.322,0.308,0.115,    ,-1183.891,794.455,-41.821,125.381,2.629,-35.677
1.471,-1.618,-3.109,0.412,0.247,0.107,    ,-1183.891,794.455,-41.821,125.381,2.629,-35.677
-0.794,0.657,-2.834,0.052,-0.095,0.075,    ,-1183.891,794.455,-41.821,125.381,2.629,-35.677
-0.981,1.334,-2.746,-0.257,0.009,0.061,    ,-1183.891,794.455,-41.821,125.381,2.629,-35.677
1.677,-2.275,-3.805,0.518,0.215,0.132,    ,-1183.891,794.455,-41.821,125.381,2.629,-35.677
1.540,-2.089,-2.922,0.429,0.299,0.099,    ,-1183.891,794.455,-41.821,125.381,2.629,-35.677
-0.883,1.628,-3.079,-0.122,-0.090,0.066,    ,-1183.891,794.455,-41.821,125.381,2.629,-35.677
0.981,-0.804,-3.491,0.404,0.186,0.064,    ,-1183.891,794.455,-41.821,125.381,2.629,-35.677
-1.344,1.030,-2.815,-0.057,-0.144,0.043,    ,-1183.891,794.455,-41.821,125.381,2.629,-35.677
0.157,-1.177,-4.109,0.361,0.141,0.093,    ,-1183.891,794.455,-41.821,125.381,2.629,-35.677
2.569,-2.216,-4.119,0.436,0.364,0.144,    ,-1183.891,794.455,-41.821,125.381,2.629,-35.677
-0.677,0.990,-2.207,-0.113,-0.117,0.070,    ,-1183.891,794.455,-41.821,125.381,2.629,-35.677
-1.049,0.284,-3.403,-0.043,-0.093,0.071,    ,-1183.891,794.455,-41.821,125.381,2.629,-35.677
2.913,-2.050,-4.217,0.504,0.365,0.162,    ,-1183.891,794.455,-41.821,125.381,2.629,-35.677
1.000,-1.726,-3.854,0.346,0.296,0.084,    ,-1183.891,794.455,-41.821,125.381,2.629,-35.677
-1.255,1.383,-3.060,-0.228,-0.045,0.056,    ,-1183.891,794.455,-41.821,125.381,2.629,-35.677
2.579,-0.157,-7.483,0.198,0.329,0.284,    ,-1183.891,794.455,-41.821,125.381,2.629,-35.677
-2.128,1.275,-10.483,0.377,-0.127,-0.046,    ,-1184.259,793.993,-42.479,125.381,2.629,-35.677
0.098,1.402,-11.876,-0.145,-0.008,0.168,    ,-1197.120,777.894,-65.448,125.397,2.636,-35.673
1.451,1.883,-7.237,-0.404,0.218,0.212,    ,-1230.225,736.449,-124.575,125.439,2.653,-35.662
-0.353,-1.226,-4.099,-0.136,-0.020,0.248,    ,-1245.260,717.622,-151.355,125.458,2.661,-35.658
1.432,-0.902,-4.031,-0.189,0.145,0.404,    ,-1260.968,697.809,-177.573,125.477,2.669,-35.653
1.108,0.245,-5.796,-0.259,0.163,0.236,    ,-1264.242,693.380,-179.288,125.480,2.669,-35.653
0.912,-0.069,-6.492,-0.237,0.079,0.176,    ,-1264.821,692.449,-177.753,125.480,2.669,-35.653
0.961,-0.618,-6.286,-0.136,0.040,0.457,    ,-1266.300,690.070,-173.825,125.480,2.668,-35.654
0.432,-0.010,-5.806,-0.178,0.031,0.116,    ,-1268.160,687.080,-168.888,125.480,2.667,-35.655
0.559,-0.196,-6.257,-0.129,0.146,0.176,    ,-1269.241,685.342,-166.019,125.481,2.666,-35.655
0.490,0.412,-7.120,-0.198,0.088,0.274,    ,-1271.743,681.318,-159.376,125.481,2.664,-35.657
0.255,-0.069,-8.081,-0.132,0.014,0.090,    ,-1274.483,676.912,-152.101,125.481,2.663,-35.658
0.353,-0.196,-7.051,-0.065,0.050,0.270,    ,-1275.751,674.873,-148.736,125.481,2.662,-35.658
0.432,-0.304,-6.002,-0.035,0.141,0.199,    ,-1278.013,671.236,-142.730,125.482,2.660,-35.660
1.363,-0.765,-6.002,0.065,0.217,0.206,    ,-1279.814,668.341,-137.948,125.482,2.659,-35.660
0.941,-1.255,-4.962,0.327,0.368,0.135,    ,-1280.550,667.142,-135.810,125.482,2.658,-35.661
1.530,-2.128,-5.815,0.553,0.324,0.235,    ,-1281.199,665.920,-131.902,125.482,2.658,-35.661
1.824,-3.579,-6.110,0.827,0.472,0.133,    ,-1280.732,666.271,-128.229,125.483,2.657,-35.661
0.657,-1.844,-5.227,0.547,0.359,0.149,    ,-1280.081,667.036,-126.480,125.483,2.657,-35.660
2.491,-4.207,-5.649,0.938,0.473,0.282,    ,-1277.866,669.840,-123.058,125.483,2.657,-35.659
1.559,-3.089,-6.718,0.759,0.389,0.259,    ,-1274.783,673.836,-119.434,125.484,2.657,-35.657
2.079,-4.070,-7.188,1.030,0.381,0.279,    ,-1272.973,676.183,-117.312,125.485,2.657,-35.656
2.324,-4.433,-6.698,1.122,0.458,0.233,    ,-1268.818,681.571,-112.443,125.486,2.657,-35.653
2.128,-2.059,-6.669,0.885,0.383,0.356,    ,-1263.876,687.978,-106.653,125.487,2.657,-35.650
2.452,-4.168,-7.345,1.461,0.692,0.281,    ,-1261.255,691.378,-103.581,125.487,2.657,-35.648
0.647,-3.128,-7.522,1.375,0.351,0.218,    ,-1256.409,697.662,-97.902,125.488,2.657,-35.646
1.226,-3.383,-7.031,1.551,0.337,0.169,    ,-1252.276,703.021,-93.059,125.489,2.657,-35.643
2.658,-4.864,-6.894,1.703,0.484,0.265,    ,-1250.476,705.354,-90.951,125.490,2.657,-35.642
1.383,-2.511,-7.120,1.409,0.463,0.220,    ,-1247.321,709.444,-87.237,125.491,2.657,-35.640
0.049,-3.991,-6.247,1.509,0.468,0.229,    ,-1244.561,713.013,-83.863,125.491,2.657,-35.638
0.922,-4.854,-8.081,1.547,0.480,0.258,    ,-1243.286,714.658,-82.246,125.491,2.657,-35.638
2.824,-3.981,-6.884,1.769,0.596,0.283,    ,-1241.073,717.505,-79.324,125.492,2.657,-35.637
0.157,-3.275,-6.678,1.788,0.384,0.225,    ,-1238.972,720.195,-76.366,125.492,2.657,-35.637
1.304,-3.697,-5.923,1.895,0.431,0.290,    ,-1238.017,721.412,-74.949,125.492,2.657,-35.637
1.471,-6.923,-7.218,2.047,0.519,0.304,    ,-1235.855,724.166,-71.701,125.492,2.656,-35.637
1.932,-2.050,-6.325,1.683,0.406,0.263,    ,-1233.291,727.432,-67.848,125.492,2.656,-35.637
1.589,-4.050,-5.207,1.984,0.629,0.190,    ,-1231.847,729.271,-65.678,125.491,2.656,-35.638
-0.373,-4.011,-5.482,2.228,0.627,0.154,    ,-1228.961,732.947,-61.340,125.491,2.655,-35.638
0.834,-4.550,-5.413,2.104,0.344,0.262,    ,-1226.490,736.095,-57.627,125.491,2.655,-35.638
3.177,-5.776,-5.580,2.604,0.749,0.351,    ,-1225.387,737.500,-55.970,125.491,2.654,-35.638
1.128,-5.786,-4.129,2.056,0.586,0.280,    ,-1223.559,739.830,-53.247,125.491,2.654,-35.638
-0.932,-0.902,-4.158,1.779,0.498,0.051,    ,-1221.634,742.312,-50.727,125.491,2.654,-35.638
0.255,-4.580,-6.570,2.425,0.647,0.194,    ,-1220.570,743.696,-49.505,125.491,2.654,-35.638
-0.539,-2.932,-5.747,1.988,0.392,0.175,    ,-1218.369,746.587,-47.266,125.491,2.653,-35.638
4.482,-6.168,-6.727,1.937,0.784,0.346,    ,-1215.880,749.885,-45.105,125.491,2.653,-35.639
-0.520,-4.590,-5.580,1.680,0.605,0.172,    ,-1214.505,751.716,-44.026,125.491,2.653,-35.639
1.226,-1.853,-5.698,1.455,0.604,0.254,    ,-1211.363,755.902,-41.580,125.491,2.653,-35.639
0.049,-0.049,-6.070,1.627,0.559,0.105,    ,-1207.627,760.879,-38.672,125.491,2.653,-35.639
-0.029,-2.530,-5.815,1.605,0.414,0.178,    ,-1205.426,763.812,-36.959,125.491,2.652,-35.639
2.442,-3.805,-7.286,1.873,0.722,0.273,    ,-1201.017,769.685,-33.527,125.491,2.652,-35.639
-0.892,-0.814,-8.267,1.617,0.433,0.158,    ,-1197.396,774.509,-30.709,125.491,2.652,-35.639
1.520,-2.913,-8.679,1.930,0.652,0.202,    ,-1195.665,776.815,-29.362,125.491,2.652,-35.639
0.059,-2.991,-6.335,1.197,0.533,0.217,    ,-1192.732,780.720,-27.055,125.491,2.651,-35.639
0.667,-1.844,-4.531,1.102,0.668,0.258,    ,-1186.766,788.552,-20.951,125.491,2.651,-35.639
2.344,-4.148,-5.913,1.410,0.554,0.356,    ,-1180.809,796.330,-14.339,125.491,2.650,-35.638
-0.010,-0.804,-8.032,1.226,0.108,0.207,    ,-1163.950,818.304,4.874,125.491,2.649,-35.637
0.490,-3.609,-7.894,1.231,0.265,0.153,    ,-1149.305,837.378,21.755,125.490,2.647,-35.636
0.628,2.079,-8.630,0.965,0.164,0.153,    ,-1145.349,842.526,26.354,125.490,2.647,-35.636
0.118,0.755,-5.374,0.401,-0.068,0.232,    ,-1143.339,845.141,28.701,125.490,2.647,-35.636
1.991,-0.686,-8.473,1.088,0.281,0.142,    ,-1150.515,836.162,15.999,125.489,2.648,-35.637
-0.971,1.344,-12.876,0.641,-0.223,0.152,    ,-1165.314,817.646,-10.196,125.488,2.651,-35.639
2.324,1.128,-5.325,-0.418,0.223,0.317,    ,-1211.579,759.758,-92.090,125.484,2.660,-35.645
2.167,0.608,-5.482,-0.365,0.197,0.334,    ,-1246.224,716.399,-153.283,125.481,2.667,-35.650
1.334,-0.343,-3.834,-0.343,0.220,0.348,    ,-1255.789,704.381,-169.591,125.480,2.669,-35.651
0.530,-0.667,-7.983,-0.095,0.066,0.286,    ,-1263.308,694.744,-180.067,125.480,2.670,-35.653
1.167,-0.382,-7.649,-0.151,0.050,0.317,    ,-1264.710,692.626,-178.046,125.480,2.669,-35.653
1.608,-0.441,-8.561,-0.152,0.122,0.520,    ,-1265.368,691.570,-176.301,125.480,2.669,-35.653
1.314,-0.579,-7.384,-0.211,0.068,0.432,    ,-1266.875,689.147,-172.301,125.480,2.668,-35.654
0.765,0.206,-6.796,-0.206,0.137,0.154,    ,-1268.704,686.206,-167.445,125.480,2.666,-35.655
0.922,-0.118,-7.247,-0.210,0.072,0.314,    ,-1269.657,684.672,-164.913,125.481,2.666,-35.656
0.981,-0.118,-7.885,-0.196,0.132,0.215,    ,-1271.770,681.276,-159.306,125.481,2.664,-35.657
0.422,0.696,-8.326,-0.228,0.069,0.214,    ,-1273.961,677.752,-153.487,125.481,2.663,-35.658
0.402,0.216,-8.610,-0.147,0.098,0.187,    ,-1274.957,676.150,-150.843,125.481,2.662,-35.658
0.755,-0.804,-8.228,0.043,0.040,0.271,    ,-1276.563,673.568,-146.580,125.481,2.661,-35.659
0.157,-0.324,-7.443,0.005,0.134,0.298,    ,-1277.835,671.523,-143.204,125.482,2.660,-35.659
1.000,-0.990,-7.296,0.144,0.137,0.157,    ,-1278.452,670.531,-141.566,125.482,2.660,-35.660
0.755,-0.834,-6.472,0.090,0.198,0.203,    ,-1279.541,668.779,-138.674,125.482,2.659,-35.660
0.765,-0.343,-6.443,0.015,0.153,0.254,    ,-1280.452,667.304,-136.128,125.482,2.658,-35.661
0.608,-1.785,-6.600,0.316,0.267,0.275,    ,-1280.790,666.736,-134.924,125.482,2.658,-35.661
1.020,-2.589,-6.237,0.534,0.230,0.217,    ,-1281.167,666.017,-132.550,125.482,2.658,-35.661
2.138,-2.952,-6.551,0.691,0.427,0.224,    ,-1281.138,665.876,-130.326,125.482,2.657,-35.661
0.755,-1.324,-6.159,0.389,0.277,0.229,    ,-1280.968,666.021,-129.198,125.482,2.657,-35.661
2.560,-3.040,-5.943,0.694,0.516,0.268,    ,-1280.333,666.731,-127.068,125.483,2.657,-35.660
0.941,-3.246,-6.629,0.735,0.376,0.190,    ,-1279.297,668.008,-125.024,125.483,2.657,-35.660
1.971,-3.717,-6.384,0.854,0.479,0.284,    ,-1278.690,668.780,-124.117,125.483,2.657,-35.659
1.334,-3.766,-7.355,0.899,0.400,0.276,    ,-1277.115,670.813,-122.166,125.484,2.657,-35.658
2.511,-4.158,-6.816,1.054,0.485,0.319,    ,-1275.177,673.325,-119.895,125.484,2.657,-35.657
0.588,-1.314,-6.688,0.597,0.310,0.225,    ,-1274.107,674.714,-118.640,125.484,2.657,-35.656
1.402,-0.863,-6.816,0.657,0.366,0.253,    ,-1271.865,677.621,-116.013,125.485,2.657,-35.655
1.314,-3.746,-8.218,1.165,0.515,0.264,    ,-1269.336,680.900,-113.050,125.485,2.657,-35.653
0.696,-2.765,-7.188,0.948,0.304,0.224,    ,-1267.935,682.716,-111.409,125.486,2.657,-35.653
1.559,-4.099,-8.953,1.274,0.423,0.358,    ,-1265.061,686.443,-108.041,125.486,2.657,-35.651
1.353,-3.383,-7.659,1.076,0.180,0.311,    ,-1262.069,690.322,-104.535,125.487,2.657,-35.649
3.050,-4.825,-7.051,1.256,0.398,0.386,    ,-1258.973,694.337,-100.907,125.488,2.657,-35.647
0.804,-4.109,-7.590,1.215,0.357,0.269,    ,-1257.581,696.141,-99.276,125.488,2.657,-35.646
1.814,-2.805,-7.620,1.287,0.399,0.305,    ,-1254.870,699.657,-96.099,125.489,2.657,-35.645
2.030,-5.011,-7.276,1.503,0.464,0.299,    ,-1252.455,702.788,-93.269,125.489,2.657,-35.643
1.177,-3.462,-6.629,1.495,0.438,0.254,    ,-1251.282,704.309,-91.895,125.490,2.657,-35.642
2.099,-5.354,-8.042,1.478,0.480,0.350,    ,-1249.287,706.896,-89.557,125.490,2.657,-35.641
0.157,-2.736,-7.561,1.224,0.309,0.224,    ,-1247.475,709.244,-87.420,125.491,2.657,-35.640
1.461,-2.981,-7.983,1.411,0.485,0.203,    ,-1246.589,710.391,-86.356,125.491,2.657,-35.639
1.422,-4.982,-8.218,1.598,0.602,0.273,    ,-1244.965,712.492,-84.367,125.491,2.657,-35.639
0.873,-2.265,-8.090,1.491,0.256,0.247,    ,-1243.482,714.405,-82.497,125.491,2.657,-35.638
2.069,-6.021,-7.512,1.785,0.592,0.277,    ,-1242.744,715.356,-81.545,125.491,2.657,-35.638
-0.118,-2.883,-6.374,1.441,0.286,0.209,    ,-1241.344,717.156,-79.691,125.492,2.657,-35.637
-0.245,-3.491,-5.904,1.534,0.373,0.214,    ,-1240.028,718.844,-77.880,125.492,2.657,-35.637
-0.118,-3.266,-7.335,1.500,0.319,0.232,    ,-1239.400,719.647,-76.988,125.492,2.657,-35.637
1.157,-2.187,-5.050,1.444,0.301,0.228,    ,-1238.261,721.101,-75.314,125.492,2.657,-35.637
2.020,-3.893,-5.953,1.553,0.556,0.251,    ,-1237.064,722.626,-73.517,125.492,2.656,-35.637
0.265,-3.207,-6.306,1.698,0.305,0.209,    ,-1236.391,723.483,-72.506,125.492,2.656,-35.637
3.334,-6.394,-8.189,2.274,0.508,0.364,    ,-1234.964,725.300,-70.362,125.492,2.656,-35.637
2.726,-6.855,-6.786,2.295,0.493,0.313,    ,-1233.382,727.315,-67.985,125.492,2.656,-35.637
0.686,-2.658,-6.953,1.782,0.417,0.187,    ,-1232.508,728.429,-66.672,125.491,2.656,-35.637
-0.490,-4.550,-7.581,1.959,0.490,0.201,    ,-1230.722,730.703,-63.988,125.491,2.655,-35.638
0.530,-4.021,-6.904,1.986,0.363,0.238,    ,-1229.026,732.864,-61.439,125.491,2.655,-35.638
2.314,-4.413,-6.943,2.412,0.658,0.219,    ,-1228.237,733.870,-60.252,125.491,2.655,-35.638
1.569,-6.992,-6.374,2.197,0.459,0.279,    ,-1226.774,735.733,-58.054,125.491,2.655,-35.638
1.814,-3.011,-6.110,2.033,0.614,0.296,    ,-1225.448,737.421,-56.062,125.491,2.654,-35.638
2.952,-6.257,-6.669,2.460,0.877,0.332,    ,-1224.837,738.200,-55.144,125.491,2.654,-35.638
0.990,-2.971,-7.375,2.297,0.561,0.276,    ,-1223.764,739.567,-53.544,125.491,2.654,-35.638
-0.843,-3.923,-5.933,2.092,0.596,0.187,    ,-1222.651,740.995,-52.005,125.491,2.654,-35.638
1.785,-6.257,-7.022,2.681,1.033,0.238,    ,-1222.073,741.742,-51.265,125.491,2.654,-35.638
2.246,-0.235,-6.198,1.947,0.467,0.332,    ,-1220.857,743.323,-49.824,125.491,2.654,-35.638
4.227,-3.991,-7.149,2.363,0.887,0.272,    ,-1219.561,745.019,-48.434,125.491,2.654,-35.638
0.765,-6.619,-7.031,2.421,1.022,0.202,    ,-1218.863,745.936,-47.738,125.491,2.654,-35.638
3.825,-3.589,-7.071,2.114,0.427,0.410,    ,-1217.425,747.834,-46.406,125.491,2.653,-35.638
1.373,-5.806,-7.757,2.418,1.043,0.168,    ,-1215.994,749.734,-45.196,125.491,2.653,-35.639
1.089,-3.570,-7.502,1.808,0.495,0.289,    ,-1215.236,750.742,-44.595,125.491,2.653,-35.639
1.618,-2.952,-7.120,1.873,0.457,0.333,    ,-1213.532,753.012,-43.269,125.491,2.653,-35.639
3.393,-5.609,-8.061,2.163,0.985,0.292,    ,-1211.565,755.632,-41.738,125.491,2.653,-35.639
2.962,-2.177,-6.257,1.840,0.675,0.354,    ,-1210.507,757.043,-40.914,125.491,2.653,-35.639
2.148,-3.177,-8.444,2.014,0.775,0.268,    ,-1208.213,760.098,-39.129,125.491,2.653,-35.639
-1.226,-1.687,-7.943,1.884,0.535,0.110,    ,-1205.648,763.516,-37.132,125.491,2.652,-35.639
0.686,-2.403,-8.228,1.949,0.701,0.177,    ,-1204.301,765.310,-36.084,125.491,2.652,-35.639
0.441,-3.226,-8.140,1.417,0.685,0.219,    ,-1201.646,768.846,-34.018,125.491,2.652,-35.639
4.521,-4.531,-8.238,1.768,0.602,0.419,    ,-1199.349,771.907,-32.229,125.491,2.652,-35.639
-0.255,0.363,-7.630,1.126,0.317,0.196,    ,-1198.184,773.460,-31.322,125.491,2.652,-35.639
0.206,0.824,-7.139,1.161,0.515,0.205,    ,-1196.124,776.204,-29.719,125.491,2.652,-35.639
0.029,-1.481,-7.914,1.098,0.511,0.231,    ,-1194.343,778.577,-28.333,125.491,2.651,-35.639
1.402,-2.893,-6.767,1.307,0.735,0.211,    ,-1192.629,780.857,-26.967,125.491,2.651,-35.639
1.589,-4.462,-7.100,1.340,0.473,0.361,    ,-1191.441,782.426,-25.871,125.491,2.651,-35.639
-1.098,-1.344,-8.297,1.556,0.332,0.208,    ,-1187.316,787.832,-21.550,125.491,2.651,-35.639
1.559,-2.001,-9.189,2.101,0.272,0.081,    ,-1180.440,796.812,-13.924,125.491,2.650,-35.638
1.853,-3.795,-7.188,1.333,0.429,0.359,    ,-1175.831,802.823,-8.712,125.491,2.650,-35.638
1.265,-2.069,-9.307,1.394,0.563,0.206,    ,-1165.133,816.763,3.516,125.491,2.649,-35.637
1.324,-2.373,-8.061,1.291,0.101,0.336,    ,-1155.101,829.830,15.058,125.490,2.648,-35.637
-0.981,0.078,-8.806,1.247,0.112,0.131,    ,-1151.228,834.873,19.529,125.490,2.647,-35.636
1.138,-3.020,-8.649,1.172,0.186,0.228,    ,-1145.893,841.817,25.719,125.490,2.647,-35.636
-0.814,2.716,-9.169,0.646,-0.039,0.186,    ,-1143.612,844.786,28.383,125.490,2.647,-35.636
0.245,-0.628,-7.953,0.518,0.143,0.198,    ,-1143.362,845.111,28.674,125.490,2.647,-35.636
-1.628,-0.765,-7.630,0.453,-0.022,0.289,    ,-1143.911,844.425,27.688,125.490,2.647,-35.636
-1.677,0.971,-11.032,1.062,-0.135,0.076,    ,-1153.936,831.882,9.944,125.489,2.649,-35.637
-0.373,-1.598,-12.817,0.632,0.045,0.231,    ,-1163.872,819.450,-7.644,125.488,2.651,-35.639
-0.579,-0.118,-9.208,-0.077,0.018,0.284,    ,-1189.558,787.311,-53.111,125.486,2.656,-35.642
-0.618,-1.265,-7.630,0.014,-0.136,0.228,    ,-1212.450,758.668,-93.631,125.484,2.660,-35.645
0.490,-0.098,-8.610,-0.190,0.098,0.295,    ,-1223.107,745.334,-112.495,125.483,2.662,-35.647
-0.020,0.500,-9.522,-0.232,0.066,0.253,    ,-1240.482,723.592,-143.218,125.482,2.666,-35.649
0.275,0.647,-8.542,-0.261,0.127,0.304,    ,-1252.572,708.432,-164.212,125.481,2.668,-35.651
0.794,-0.647,-6.943,-0.216,0.180,0.254,    ,-1256.825,703.074,-171.282,125.480,2.669,-35.652
0.824,-1.451,-7.943,-0.041,0.238,0.303,    ,-1261.657,696.920,-178.507,125.480,2.670,-35.652
0.598,-0.382,-9.522,-0.125,0.129,0.298,    ,-1263.649,694.271,-180.100,125.480,2.670,-35.653
0.637,-0.785,-8.748,-0.089,0.126,0.253,    ,-1264.405,693.118,-178.857,125.480,2.669,-35.653
0.520,-0.010,-9.532,-0.246,0.057,0.310,    ,-1264.766,692.538,-177.900,125.480,2.669,-35.653
0.912,-0.530,-9.865,-0.094,0.109,0.420,    ,-1265.526,691.315,-175.882,125.480,2.669,-35.654
1.196,-0.314,-8.571,-0.150,0.123,0.294,    ,-1266.429,689.863,-173.483,125.480,2.668,-35.654
0.500,-0.402,-8.620,-0.096,0.091,0.235,    ,-1266.954,689.019,-172.089,125.480,2.668,-35.654
1.059,0.098,-8.414,-0.178,0.179,0.454,    ,-1268.113,687.155,-169.013,125.480,2.667,-35.655
0.981,-0.029,-8.757,-0.230,0.065,0.475,    ,-1269.417,685.059,-165.553,125.481,2.666,-35.655
0.628,0.000,-9.414,-0.130,0.079,0.432,    ,-1270.144,683.890,-163.623,125.481,2.665,-35.656
0.588,-0.147,-9.699,-0.114,0.109,0.356,    ,-1271.644,681.477,-159.639,125.481,2.664,-35.656
1.118,0.000,-9.552,-0.218,0.115,0.447,    ,-1273.318,678.785,-155.194,125.481,2.663,-35.657
0.481,0.941,-9.208,-0.230,0.121,0.126,    ,-1274.141,677.462,-153.010,125.481,2.663,-35.658
1.167,-0.010,-9.522,-0.202,0.074,0.151,    ,-1275.681,674.986,-148.921,125.481,2.662,-35.658
0.932,-0.824,-9.307,0.041,0.068,0.419,    ,-1277.095,672.712,-145.167,125.481,2.661,-35.659
1.089,-0.785,-8.846,0.057,0.131,0.210,    ,-1277.737,671.679,-143.463,125.482,2.660,-35.659
1.294,-1.167,-7.463,0.112,0.151,0.276,    ,-1278.913,669.789,-140.342,125.482,2.660,-35.660
1.432,-1.687,-8.649,0.228,0.101,0.324,    ,-1279.994,668.049,-137.458,125.482,2.659,-35.661
1.422,-2.344,-7.963,0.413,0.285,0.273,    ,-1280.435,667.332,-136.180,125.482,2.658,-35.661
0.471,-1.697,-7.237,0.318,0.186,0.268,    ,-1280.997,666.367,-133.927,125.482,2.658,-35.661
0.873,-2.569,-8.140,0.538,0.313,0.279,    ,-1281.202,665.904,-131.751,125.482,2.658,-35.661
1.236,-2.530,-8.669,0.591,0.276,0.280,    ,-1281.023,665.969,-129.493,125.482,2.657,-35.661
2.256,-3.834,-7.237,0.729,0.411,0.335,    ,-1280.783,666.214,-128.412,125.483,2.657,-35.661
2.059,-2.432,-7.767,0.642,0.467,0.265,    ,-1279.989,667.148,-126.284,125.483,2.657,-35.660
2.383,-3.785,-8.002,0.971,0.510,0.265,    ,-1278.820,668.614,-124.299,125.483,2.657,-35.659
0.785,-1.569,-8.032,0.566,0.252,0.247,    ,-1278.124,669.507,-123.376,125.483,2.657,-35.659
1.559,-1.451,-8.463,0.590,0.333,0.262,    ,-1276.433,671.697,-121.367,125.484,2.657,-35.658
2.422,-2.305,-8.189,0.879,0.440,0.315,    ,-1274.426,674.300,-119.015,125.484,2.657,-35.657
0.324,-2.432,-8.218,0.742,0.214,0.285,    ,-1273.339,675.709,-117.741,125.484,2.657,-35.656
2.560,-4.197,-9.895,1.185,0.392,0.385,    ,-1270.973,678.777,-114.969,125.485,2.657,-35.654
0.912,-4.031,-8.365,0.932,0.303,0.329,    ,-1268.351,682.178,-111.896,125.486,2.657,-35.653
1.363,-3.334,-8.630,1.039,0.379,0.311,    ,-1267.025,683.896,-110.342,125.486,2.657,-35.652
0.196,-0.804,-8.502,0.813,0.284,0.264,    ,-1264.070,687.727,-106.880,125.487,2.657,-35.650
3.266,-3.648,-9.758,1.339,0.677,0.339,    ,-1260.886,691.856,-103.148,125.487,2.657,-35.648
1.510,-3.913,-8.914,1.317,0.525,0.288,    ,-1259.372,693.819,-101.375,125.488,2.657,-35.647
1.108,-3.109,-9.248,1.389,0.279,0.279,    ,-1256.577,697.444,-98.099,125.488,2.657,-35.646
2.560,-4.570,-9.257,1.519,0.403,0.367,    ,-1253.960,700.836,-95.033,125.489,2.657,-35.644
0.618,-1.775,-9.365,1.206,0.322,0.262,    ,-1252.734,702.426,-93.596,125.489,2.657,-35.643
1.383,-2.461,-9.591,1.273,0.379,0.288,    ,-1250.575,705.226,-91.066,125.490,2.657,-35.642
-0.392,-1.726,-8.983,1.201,0.279,0.194,    ,-1248.609,707.774,-88.762,125.490,2.657,-35.641
0.343,-2.265,-7.375,1.482,0.333,0.163,    ,-1247.689,708.968,-87.674,125.490,2.657,-35.640
2.079,-5.551,-9.483,1.669,0.377,0.320,    ,-1245.977,711.183,-85.613,125.491,2.657,-35.639
0.765,-4.668,-8.571,1.357,0.380,0.300,    ,-1244.367,713.264,-83.620,125.491,2.657,-35.638
2.569,-4.119,-9.287,1.756,0.672,0.314,    ,-1243.578,714.281,-82.621,125.491,2.657,-35.638
2.628,-3.334,-9.307,1.744,0.641,0.279,    ,-1242.142,716.131,-80.755,125.491,2.657,-35.638
2.108,-3.648,-8.649,1.571,0.534,0.278,    ,-1240.822,717.826,-78.981,125.492,2.657,-35.637
0.353,-4.452,-8.277,1.704,0.447,0.250,    ,-1239.580,719.417,-77.246,125.492,2.657,-35.637
0.794,-5.423,-8.453,1.848,0.506,0.249,    ,-1239.005,720.152,-76.415,125.492,2.657,-35.637
2.501,-3.972,-7.934,1.845,0.634,0.275,    ,-1237.906,721.553,-74.783,125.492,2.657,-35.637
0.785,-2.305,-7.041,1.525,0.283,0.237,    ,-1236.723,723.060,-73.005,125.492,2.656,-35.637
2.256,-4.364,-7.649,1.721,0.628,0.276,    ,-1236.029,723.944,-71.962,125.492,2.656,-35.637
3.334,-4.648,-8.512,2.018,0.728,0.322,    ,-1234.583,725.786,-69.790,125.492,2.656,-35.637
2.403,-4.099,-8.620,2.139,0.757,0.264,    ,-1233.035,727.757,-67.463,125.491,2.656,-35.637
0.235,-4.217,-8.110,1.971,0.614,0.211,    ,-1231.324,729.937,-64.892,125.491,2.655,-35.638
1.491,-3.275,-7.267,1.883,0.574,0.285,    ,-1230.458,731.040,-63.590,125.491,2.655,-35.638
1.187,-7.424,-8.404,2.211,0.542,0.263,    ,-1228.854,733.084,-61.180,125.491,2.655,-35.638
0.088,-4.384,-7.424,1.977,0.544,0.217,    ,-1227.433,734.893,-59.045,125.491,2.655,-35.638
2.246,-4.168,-8.748,2.343,0.650,0.306,    ,-1226.724,735.796,-57.979,125.491,2.655,-35.638
2.834,-6.041,-8.120,2.618,0.679,0.373,    ,-1225.439,737.433,-56.049,125.491,2.654,-35.638
2.275,-1.814,-7.355,2.132,0.629,0.309,    ,-1224.382,738.779,-54.461,125.491,2.654,-35.638
1.804,-7.198,-7.924,2.551,0.935,0.308,    ,-1223.296,740.166,-52.876,125.491,2.654,-35.638
0.579,-3.736,-7.963,2.097,0.450,0.247,    ,-1222.741,740.880,-52.122,125.491,2.654,-35.638
3.648,-7.247,-7.836,2.264,0.604,0.419,    ,-1221.691,742.238,-50.797,125.491,2.654,-35.638
-1.422,-1.167,-7.610,1.868,0.748,0.077,    ,-1220.448,743.856,-49.372,125.491,2.654,-35.638
3.864,-6.061,-7.757,2.562,0.996,0.324,    ,-1219.798,744.707,-48.678,125.491,2.654,-35.638
0.451,-6.708,-8.100,2.401,1.092,0.134,    ,-1218.436,746.498,-47.329,125.491,2.653,-35.638
0.736,-5.207,-7.453,2.402,0.955,0.185,    ,-1217.058,748.320,-46.086,125.491,2.653,-35.638
4.472,-5.492,-8.277,2.333,1.022,0.387,    ,-1216.309,749.314,-45.454,125.491,2.653,-35.638
1.236,-3.197,-8.571,1.956,0.443,0.314,    ,-1214.736,751.407,-44.206,125.491,2.653,-35.639
2.128,-2.520,-9.120,1.803,0.271,0.332,    ,-1212.962,753.771,-42.825,125.491,2.653,-35.639
3.020,-4.060,-8.649,2.108,0.948,0.248,    ,-1212.101,754.919,-42.155,125.491,2.653,-35.639
2.883,-6.011,-9.277,1.754,0.867,0.307,    ,-1210.051,757.650,-40.559,125.491,2.653,-35.639
0.069,-1.961,-8.061,1.453,0.561,0.211,    ,-1207.884,760.536,-38.872,125.491,2.653,-35.639
-0.098,0.275,-7.698,1.516,0.593,0.178,    ,-1206.597,762.252,-37.871,125.491,2.652,-35.639
1.108,-4.844,-8.826,1.600,0.479,0.373,    ,-1203.931,765.802,-35.796,125.491,2.652,-35.639
0.088,-2.589,-8.797,1.281,0.351,0.268,    ,-1201.303,769.304,-33.750,125.491,2.652,-35.639
1.706,-2.403,-9.395,1.937,0.796,0.214,    ,-1200.040,770.986,-32.767,125.491,2.652,-35.639
0.078,-2.952,-8.983,1.241,0.474,0.234,    ,-1197.793,773.980,-31.019,125.491,2.652,-35.639
0.010,-1.785,-9.228,1.552,0.660,0.159,    ,-1195.830,776.594,-29.491,125.491,2.652,-35.639
-0.069,-3.668,-8.993,1.340,0.609,0.211,    ,-1193.985,779.053,-28.054,125.491,2.651,-35.639
-0.314,0.873,-8.777,1.166,0.582,0.177,    ,-1193.153,780.161,-27.403,125.491,2.651,-35.639
3.354,-3.844,-8.875,1.767,0.578,0.355,    ,-1190.857,783.194,-25.291,125.491,2.651,-35.639
0.245,-1.716,-8.404,1.441,0.066,0.329,    ,-1186.204,789.286,-20.337,125.491,2.651,-35.639
3.020,-4.511,-9.159,1.546,0.113,0.455,    ,-1182.739,793.812,-16.499,125.491,2.650,-35.638
1.157,-4.178,-9.199,1.804,0.348,0.300,    ,-1174.204,804.943,-6.863,125.491,2.650,-35.638
0.157,-1.206,-9.169,1.304,0.084,0.228,    ,-1163.327,819.116,5.591,125.491,2.649,-35.637
0.373,-1.549,-9.581,0.982,0.293,0.281,    ,-1158.153,825.854,11.542,125.490,2.648,-35.637
1.000,-1.412,-9.718,1.543,0.150,0.365,    ,-1150.131,836.302,20.798,125.490,2.647,-35.636
0.206,2.040,-10.444,1.092,0.030,0.312,    ,-1145.461,842.381,26.224,125.490,2.647,-35.636
-0.363,-1.755,-10.748,0.957,0.058,0.210,    ,-1144.148,844.088,27.757,125.490,2.647,-35.636
-1.902,2.667,-9.895,0.418,-0.410,0.174,    ,-1143.348,845.130,28.691,125.490,2.647,-35.636
4.178,-6.266,-10.219,1.254,0.373,0.469,    ,-1144.394,843.821,26.835,125.490,2.647,-35.636
2.187,-0.530,-11.327,0.914,0.337,0.302,    ,-1148.581,838.582,19.422,125.490,2.648,-35.637
1.814,-1.118,-12.906,0.851,0.264,0.326,    ,-1168.079,814.186,-15.092,125.488,2.652,-35.639
-1.716,-0.892,-8.983,0.110,-0.229,0.209,    ,-1193.768,782.043,-60.563,125.486,2.657,-35.643
-0.883,-1.079,-9.473,-0.021,-0.117,0.287,    ,-1205.325,767.583,-81.019,125.485,2.659,-35.644
1.108,-0.235,-9.297,-0.152,0.065,0.292,    ,-1226.211,741.451,-117.989,125.483,2.663,-35.647
2.040,0.873,-10.101,-0.295,0.084,0.358,    ,-1243.219,720.164,-148.028,125.482,2.666,-35.650
0.265,-0.020,-9.542,-0.137,0.138,0.338,    ,-1249.747,711.980,-159.384,125.481,2.668,-35.650
0.588,-0.608,-9.042,-0.142,0.207,0.282,    ,-1258.130,701.423,-173.368,125.480,2.669,-35.652
0.559,-0.951,-10.474,-0.169,0.030,0.297,    ,-1262.359,696.008,-179.323,125.480,2.670,-35.652
1.402,-0.186,-9.356,-0.214,0.169,0.345,    ,-1263.351,694.686,-180.082,125.480,2.670,-35.653
0.853,-0.314,-10.120,-0.204,0.142,0.335,    ,-1264.266,693.341,-179.225,125.480,2.669,-35.653
1.089,0.127,-10.199,-0.231,0.103,0.353,    ,-1264.927,692.278,-177.472,125.480,2.669,-35.653
1.265,-0.745,-10.719,-0.062,0.104,0.442,    ,-1265.768,690.925,-175.238,125.480,2.668,-35.654
0.951,-0.029,-9.865,-0.250,0.068,0.390,    ,-1266.202,690.229,-174.088,125.480,2.668,-35.654
0.647,-0.108,-9.042,-0.177,0.074,0.248,    ,-1267.255,688.536,-171.293,125.480,2.667,-35.654
0.520,-0.216,-9.856,-0.184,0.134,0.298,    ,-1268.326,686.813,-168.448,125.480,2.667,-35.655
0.971,0.500,-9.532,-0.178,0.123,0.360,    ,-1268.972,685.774,-166.732,125.481,2.666,-35.655
0.892,-0.441,-9.797,-0.171,0.088,0.174,    ,-1270.373,683.521,-163.013,125.481,2.665,-35.656
-0.314,0.157,-10.630,-0.115,0.079,0.094,    ,-1271.943,680.998,-158.847,125.481,2.664,-35.657
0.216,0.481,-10.630,-0.183,0.066,0.162,    ,-1273.580,678.365,-154.500,125.481,2.663,-35.657
-0.010,-0.069,-10.464,-0.105,0.046,0.190,    ,-1274.324,677.168,-152.523,125.481,2.663,-35.658
0.990,0.127,-10.326,-0.079,0.144,0.298,    ,-1275.869,674.684,-148.423,125.481,2.662,-35.659
1.020,-0.010,-9.856,-0.117,0.092,0.106,    ,-1277.245,672.471,-144.769,125.481,2.661,-35.659
0.510,0.020,-9.856,0.062,0.204,0.283,    ,-1277.879,671.452,-143.087,125.482,2.660,-35.659
1.569,-0.951,-9.865,0.130,-0.023,0.436,    ,-1279.038,669.588,-140.010,125.482,2.659,-35.660
1.952,-1.971,-9.179,0.259,0.205,0.410,    ,-1280.047,667.964,-137.313,125.482,2.659,-35.661
0.657,-1.216,-9.228,0.307,0.199,0.252,    ,-1280.435,667.332,-136.180,125.482,2.658,-35.661
1.706,-2.834,-9.454,0.518,0.282,0.325,    ,-1281.019,666.325,-133.793,125.482,2.658,-35.661
1.589,-1.491,-9.140,0.318,0.254,0.315,    ,-1281.202,665.904,-131.751,125.482,2.658,-35.661
1.765,-3.138,-8.983,0.715,0.388,0.278,    ,-1281.045,665.950,-129.618,125.482,2.657,-35.661
1.824,-1.746,-8.326,0.433,0.309,0.242,    ,-1280.808,666.188,-128.504,125.483,2.657,-35.661
2.138,-3.530,-8.767,0.804,0.508,0.328,    ,-1280.044,667.080,-126.402,125.483,2.657,-35.660
2.128,-2.834,-8.875,0.701,0.461,0.257,    ,-1278.956,668.440,-124.497,125.483,2.657,-35.659
1.000,-3.001,-9.101,0.775,0.439,0.272,    ,-1278.191,669.421,-123.460,125.483,2.657,-35.659
0.500,-2.756,-9.473,0.705,0.321,0.250,    ,-1276.512,671.594,-121.459,125.484,2.657,-35.658
2.854,-3.903,-9.150,0.938,0.457,0.312,    ,-1274.546,674.144,-119.155,125.484,2.657,-35.657
0.922,-2.579,-9.316,0.686,0.297,0.279,    ,-1273.467,675.544,-117.890,125.484,2.657,-35.656
1.451,-2.873,-8.708,0.929,0.504,0.279,    ,-1271.115,678.593,-115.135,125.485,2.657,-35.655
0.755,-2.461,-9.189,0.792,0.396,0.306,    ,-1268.624,681.822,-112.216,125.486,2.657,-35.653
1.344,-2.030,-9.120,0.897,0.460,0.266,    ,-1265.771,685.522,-108.873,125.486,2.657,-35.651
3.177,-4.001,-10.199,1.316,0.586,0.342,    ,-1264.248,687.497,-107.088,125.487,2.657,-35.650
1.716,-3.226,-10.689,1.251,0.425,0.300,    ,-1261.063,691.627,-103.356,125.487,2.657,-35.648
2.785,-4.746,-9.964,1.370,0.443,0.381,    ,-1258.085,695.488,-99.867,125.488,2.657,-35.647
0.471,-1.981,-9.973,1.067,0.339,0.250,    ,-1256.654,697.343,-98.190,125.488,2.657,-35.646
0.402,-2.893,-9.650,1.456,0.279,0.226,    ,-1254.030,700.746,-95.115,125.489,2.657,-35.644
1.746,-5.227,-10.552,1.645,0.517,0.336,    ,-1251.765,703.683,-92.460,125.490,2.657,-35.643
0.353,-3.883,-9.169,1.400,0.194,0.309,    ,-1250.663,705.111,-91.170,125.490,2.657,-35.642
0.696,-4.629,-10.944,1.424,0.326,0.300,    ,-1248.714,707.639,-88.885,125.490,2.657,-35.641
0.843,-2.403,-9.777,1.264,0.367,0.319,    ,-1246.918,709.966,-86.753,125.491,2.657,-35.640
2.560,-3.236,-10.336,1.632,0.563,0.324,    ,-1246.073,711.060,-85.729,125.491,2.657,-35.639
-0.216,-3.893,-9.611,1.419,0.292,0.266,    ,-1244.456,713.148,-83.732,125.491,2.657,-35.638
2.667,-5.354,-9.826,1.779,0.442,0.346,    ,-1242.921,715.128,-81.775,125.491,2.657,-35.638
1.589,-5.953,-9.777,1.619,0.431,0.303,    ,-1242.222,716.028,-80.862,125.491,2.657,-35.638
1.912,-3.383,-9.346,1.558,0.491,0.292,    ,-1240.822,717.826,-78.981,125.492,2.657,-35.637
2.628,-4.403,-10.022,1.888,0.607,0.344,    ,-1239.580,719.417,-77.246,125.492,2.657,-35.637
0.324,-3.628,-9.640,1.734,0.322,0.281,    ,-1238.989,720.174,-76.390,125.492,2.657,-35.637
2.491,-6.365,-9.591,1.940,0.434,0.379,    ,-1237.823,721.659,-74.657,125.492,2.657,-35.637
2.138,-6.217,-9.316,1.950,0.462,0.370,    ,-1236.572,723.253,-72.779,125.492,2.656,-35.637
2.305,-2.589,-8.630,1.709,0.485,0.324,    ,-1235.889,724.122,-71.752,125.492,2.656,-35.637
1.481,-6.649,-9.689,2.116,0.696,0.279,    ,-1234.406,726.012,-69.523,125.492,2.656,-35.637
-0.010,-3.717,-8.777,1.808,0.188,0.252,    ,-1232.743,728.130,-67.024,125.491,2.656,-35.637
0.755,-4.629,-9.091,2.028,0.485,0.244,    ,-1231.864,729.249,-65.704,125.491,2.656,-35.638
-0.275,-2.638,-8.757,1.870,0.414,0.218,    ,-1230.062,731.545,-62.995,125.491,2.655,-35.638
2.334,-4.903,-8.679,2.114,0.759,0.293,    ,-1228.447,733.602,-60.569,125.491,2.655,-35.638
2.383,-5.972,-9.316,2.475,0.810,0.292,    ,-1227.686,734.571,-59.424,125.491,2.655,-35.638
1.236,-3.168,-8.669,2.274,0.384,0.298,    ,-1226.260,736.388,-57.282,125.491,2.655,-35.638
2.746,-4.011,-9.375,2.468,0.642,0.325,    ,-1225.011,737.978,-55.405,125.491,2.654,-35.638
3.403,-7.198,-9.473,2.701,0.813,0.380,    ,-1224.445,738.700,-54.554,125.491,2.654,-35.638
2.118,-1.451,-7.679,1.942,0.555,0.288,    ,-1223.359,740.086,-52.963,125.491,2.654,-35.638
3.040,-3.981,-7.983,2.342,0.992,0.225,    ,-1222.232,741.537,-51.465,125.491,2.654,-35.638
0.088,-4.227,-9.189,2.307,0.323,0.290,    ,-1221.639,742.305,-50.735,125.491,2.654,-35.638
4.021,-4.070,-9.434,2.432,0.570,0.426,    ,-1220.375,743.952,-49.292,125.491,2.654,-35.638
2.501,-6.463,-9.473,2.544,1.140,0.271,    ,-1219.049,745.691,-47.921,125.491,2.654,-35.638
0.696,-0.775,-7.630,1.765,0.571,0.250,    ,-1218.336,746.631,-47.235,125.491,2.653,-35.638
3.109,-5.590,-9.669,2.535,1.065,0.283,    ,-1216.910,748.517,-45.958,125.491,2.653,-35.638
-0.559,-2.511,-8.914,1.792,0.500,0.208,    ,-1215.360,750.576,-44.693,125.491,2.653,-35.639
3.344,-3.266,-8.051,1.854,0.856,0.308,    ,-1214.570,751.629,-44.076,125.491,2.653,-35.639
4.089,-5.923,-10.307,2.105,0.801,0.392,    ,-1212.744,754.061,-42.655,125.491,2.653,-35.639
0.432,-3.942,-8.375,1.684,0.625,0.230,    ,-1210.708,756.775,-41.070,125.491,2.653,-35.639
2.864,-2.128,-9.503,1.892,0.816,0.375,    ,-1209.601,758.249,-40.209,125.491,2.653,-35.639
1.245,-4.040,-10.405,1.890,0.447,0.355,    ,-1207.177,761.479,-38.322,125.491,2.653,-35.639
-0.451,-2.236,-9.640,1.573,0.526,0.167,    ,-1204.514,765.026,-36.249,125.491,2.652,-35.639
2.991,-4.413,-9.434,1.764,0.535,0.384,    ,-1203.198,766.780,-35.225,125.491,2.652,-35.639
-0.029,0.539,-10.042,1.335,0.371,0.279,    ,-1200.628,770.202,-33.225,125.491,2.652,-35.639
2.001,-3.570,-11.297,1.823,0.845,0.232,    ,-1198.262,773.355,-31.384,125.491,2.652,-35.639
0.628,-0.951,-10.415,1.251,0.217,0.360,    ,-1197.185,774.790,-30.545,125.491,2.652,-35.639
4.178,-3.521,-10.905,1.938,0.553,0.448,    ,-1195.206,777.426,-29.005,125.491,2.652,-35.639
-0.647,-0.275,-11.180,0.888,0.434,0.263,    ,-1193.438,779.782,-27.628,125.491,2.651,-35.639
-0.569,1.216,-9.964,1.149,0.330,0.269,    ,-1192.587,780.913,-26.931,125.491,2.651,-35.639
2.030,-3.923,-9.630,1.529,0.491,0.354,    ,-1190.092,784.199,-24.508,125.491,2.651,-35.639
2.854,-3.148,-10.219,1.764,0.509,0.431,    ,-1185.037,790.812,-19.052,125.491,2.651,-35.639
1.785,-3.295,-9.777,1.779,0.365,0.157,    ,-1177.249,800.973,-10.322,125.491,2.650,-35.638
-1.932,-2.334,-11.444,1.784,0.136,0.243,    ,-1172.278,807.453,-4.667,125.491,2.649,-35.638
1.167,-2.560,-10.729,1.166,0.358,0.348,    ,-1161.182,821.909,8.055,125.491,2.648,-35.637
-0.245,-0.098,-10.062,0.996,0.119,0.222,    ,-1152.199,833.609,18.407,125.490,2.647,-35.636
0.500,-2.658,-11.817,1.378,0.154,0.264,    ,-1148.913,837.887,22.208,125.490,2.647,-35.636
-1.393,0.392,-11.748,1.001,-0.075,0.173,    ,-1144.729,843.332,27.078,125.490,2.647,-35.636
0.814,-3.069,-11.219,1.314,0.160,0.286,    ,-1143.401,845.060,28.629,125.490,2.647,-35.636
0.598,-2.265,-11.278,1.176,0.356,0.289,    ,-1143.339,845.142,28.702,125.490,2.647,-35.636
-1.687,1.128,-11.307,0.227,0.017,0.079,    ,-1146.876,840.715,22.441,125.490,2.647,-35.636
1.138,0.392,-14.700,1.183,0.114,0.387,    ,-1153.683,832.198,10.391,125.489,2.649,-35.637
0.108,1.834,-11.768,0.176,0.292,0.182,    ,-1177.381,802.547,-31.556,125.487,2.653,-35.641
-2.030,-1.098,-11.788,0.114,-0.308,0.207,    ,-1202.124,771.588,-75.354,125.485,2.658,-35.644
0.265,0.333,-12.337,-0.194,0.201,0.303,    ,-1213.057,757.909,-94.706,125.484,2.660,-35.645
-0.755,-0.873,-11.562,-0.112,-0.051,0.270,    ,-1232.890,733.094,-129.811,125.482,2.664,-35.648
1.255,-1.049,-11.160,-0.053,0.156,0.300,    ,-1247.915,714.278,-156.221,125.481,2.667,-35.650
1.902,-0.235,-10.336,-0.095,0.124,0.360,    ,-1253.377,707.419,-165.572,125.481,2.668,-35.651
0.873,-0.108,-11.170,-0.154,0.159,0.292,    ,-1260.102,698.916,-176.375,125.480,2.669,-35.652
0.471,0.686,-10.768,-0.253,0.095,0.269,    ,-1263.121,694.998,-179.976,125.480,2.670,-35.653
0.932,-0.010,-10.493,-0.245,0.093,0.324,    ,-1263.785,694.078,-180.039,125.480,2.670,-35.653
0.853,0.049,-10.611,-0.263,0.110,0.325,    ,-1264.463,693.025,-178.704,125.480,2.669,-35.653
0.539,0.137,-10.493,-0.198,0.100,0.266,    ,-1265.223,691.803,-176.687,125.480,2.669,-35.653
0.569,-0.088,-10.856,-0.140,0.092,0.369,    ,-1265.652,691.112,-175.546,125.480,2.668,-35.654
0.775,0.049,-10.415,-0.183,0.085,0.354,    ,-1266.620,689.556,-172.976,125.480,2.668,-35.654
0.118,-0.039,-9.463,-0.201,0.016,0.234,    ,-1267.682,687.847,-170.156,125.480,2.667,-35.655
0.736,0.461,-10.219,-0.255,0.116,0.268,    ,-1268.935,685.835,-166.833,125.481,2.666,-35.655
0.333,-0.206,-11.395,-0.141,0.018,0.440,    ,-1269.555,684.837,-165.185,125.481,2.666,-35.655
0.755,-0.657,-11.297,-0.068,0.048,0.502,    ,-1270.931,682.625,-161.533,125.481,2.665,-35.656
0.912,0.088,-11.258,-0.174,0.176,0.418,    ,-1272.435,680.206,-157.539,125.481,2.664,-35.657
1.383,-0.284,-11.915,-0.178,0.038,0.358,    ,-1273.270,678.862,-155.321,125.481,2.663,-35.657
0.510,-0.147,-11.856,-0.119,0.024,0.471,    ,-1274.907,676.230,-150.976,125.481,2.662,-35.658
0.775,0.530,-11.346,-0.104,0.094,0.132,    ,-1276.357,673.899,-147.127,125.481,2.661,-35.659
0.608,-0.216,-10.415,-0.022,0.169,0.193,    ,-1277.630,671.852,-143.748,125.482,2.660,-35.659
0.726,-0.275,-10.297,-0.036,0.180,0.420,    ,-1278.259,670.841,-142.078,125.482,2.660,-35.660
1.059,-1.481,-10.179,0.225,0.188,0.329,    ,-1279.372,669.051,-139.123,125.482,2.659,-35.660
0.353,-1.128,-10.209,0.192,0.127,0.340,    ,-1280.321,667.519,-136.529,125.482,2.659,-35.661
1.775,-1.775,-9.562,0.330,0.348,0.278,    ,-1280.652,666.970,-135.454,125.482,2.658,-35.661
0.785,-1.922,-10.601,0.462,0.317,0.287,    ,-1281.120,666.124,-133.061,125.482,2.658,-35.661
2.246,-2.638,-10.287,0.521,0.381,0.318,    ,-1281.184,665.860,-130.914,125.482,2.657,-35.661
0.755,-1.530,-9.365,0.381,0.297,0.256,    ,-1280.892,666.099,-128.842,125.482,2.657,-35.661
1.971,-2.324,-9.552,0.573,0.485,0.290,    ,-1280.592,666.430,-127.774,125.483,2.657,-35.661
1.795,-2.550,-9.709,0.613,0.488,0.273,    ,-1279.721,667.478,-125.758,125.483,2.657,-35.660
2.511,-3.109,-10.503,0.927,0.526,0.299,    ,-1278.451,669.086,-123.795,125.483,2.657,-35.659
1.687,-1.648,-10.032,0.639,0.306,0.303,    ,-1277.687,670.071,-122.842,125.483,2.657,-35.659
1.922,-3.020,-10.228,0.925,0.499,0.313,    ,-1275.949,672.325,-120.800,125.484,2.657,-35.658
0.490,-2.913,-10.993,0.895,0.360,0.275,    ,-1273.906,674.974,-118.405,125.484,2.657,-35.656
0.216,-2.177,-11.542,0.853,0.281,0.286,    ,-1272.755,676.466,-117.057,125.485,2.657,-35.656
1.373,-4.148,-10.944,0.985,0.279,0.354,    ,-1270.323,679.619,-114.207,125.485,2.657,-35.654
-0.147,-0.647,-10.120,0.756,0.320,0.243,    ,-1267.635,683.105,-111.057,125.486,2.657,-35.652
1.147,-3.766,-11.817,1.120,0.571,0.294,    ,-1266.110,685.082,-109.270,125.486,2.657,-35.651
1.049,-4.031,-11.807,1.381,0.564,0.256,    ,-1263.128,688.948,-105.776,125.487,2.657,-35.650
2.373,-3.923,-11.327,1.421,0.583,0.271,    ,-1260.100,692.876,-102.227,125.488,2.657,-35.648
0.588,-2.795,-11.641,1.259,0.349,0.315,    ,-1257.203,696.632,-98.833,125.488,2.657,-35.646
-0.010,-3.383,-10.405,1.251,0.246,0.278,    ,-1255.851,698.385,-97.248,125.489,2.657,-35.645
2.246,-3.913,-10.827,1.702,0.440,0.377,    ,-1253.339,701.643,-94.305,125.489,2.657,-35.644
1.216,-1.961,-10.817,1.219,0.369,0.284,    ,-1251.083,704.566,-91.662,125.490,2.657,-35.642
2.667,-4.766,-11.356,1.599,0.615,0.330,    ,-1250.024,705.941,-90.420,125.490,2.657,-35.642
0.441,-2.785,-11.425,1.494,0.273,0.320,    ,-1248.145,708.376,-88.215,125.490,2.657,-35.640
0.000,-3.432,-10.719,1.327,0.219,0.293,    ,-1246.408,710.626,-86.137,125.491,2.657,-35.639
2.746,-5.335,-12.337,1.825,0.409,0.405,    ,-1245.577,711.701,-85.123,125.491,2.657,-35.639
-0.069,-2.334,-10.572,1.291,0.359,0.257,    ,-1243.991,713.749,-83.146,125.491,2.657,-35.638
2.295,-3.491,-11.111,1.778,0.412,0.364,    ,-1242.568,715.583,-81.316,125.491,2.657,-35.638
0.059,-4.619,-10.699,1.395,0.316,0.297,    ,-1241.862,716.491,-80.385,125.491,2.657,-35.637
1.500,-2.795,-10.719,1.364,0.452,0.341,    ,-1240.525,718.207,-78.573,125.492,2.657,-35.637
2.658,-4.354,-10.640,1.815,0.648,0.327,    ,-1239.273,719.810,-76.804,125.492,2.657,-35.637
0.167,-4.482,-10.807,1.713,0.462,0.273,    ,-1238.693,720.551,-75.956,125.492,2.657,-35.637
1.785,-5.237,-9.973,2.124,0.410,0.323,    ,-1237.533,722.028,-74.222,125.492,2.656,-35.637
2.403,-6.002,-11.023,1.968,0.448,0.353,    ,-1236.245,723.669,-72.287,125.492,2.656,-35.637
1.952,-3.099,-9.620,1.684,0.524,0.349,    ,-1235.522,724.590,-71.201,125.492,2.656,-35.637
2.893,-6.472,-10.022,2.091,0.711,0.356,    ,-1233.999,726.529,-68.912,125.492,2.656,-35.637
2.442,-5.757,-10.827,2.213,0.705,0.363,    ,-1232.321,728.667,-66.390,125.491,2.656,-35.638
3.138,-6.325,-10.748,2.493,0.559,0.388,    ,-1231.401,729.838,-65.008,125.491,2.655,-35.638
2.746,-7.257,-10.238,2.386,0.648,0.366,    ,-1229.650,732.069,-62.376,125.491,2.655,-35.638
0.549,-6.365,-10.081,1.903,0.412,0.329,    ,-1228.050,734.107,-59.973,125.491,2.655,-35.638
3.050,-4.315,-9.954,2.395,0.924,0.309,    ,-1227.309,735.051,-58.858,125.491,2.655,-35.638
0.127,-5.099,-9.483,2.284,0.759,0.209,    ,-1225.943,736.792,-56.805,125.491,2.655,-35.638
0.157,-3.373,-11.258,2.235,0.500,0.278,    ,-1224.715,738.355,-54.960,125.491,2.654,-35.638
1.040,-7.796,-11.337,2.684,0.903,0.300,    ,-1224.151,739.073,-54.115,125.491,2.654,-35.638
3.128,-7.747,-11.052,2.361,0.676,0.406,    ,-1223.092,740.428,-52.595,125.491,2.654,-35.638
1.010,-0.530,-9.248,1.815,0.537,0.302,    ,-1221.930,741.928,-51.088,125.491,2.654,-35.638
4.531,-6.002,-11.444,2.510,0.964,0.464,    ,-1221.327,742.711,-50.364,125.491,2.654,-35.638
-1.510,-3.197,-10.787,1.945,0.464,0.195,    ,-1220.042,744.388,-48.934,125.491,2.654,-35.638
3.746,-4.099,-11.405,2.338,0.549,0.405,    ,-1218.715,746.131,-47.595,125.491,2.653,-35.638
-1.108,-3.060,-9.463,1.691,0.680,0.224,    ,-1217.992,747.085,-46.916,125.491,2.653,-35.638
2.471,-2.099,-10.317,1.919,0.869,0.253,    ,-1216.525,749.027,-45.633,125.491,2.653,-35.638
1.902,-0.422,-9.483,1.820,0.621,0.279,    ,-1214.948,751.126,-44.371,125.491,2.653,-35.639
2.618,-4.766,-11.699,1.935,0.666,0.409,    ,-1214.130,752.216,-43.734,125.491,2.653,-35.639
2.511,-3.785,-11.542,1.547,0.348,0.456,    ,-1212.271,754.692,-42.287,125.491,2.653,-35.639
-0.167,-1.981,-9.208,1.993,0.684,0.218,    ,-1210.146,757.523,-40.633,125.491,2.653,-35.639
1.255,-2.903,-11.052,1.706,0.534,0.296,    ,-1209.010,759.037,-39.749,125.491,2.653,-35.639
2.765,-2.246,-10.974,1.783,0.760,0.379,    ,-1206.560,762.300,-37.842,125.491,2.652,-35.639
2.540,-4.678,-11.366,2.074,0.889,0.267,    ,-1203.854,765.905,-35.736,125.491,2.652,-35.639
0.226,-2.197,-11.101,1.433,0.394,0.287,    ,-1202.515,767.689,-34.694,125.491,2.652,-35.639
2.520,-6.119,-11.807,1.607,0.450,0.471,    ,-1200.006,771.032,-32.741,125.491,2.652,-35.639
-0.490,-1.667,-11.660,1.305,0.517,0.224,    ,-1197.732,774.061,-30.971,125.491,2.652,-35.639
0.559,-2.981,-10.993,1.356,0.716,0.304,    ,-1196.653,775.498,-30.131,125.491,2.652,-35.639
-1.030,-0.510,-12.621,1.406,0.257,0.258,    ,-1194.735,778.054,-28.638,125.491,2.652,-35.639
1.265,-1.893,-13.318,1.879,0.623,0.255,    ,-1193.031,780.323,-27.304,125.491,2.651,-35.639
3.579,-5.747,-11.670,1.523,0.312,0.546,    ,-1192.041,781.635,-26.441,125.491,2.651,-35.639
0.461,0.177,-11.729,1.036,0.303,0.376,    ,-1188.536,786.237,-22.865,125.491,2.651,-35.639
0.333,-0.765,-9.473,1.367,0.533,0.403,    ,-1182.308,794.374,-16.019,125.491,2.650,-35.638
-0.843,-0.951,-11.346,1.161,0.274,0.156,    ,-1178.417,799.450,-11.643,125.491,2.650,-35.638
0.902,-2.089,-12.729,1.167,0.496,0.353,    ,-1168.388,812.523,-0.218,125.491,2.649,-35.638
-0.255,-4.138,-13.670,1.315,0.098,0.280,    ,-1157.608,826.565,12.170,125.490,2.648,-35.637
0.157,-1.040,-13.102,1.286,0.103,0.442,    ,-1153.174,832.339,17.281,125.490,2.648,-35.637
0.206,-2.128,-12.229,0.666,0.041,0.448,    ,-1146.994,840.385,24.437,125.490,2.647,-35.636
-0.755,-1.697,-11.435,0.542,0.090,0.268,    ,-1143.974,844.314,27.960,125.490,2.647,-35.636
0.745,-2.412,-12.847,0.879,0.179,0.300,    ,-1143.456,844.989,28.565,125.490,2.647,-35.636
0.167,-2.010,-12.131,1.040,0.316,0.272,    ,-1143.339,845.142,28.702,125.490,2.647,-35.636
-0.765,1.098,-12.131,0.766,-0.121,0.258,    ,-1143.339,845.142,28.702,125.490,2.647,-35.636
-2.256,5.178,-12.964,0.155,-0.358,0.223,    ,-1143.339,845.142,28.702,125.490,2.647,-35.636
1.667,-2.167,-14.347,1.229,0.232,0.288,    ,-1143.339,845.142,28.702,125.490,2.647,-35.636
-3.119,4.756,-12.043,-0.049,-0.228,0.179,    ,-1143.339,845.142,28.702,125.490,2.647,-35.636
5.227,-2.638,-15.759,1.558,0.517,0.413,    ,-1143.339,845.142,28.702,125.490,2.647,-35.636
2.756,-4.697,-13.729,1.255,0.202,0.426,    ,-1143.339,845.142,28.702,125.490,2.647,-35.636
-3.727,2.775,-11.954,-0.016,-0.222,0.204,    ,-1143.339,845.142,28.702,125.490,2.647,-35.636
3.579,-3.521,-13.788,1.304,0.591,0.331,    ,-1143.339,845.142,28.702,125.490,2.647,-35.636
-2.864,3.217,-13.072,0.385,-0.486,0.237,    ,-1143.339,845.142,28.702,125.490,2.647,-35.636
0.834,-2.658,-13.298,1.589,0.449,0.454,    ,-1143.339,845.142,28.702,125.490,2.647,-35.636
2.873,-5.423,-11.984,1.210,0.303,0.422,    ,-1143.339,845.142,28.702,125.490,2.647,-35.636
1.569,-3.736,-11.886,1.177,0.416,0.393,    ,-1143.339,845.142,28.702,125.490,2.647,-35.636
3.530,-6.208,-14.053,1.296,0.429,0.485,    ,-1143.339,845.142,28.702,125.490,2.647,-35.636
0.834,-0.481,-13.396,0.609,0.155,0.235,    ,-1143.339,845.142,28.702,125.490,2.647,-35.636
-0.177,-1.638,-13.631,0.721,0.104,0.345,    ,-1143.339,845.142,28.702,125.490,2.647,-35.636
3.236,-5.707,-14.151,1.479,0.465,0.382,    ,-1143.339,845.142,28.702,125.490,2.647,-35.636
-1.138,-0.451,-14.730,0.967,0.207,0.219,    ,-1143.339,845.142,28.702,125.490,2.647,-35.636
2.913,-5.021,-12.268,1.137,0.319,0.459,    ,-1143.339,845.142,28.702,125.490,2.647,-35.636
-0.588,1.344,-10.807,0.225,-0.044,0.291,    ,-1143.339,845.142,28.702,125.490,2.647,-35.636
-0.441,-1.618,-13.690,1.088,0.181,0.230,    ,-1143.339,845.142,28.702,125.490,2.647,-35.636
2.765,-6.188,-13.720,1.627,0.560,0.343,    ,-1143.339,845.142,28.702,125.490,2.647,-35.636
1.912,-3.530,-12.258,0.910,0.502,0.341,    ,-1143.339,845.142,28.702,125.490,2.647,-35.636
1.746,-2.442,-14.131,1.398,0.473,0.351,    ,-1143.339,845.142,28.702,125.490,2.647,-35.636
-0.157,-0.265,-11.886,0.477,0.035,0.236,    ,-1143.339,845.142,28.702,125.490,2.647,-35.636
0.490,-1.549,-13.749,0.901,0.271,0.324,    ,-1143.339,845.142,28.702,125.490,2.647,-35.636
0.990,-2.677,-13.474,0.852,0.194,0.307,    ,-1143.339,845.142,28.702,125.490,2.647,-35.636
-3.069,2.491,-10.572,0.502,-0.360,0.250,    ,-1143.339,845.142,28.702,125.490,2.647,-35.636
1.089,-1.275,-9.748,0.549,0.221,0.228,    ,-1143.260,845.244,28.794,125.490,2.647,-35.636
0.775,-1.795,-13.180,1.048,0.244,0.232,    ,-1141.586,847.424,30.751,125.490,2.647,-35.636
-2.560,2.373,-11.778,0.359,-0.398,0.216,    ,-1141.507,847.526,30.842,125.490,2.647,-35.636
3.599,-2.765,-13.141,1.148,0.305,0.352,    ,-1141.507,847.526,30.842,125.490,2.647,-35.636
0.363,-4.187,-9.522,0.731,0.099,0.289,    ,-1141.366,847.710,31.007,125.490,2.647,-35.636
0.971,-0.049,-12.258,0.631,0.155,0.228,    ,-1138.783,851.074,34.026,125.490,2.647,-35.636
0.314,-0.451,-11.150,0.436,0.132,0.271,    ,-1137.265,853.051,35.801,125.490,2.647,-35.636
1.000,0.216,-11.709,-0.043,0.146,0.282,    ,-1134.138,857.121,39.454,125.490,2.647,-35.636
0.422,-0.294,-13.121,0.072,-0.049,0.285,    ,-1131.369,860.727,42.691,125.490,2.647,-35.636
0.167,0.814,-12.994,-0.026,0.029,0.171,    ,-1128.198,864.856,46.396,125.490,2.647,-35.636
0.186,0.628,-12.092,-0.190,0.071,0.245,    ,-1126.635,866.891,48.223,125.490,2.647,-35.636
-0.363,0.422,-12.651,-0.070,0.058,0.212,    ,-1123.866,870.496,51.459,125.490,2.647,-35.636
0.481,0.206,-13.592,-0.058,-0.010,0.262,    ,-1121.097,874.102,54.695,125.490,2.647,-35.636
-0.373,-0.157,-13.553,-0.054,-0.027,0.247,    ,-1118.149,877.939,58.140,125.490,2.647,-35.636
0.814,1.059,-12.356,-0.195,0.024,0.288,    ,-1115.347,881.588,61.415,125.490,2.647,-35.636
-0.088,0.559,-12.396,-0.139,-0.102,0.246,    ,-1114.768,882.341,62.091,125.490,2.647,-35.636
0.304,0.353,-9.326,-0.093,-0.032,0.167,    ,-1114.764,882.311,62.107,125.489,2.643,-35.632
0.098,0.814,-10.022,-0.152,0.050,0.140,    ,-1114.763,882.313,62.107,125.489,2.643,-35.632
-0.382,0.069,-9.817,-0.113,-0.123,0.160,    ,-1114.763,882.313,62.107,125.489,2.643,-35.632
-0.382,0.814,-10.042,-0.162,-0.075,0.151,    ,-1114.763,882.313,62.107,125.489,2.643,-35.632
-0.157,0.863,-9.964,-0.167,-0.027,0.159,    ,-1114.763,882.312,62.107,125.489,2.643,-35.632
-0.412,0.020,-10.562,-0.006,-0.014,0.152,    ,-1114.763,882.312,62.107,125.489,2.643,-35.632
0.098,0.686,-9.532,-0.180,-0.039,0.169,    ,-1114.763,882.312,62.107,125.489,2.643,-35.632
-0.608,0.834,-9.797,-0.165,-0.045,0.134,    ,-1114.763,882.312,62.107,125.489,2.643,-35.632
0.510,0.892,-9.679,-0.169,-0.027,0.181,    ,-1114.763,882.312,62.107,125.489,2.643,-35.632
0.275,0.657,-9.679,-0.186,-0.009,0.158,    ,-1114.763,882.312,62.107,125.489,2.643,-35.632
-0.088,0.098,-10.483,-0.072,-0.025,0.165,    ,-1114.763,882.312,62.107,125.489,2.643,-35.632
0.127,0.863,-9.807,-0.148,0.043,0.155,    ,-1114.763,882.312,62.107,125.489,2.643,-35.632
0.412,-0.059,-10.503,-0.032,0.079,0.161,    ,-1114.763,882.312,62.107,125.489,2.643,-35.632
