-2.344,0.941,-5.394,0.818,-0.332,0.023,    ,-1139.882,849.244,37.177,125.466,2.623,-35.658
1.304,-4.825,-5.531,1.173,0.279,0.163,    ,-1139.882,849.244,37.177,125.466,2.623,-35.658
3.295,-4.639,-6.257,1.459,0.206,0.211,    ,-1139.882,849.244,37.177,125.466,2.623,-35.658
-0.51,-0.785,-6.168,0.784,0.091,0.037,    ,-1139.882,849.244,37.177,125.466,2.623,-35.658
1.942,-3.609,-6.423,1.245,0.106,0.141,    ,-1139.882,849.244,37.177,125.466,2.623,-35.658
-0.118,-0.696,-5.6,0.757,0.196,0.048,    ,-1139.882,849.244,37.177,125.466,2.623,-35.658
2.226,-4.59,-6.11,1.33,0.127,0.196,    ,-1139.882,849.244,37.177,125.466,2.623,-35.658
1.02,-3.903,-6.6,0.763,0.018,0.151,    ,-1139.882,849.244,37.177,125.466,2.623,-35.658
-1.314,-1.187,-4.148,0.634,-0.049,0.049,    ,-1139.882,849.244,37.177,125.466,2.623,-35.658
2.511,-4.266,-7.12,1.216,0.354,0.161,    ,-1139.882,849.244,37.177,125.466,2.623,-35.658
1.549,-4.805,-6.737,1.336,0.375,0.12,    ,-1139.882,849.244,37.177,125.466,2.623,-35.658
0.441,-1.628,-5.178,0.88,0.181,0.11,    ,-1139.882,849.244,37.177,125.466,2.623,-35.658
4.031,-4.295,-5.541,1.436,0.246,0.232,    ,-1139.882,849.244,37.177,125.466,2.623,-35.658
-0.5,-0.873,-5.766,0.624,0.031,0.018,    ,-1139.882,849.244,37.177,125.466,2.623,-35.658
3.481,-4.992,-5.864,1.465,0.254,0.225,    ,-1139.882,849.244,37.177,125.466,2.623,-35.658
-0.373,-1.108,-5.521,0.681,0.096,0.012,    ,-1139.882,849.244,37.177,125.466,2.623,-35.658
2.373,-4.609,-7.375,1.482,0.258,0.184,    ,-1139.882,849.244,37.177,125.466,2.623,-35.658
1.089,-2.854,-5.149,0.497,0.137,0.106,    ,-1139.882,849.244,37.177,125.466,2.623,-35.658
-2.334,0.559,-5.698,0.587,-0.117,0.01,    ,-1139.882,849.244,37.177,125.466,2.623,-35.658
2.785,-4.599,-8.022,1.593,0.422,0.151,    ,-1139.882,849.244,37.177,125.466,2.623,-35.658
-3.697,4.001,-10.984,0.735,-0.485,0.072,    ,-1139.882,849.244,37.177,125.466,2.623,-35.658
-2.53,0.147,-10.405,0.896,-0.362,0.176,    ,-1139.882,849.244,37.175,125.466,2.623,-35.658
0.667,-0.588,-9.66,0.898,0.172,0.184,    ,-1140.114,848.97,36.558,125.466,2.623,-35.658
-0.794,-0.52,-8.708,0.874,-0.098,0.126,    ,-1144.264,844.071,25.507,125.467,2.625,-35.658
0.667,-1.598,-11.131,0.613,0.136,0.234,    ,-1150.63,836.555,8.551,125.468,2.627,-35.657
1.569,-2.658,-11.395,0.224,0.09,0.303,    ,-1153.865,832.736,-0.065,125.468,2.628,-35.657
0.785,-0.824,-9.895,0.137,0.026,0.204,    ,-1159.727,825.816,-15.676,125.469,2.63,-35.657
-0.686,-0.078,-9.238,-0.148,-0.236,0.266,    ,-1165.579,818.908,-31.261,125.471,2.632,-35.657
2.05,-1.196,-8.385,-0.278,0.048,0.269,    ,-1168.535,815.417,-39.134,125.471,2.633,-35.657
0.294,0.667,-11.572,-0.192,0.092,0.147,    ,-1174.079,808.873,-53.899,125.472,2.635,-35.657
1.177,-1.069,-10.356,-0.216,-0.026,0.354,    ,-1179.642,802.305,-68.715,125.473,2.637,-35.657
0.873,-1.549,-10.503,-0.104,-0.015,0.259,    ,-1182.35,799.108,-75.929,125.474,2.638,-35.656
0.412,-0.265,-8.473,-0.192,-0.066,0.295,    ,-1187.746,792.737,-90.3,125.475,2.64,-35.656
0.843,-1.108,-9.052,-0.202,-0.024,0.304,    ,-1192.891,786.663,-104.002,125.476,2.642,-35.656
0.99,-0.951,-9.65,-0.266,-0.014,0.408,    ,-1195.38,783.726,-110.629,125.476,2.643,-35.656
0.167,-0.951,-10.768,-0.049,0.023,0.31,    ,-1200.261,777.963,-123.629,125.477,2.644,-35.656
1.932,-1.51,-9.64,-0.219,-0.027,0.301,    ,-1204.904,772.481,-135.996,125.478,2.646,-35.656
1.53,0,-8.326,-0.245,0.126,0.289,    ,-1207.056,769.942,-141.725,125.479,2.647,-35.656
0.853,-0.637,-8.846,-0.188,0.175,0.266,    ,-1210.44,765.913,-150.319,125.479,2.648,-35.656
1.304,-1.304,-9.434,-0.178,0.046,0.369,    ,-1214.278,760.996,-155.773,125.479,2.648,-35.656
1.53,-1.255,-9.493,-0.067,0.104,0.42,    ,-1217.306,757.056,-159.315,125.479,2.648,-35.656
0.932,-0.863,-9.336,-0.269,0.034,0.16,    ,-1223.802,748.602,-166.912,125.48,2.648,-35.656
0.863,-0.431,-10.346,-0.128,0.112,0.275,    ,-1230.74,739.575,-175.025,125.48,2.648,-35.656
1.971,-1.853,-10.17,-0.125,0.023,0.387,    ,-1237.38,730.934,-182.791,125.48,2.648,-35.657
1.245,-1.079,-10.689,-0.058,0.111,0.219,    ,-1240.849,726.42,-186.847,125.48,2.648,-35.657
0.902,-0.863,-9.944,-0.2,0.002,0.445,    ,-1247.787,717.392,-194.96,125.48,2.648,-35.657
1.53,0.284,-10.64,-0.224,0.197,0.398,    ,-1254.824,708.236,-203.19,125.481,2.647,-35.658
0.971,-0.402,-10.562,-0.173,0.125,0.201,    ,-1258.293,703.721,-207.246,125.481,2.647,-35.658
1.049,-0.569,-9.277,-0.192,0.104,0.279,    ,-1264.613,695.497,-214.637,125.481,2.647,-35.658
1.108,-0.922,-8.865,-0.149,0.152,0.297,    ,-1267.477,691.77,-217.986,125.481,2.647,-35.658
1.089,-0.412,-10.032,-0.236,0.088,0.319,    ,-1267.693,691.487,-218.203,125.481,2.647,-35.658
0.932,-1.177,-10.16,-0.144,0.058,0.297,    ,-1267.784,691.33,-217.818,125.481,2.647,-35.658
0.941,-0.637,-8.973,-0.206,0.089,0.291,    ,-1268.084,690.797,-216.376,125.481,2.647,-35.659
0.902,-0.255,-9.316,-0.282,0.082,0.307,    ,-1268.354,690.319,-215.08,125.481,2.647,-35.659
1.049,-0.137,-9.326,-0.243,0.105,0.277,    ,-1269.218,688.787,-210.931,125.48,2.646,-35.659
0.883,-0.559,-10.297,-0.236,-0.008,0.247,    ,-1270.615,686.309,-204.22,125.479,2.646,-35.66
1.216,-0.696,-10.062,-0.226,0.036,0.386,    ,-1271.569,684.618,-199.638,125.478,2.645,-35.661
0.99,0.029,-9.11,-0.288,0.108,0.23,    ,-1273.699,680.841,-189.41,125.477,2.644,-35.662
0.971,-0.049,-8.846,-0.325,0.033,0.296,    ,-1276.14,676.513,-177.688,125.475,2.643,-35.664
0.245,-0.265,-9.395,-0.123,0.059,0.162,    ,-1277.419,674.244,-171.545,125.475,2.642,-35.665
0.314,-0.216,-10.65,-0.142,0.02,0.221,    ,-1279.933,669.787,-159.473,125.473,2.641,-35.667
0.657,-0.981,-8.983,0.004,0.054,0.186,    ,-1282.198,665.771,-148.594,125.471,2.639,-35.668
1.677,-1.765,-8.953,0.157,0.183,0.219,    ,-1283.218,663.963,-143.699,125.471,2.639,-35.669
1.187,-3.903,-7.159,0.624,0.278,0.242,    ,-1284.813,661.133,-136.036,125.47,2.638,-35.67
-0.441,-4.54,-7.159,1.546,0.246,0.04,    ,-1285.896,659.214,-130.837,125.469,2.637,-35.671
2.412,-6.6,-8.081,1.359,0.319,0.332,    ,-1286.263,658.564,-129.076,125.469,2.637,-35.671
-0.245,-8.6,-8.159,1.927,0.164,0.231,    ,-1286.6,657.933,-127.051,125.468,2.637,-35.671
1.196,-6.669,-7.129,1.567,0.073,0.355,    ,-1286.2,658.384,-125.692,125.468,2.637,-35.671
2.089,-8.012,-7.384,1.943,0.398,0.293,    ,-1285.564,659.203,-124.84,125.468,2.637,-35.671
0.314,-6.09,-6.963,1.737,0.213,0.23,    ,-1283.272,662.187,-122.172,125.469,2.637,-35.672
-0.667,-5.541,-5.708,1.902,0.226,0.017,    ,-1279.854,666.639,-118.216,125.469,2.636,-35.673
2.099,-9.405,-6.904,2.212,0.125,0.278,    ,-1277.803,669.31,-115.843,125.47,2.636,-35.673
0.618,-8.355,-9.454,2.32,-0.025,0.311,    ,-1274.259,673.926,-111.742,125.47,2.636,-35.674
1.775,-8.11,-8.051,2.325,0.09,0.418,    ,-1271.758,677.184,-108.848,125.471,2.636,-35.674
0.716,-9.826,-7.571,2.461,0.093,0.384,    ,-1271.022,678.142,-107.996,125.471,2.636,-35.674
-0.883,-7.904,-7.012,2.819,0.024,0.242,    ,-1270.237,679.166,-107.106,125.471,2.636,-35.674
0.127,-5.247,-7.571,1.828,-0.124,0.35,    ,-1269.635,679.955,-106.498,125.471,2.636,-35.674
1.098,-10.591,-6.924,2.649,0.284,0.324,    ,-1268.34,681.656,-105.234,125.471,2.636,-35.674
-2.765,-7.159,-4.982,2.352,-0.181,0.205,    ,-1267.304,683.019,-104.223,125.471,2.636,-35.674
2.001,-7.139,-6.59,2.235,0.005,0.392,    ,-1264.575,686.603,-101.56,125.471,2.635,-35.673
-3.295,-5.766,-5.021,2.332,-0.323,0.264,    ,-1260.736,691.647,-97.813,125.47,2.635,-35.673
1.157,-7.492,-5.551,2.92,-0.227,0.424,    ,-1258.582,694.478,-95.711,125.47,2.635,-35.672
0.941,-9.346,-6.953,2.791,0.104,0.378,    ,-1254.497,699.846,-91.724,125.47,2.634,-35.672
-1.098,-7.639,-8.051,2.105,-0.018,0.338,    ,-1251.14,704.256,-88.448,125.47,2.634,-35.671
2.638,-4.648,-10.562,2.135,0.048,0.379,    ,-1249.878,705.914,-87.217,125.47,2.634,-35.671
0.51,-7.777,-8.62,2.306,0.201,0.261,    ,-1248.173,708.154,-85.553,125.47,2.634,-35.67
-2.226,-2.599,-7.394,2.099,-0.228,0.18,    ,-1247.283,709.321,-84.634,125.47,2.633,-35.67
0.657,-9.15,-8.326,2.502,0.197,0.315,    ,-1246.913,709.801,-84.19,125.47,2.633,-35.67
0.157,-7.08,-9.679,2.227,-0.037,0.345,    ,-1245.949,711.04,-82.906,125.47,2.633,-35.67
-1.03,-4.943,-8.444,1.835,-0.104,0.247,    ,-1244.085,713.435,-80.374,125.469,2.633,-35.67
2.079,-7.512,-7.914,2.449,0.089,0.313,    ,-1242.713,715.197,-78.509,125.469,2.633,-35.67
-2.824,-3.913,-5.776,2.573,-0.204,0.248,    ,-1238.944,720.038,-73.39,125.469,2.633,-35.669
-2.285,-3.472,-6.384,3.014,-0.043,0.186,    ,-1234.179,726.159,-66.917,125.469,2.633,-35.668
1.383,-11.768,-8.689,3.86,0.431,0.481,    ,-1231.624,729.44,-63.446,125.469,2.633,-35.668
3.55,-8.963,-8.316,2.886,0.175,0.602,    ,-1226.438,736.103,-56.401,125.469,2.632,-35.667
0.941,-8.208,-7.963,2.868,0.326,0.389,    ,-1222.095,741.681,-50.501,125.469,2.632,-35.666
0.226,-6.845,-8.345,2.717,0.065,0.279,    ,-1220.326,743.953,-48.098,125.469,2.632,-35.666
1.481,-5.982,-8.297,3.563,0.182,0.27,    ,-1217.782,747.221,-44.642,125.469,2.632,-35.666
1.893,-10.179,-6.335,3.696,0.156,0.356,    ,-1216.37,749.034,-42.728,125.468,2.632,-35.665
-3.638,-3.442,-9.365,2.164,-0.347,0.173,    ,-1215.943,749.586,-42.17,125.468,2.632,-35.665
0.883,-2.511,-9.63,2.506,-0.45,0.321,    ,-1215.206,750.547,-41.352,125.468,2.632,-35.665
0.618,-8.983,-7.757,2.911,0.121,0.275,    ,-1214.012,752.123,-40.248,125.468,2.632,-35.665
-1.275,-1.746,-7.276,2.7,-0.328,0.238,    ,-1213.056,753.386,-39.378,125.468,2.632,-35.665
1.765,-3.393,-8.336,3.17,-0.243,0.464,    ,-1210.145,757.233,-36.729,125.468,2.631,-35.665
0.696,-7.649,-10.209,3.065,-0.076,0.303,    ,-1205.65,763.171,-32.641,125.468,2.631,-35.665
0.5,-7.463,-8.591,2.8,-0.182,0.394,    ,-1203.057,766.596,-30.282,125.468,2.631,-35.665
-0.696,-1.167,-10.071,2.469,-0.068,0.13,    ,-1197.18,774.362,-24.935,125.468,2.63,-35.664
1.069,-6.59,-9.758,2.705,0.111,0.267,    ,-1191.382,782.022,-19.662,125.468,2.63,-35.664
-2.461,0.363,-6.502,3.17,-0.192,0.119,    ,-1188.639,785.645,-17.167,125.468,2.63,-35.664
2.383,-6.472,-8.395,3.044,-0.284,0.432,    ,-1184.223,791.481,-13.149,125.468,2.629,-35.663
0.559,-7.061,-10.219,2.495,-0.266,0.447,    ,-1181.286,795.361,-10.477,125.468,2.629,-35.663
0.588,-0.579,-12.239,2.073,0.031,0.269,    ,-1180.34,796.611,-9.617,125.468,2.629,-35.663
0.922,-4.246,-10.14,2.354,0.233,0.215,    ,-1178.791,798.648,-8.096,125.468,2.629,-35.663
-1.726,-1.755,-7.934,2.171,-0.155,0.154,    ,-1174.815,803.829,-3.562,125.468,2.629,-35.663
-2.246,-2.609,-7.836,2.134,0.143,0.009,    ,-1171.67,807.922,0.097,125.468,2.629,-35.663
0.755,-2.618,-9.562,2.063,-0.166,0.366,    ,-1165.053,816.53,7.82,125.468,2.628,-35.662
-0.363,-3.677,-7.188,1.538,0.075,0.436,    ,-1158.113,825.559,15.924,125.468,2.628,-35.662
1.098,-4.619,-10.64,1.246,0.08,0.219,    ,-1154.642,830.074,19.976,125.468,2.627,-35.662
-0.422,-3.432,-10.493,1.027,0.068,0.087,    ,-1147.616,839.215,28.179,125.467,2.627,-35.661
0.451,-2.197,-9.473,0.856,0.177,0.14,    ,-1141.921,846.624,34.828,125.467,2.627,-35.661
0.402,-0.177,-9.542,0.799,0.164,0.182,    ,-1140.493,848.481,36.495,125.467,2.627,-35.661
2.736,-2.422,-12.886,1.379,-0.026,0.355,    ,-1140.188,848.914,36.39,125.467,2.627,-35.661
1.51,-4.315,-10.895,0.765,0.105,0.487,    ,-1142.619,846.043,29.915,125.468,2.627,-35.661
1.814,-0.971,-11.023,0.553,0.076,0.125,    ,-1144.759,843.516,24.214,125.468,2.628,-35.66
1.598,-0.657,-12.062,0.795,0.001,0.136,    ,-1149.225,838.242,12.32,125.469,2.629,-35.66
0.177,-2.422,-10.729,0.343,-0.14,0.306,    ,-1153.828,832.806,0.059,125.47,2.631,-35.66
0.559,-2.089,-12.101,0.422,-0.034,0.327,    ,-1156.097,830.127,-5.985,125.47,2.631,-35.66
-1.363,0.49,-10.523,0.037,-0.185,-0.023,    ,-1160.376,825.073,-17.383,125.471,2.633,-35.659
1.344,-0.137,-9.689,-0.216,-0.022,0.103,    ,-1164.914,819.713,-29.471,125.471,2.634,-35.659
0.559,-0.118,-11.395,-0.105,0.133,0.199,    ,-1169.257,814.583,-41.041,125.472,2.635,-35.659
0.775,-1.559,-11.101,-0.132,-0.044,0.26,    ,-1171.527,811.903,-47.086,125.473,2.636,-35.658
-0.579,-1.216,-12.749,-0.054,-0.216,0.39,    ,-1175.87,806.773,-58.656,125.473,2.637,-35.658
0.775,-1.657,-11.386,-0.058,-0.019,0.259,    ,-1180.149,801.72,-70.053,125.474,2.639,-35.658
-0.275,-0.049,-11.18,-0.248,-0.094,0.317,    ,-1182.483,798.964,-76.27,125.474,2.639,-35.658
1.265,-0.598,-9.699,-0.206,0.119,0.182,    ,-1187.021,793.604,-88.359,125.475,2.641,-35.657
1.285,-0.814,-10.425,-0.164,0.102,0.285,    ,-1191.559,788.245,-100.447,125.476,2.642,-35.657
0.951,-1.049,-10.885,-0.235,0.049,0.313,    ,-1193.829,785.564,-106.491,125.476,2.643,-35.657
1.098,-1.785,-12.513,-0.024,0.082,0.28,    ,-1198.367,780.205,-118.58,125.477,2.644,-35.656
1.785,-0.275,-10.346,-0.337,-0.092,0.38,    ,-1202.97,774.769,-130.841,125.478,2.646,-35.656
0.971,-0.294,-10.777,-0.34,0.166,0.3,    ,-1205.239,772.09,-136.883,125.478,2.646,-35.656
1.549,-1.147,-10.062,-0.2,0.05,0.333,    ,-1209.401,767.168,-147.908,125.479,2.647,-35.656
0.255,-0.5,-8.797,-0.289,0.04,0.122,    ,-1212.635,763.129,-153.781,125.479,2.648,-35.656
1.471,-1.089,-10.934,-0.181,0.086,0.44,    ,-1215.076,759.958,-156.707,125.479,2.648,-35.656
0.716,-0.039,-9.758,-0.264,0.151,0.351,    ,-1221.325,751.826,-164.015,125.48,2.648,-35.656
1.01,-0.53,-11.16,-0.161,0.02,0.333,    ,-1228.262,742.799,-172.128,125.48,2.648,-35.656
0.451,-0.873,-11.699,-0.116,0.118,0.228,    ,-1231.83,738.156,-176.3,125.48,2.648,-35.657
0.628,-0.598,-11.739,-0.186,0.065,0.456,    ,-1238.669,729.257,-184.297,125.48,2.648,-35.657
1.324,-0.598,-11.572,-0.28,0.09,0.339,    ,-1245.309,720.617,-192.063,125.48,2.648,-35.657
1.01,-0.628,-10.65,-0.33,-0.001,0.419,    ,-1251.454,712.62,-199.249,125.481,2.647,-35.657
0.902,-0.824,-10.621,-0.151,0.047,0.155,    ,-1258.095,703.98,-207.014,125.481,2.647,-35.658
1.824,-1.363,-9.865,-0.172,0.174,0.375,    ,-1261.501,699.546,-210.998,125.481,2.647,-35.658
0.422,-0.892,-9.915,-0.179,0.061,0.269,    ,-1266.339,693.252,-216.655,125.481,2.647,-35.658
0.814,-0.51,-9.414,-0.248,0.089,0.275,    ,-1267.688,691.494,-218.202,125.481,2.647,-35.658
1.451,-0.549,-10.836,-0.212,0.096,0.347,    ,-1267.726,691.432,-218.095,125.481,2.647,-35.658
1.442,-0.824,-9.718,-0.228,0.05,0.33,    ,-1267.888,691.145,-217.317,125.481,2.647,-35.658
1.638,-0.628,-9.846,-0.292,0.08,0.35,    ,-1268.327,690.367,-215.209,125.481,2.647,-35.659
1.589,-0.863,-10.356,-0.225,0.091,0.465,    ,-1268.702,689.701,-213.408,125.48,2.647,-35.659
0.785,-0.569,-11.199,-0.202,0.036,0.289,    ,-1269.805,687.745,-208.109,125.48,2.646,-35.66
1.402,-1.226,-11.601,-0.209,0.004,0.446,    ,-1271.46,684.812,-200.164,125.479,2.645,-35.661
1.196,-0.618,-9.905,-0.238,0.1,0.289,    ,-1272.526,682.921,-195.045,125.478,2.645,-35.662
0.755,-0.078,-9.395,-0.255,0.041,0.166,    ,-1274.785,678.915,-184.195,125.476,2.643,-35.663
0.912,-1.079,-11.15,-0.221,0.036,0.335,    ,-1277.309,674.44,-172.073,125.475,2.642,-35.665
0.853,-1.285,-11.788,-0.141,-0.019,0.33,    ,-1278.658,672.047,-165.593,125.474,2.641,-35.666
0.951,-0.226,-10.415,-0.203,0.069,0.247,    ,-1281.042,667.821,-154.148,125.472,2.64,-35.667
1.393,-1.883,-9.326,0.143,0.145,0.319,    ,-1283.137,664.106,-144.086,125.471,2.639,-35.669
1.275,-2.775,-9.052,0.378,0.137,0.217,    ,-1284.045,662.496,-139.727,125.47,2.638,-35.669
0.412,-3.942,-7.571,0.779,0.051,0.222,    ,-1285.385,660.121,-133.293,125.469,2.638,-35.67
1.363,-5.502,-8.444,1.163,0.142,0.305,    ,-1286.229,658.624,-129.239,125.469,2.637,-35.671
-0.098,-8.179,-7.09,1.654,0.127,0.22,    ,-1286.48,658.176,-128.006,125.468,2.637,-35.671
1.981,-6.835,-7.728,1.534,0.11,0.35,    ,-1286.531,657.979,-126.412,125.468,2.637,-35.671
2.373,-9.856,-8.149,2.487,0.39,0.298,    ,-1285.715,659.007,-125.025,125.468,2.637,-35.671
1.51,-10.836,-7.924,2.238,0.34,0.32,    ,-1283.559,661.814,-122.504,125.469,2.637,-35.672
0.461,-5.384,-8.904,1.455,0.074,0.228,    ,-1281.996,663.848,-120.696,125.469,2.637,-35.672
2.893,-8.032,-8.895,1.813,0.185,0.418,    ,-1278.247,668.732,-116.357,125.47,2.636,-35.673
-0.686,-6.659,-8.738,2.066,0.005,0.196,    ,-1274.532,673.57,-112.058,125.47,2.636,-35.673
-1.383,-4.982,-5.256,2.258,-0.225,0.219,    ,-1273.036,675.519,-110.327,125.471,2.636,-35.674
1.51,-10.071,-8.159,3.083,-0.004,0.403,    ,-1271.145,677.982,-108.138,125.471,2.636,-35.674
0.069,-11.846,-7.718,3.073,0.119,0.336,    ,-1270.286,679.101,-107.159,125.471,2.636,-35.674
-1.344,-7.061,-8.09,2.121,-0.167,0.303,    ,-1270.005,679.47,-106.863,125.471,2.636,-35.674
-0.039,-13.641,-6.973,3.206,0.119,0.336,    ,-1269.223,680.497,-106.096,125.471,2.636,-35.674
0.108,-10.454,-8.993,3.029,0.004,0.347,    ,-1267.501,682.759,-104.416,125.471,2.636,-35.674
-0.961,-5.413,-9.375,1.986,-0.17,0.311,    ,-1266.229,684.43,-103.174,125.471,2.636,-35.674
0.794,-7.845,-8.473,2.55,0.051,0.387,    ,-1262.854,688.865,-99.88,125.471,2.635,-35.673
-1.491,-6.57,-6.776,2.511,-0.24,0.209,    ,-1258.702,694.321,-95.828,125.47,2.635,-35.672
-0.588,-3.785,-4.903,2.567,-0.376,0.25,    ,-1256.609,697.07,-93.786,125.47,2.635,-35.672
-0.363,-9.365,-6.669,2.918,0.123,0.279,    ,-1252.783,702.097,-90.052,125.47,2.634,-35.671
-0.657,-7.522,-9.532,2.043,-0.106,0.272,    ,-1249.942,705.83,-87.28,125.47,2.634,-35.671
1.559,-5.07,-10.679,2.087,0.013,0.321,    ,-1248.948,707.136,-86.31,125.47,2.634,-35.671
1.275,-8.061,-10.14,2.281,0.195,0.339,    ,-1247.708,708.764,-85.089,125.47,2.634,-35.67
-0.794,-5.266,-8.542,2.255,-0.005,0.26,    ,-1246.944,709.76,-84.23,125.47,2.633,-35.67
1.863,-8.149,-8.395,2.728,-0.018,0.426,    ,-1246.534,710.288,-83.696,125.47,2.633,-35.67
1.814,-9.856,-7.541,2.864,0.297,0.327,    ,-1245.222,711.974,-81.918,125.47,2.633,-35.67
-0.853,-6.6,-8.953,1.971,0.026,0.28,    ,-1242.8,715.085,-78.628,125.469,2.633,-35.67
0.382,-8.032,-8.767,2.474,0.332,0.2,    ,-1241.099,717.27,-76.318,125.469,2.633,-35.669
0.618,-8.404,-9.336,2.816,0.237,0.272,    ,-1236.782,722.815,-70.454,125.469,2.633,-35.669
-4.57,-3.207,-4.835,2.557,-0.317,-0.123,    ,-1231.771,729.252,-63.646,125.469,2.633,-35.668
3.168,-9.669,-7.786,3.775,0.154,0.545,    ,-1229.208,732.544,-60.164,125.469,2.633,-35.667
-2.01,-7.424,-10.483,2.551,-0.167,0.193,    ,-1224.308,738.838,-53.508,125.469,2.632,-35.667
-2.157,-8.071,-9.856,2.592,-0.273,0.256,    ,-1220.418,743.836,-48.222,125.469,2.632,-35.666
2.187,-8.993,-9.63,2.995,0.207,0.37,    ,-1218.98,745.682,-46.27,125.469,2.632,-35.666
-2.138,-4.482,-8.09,2.697,-0.07,0.215,    ,-1217.008,748.215,-43.591,125.469,2.632,-35.666
-1.363,-4.521,-8.032,3.016,0.054,0.225,    ,-1215.965,749.557,-42.197,125.468,2.632,-35.665
1.569,-12.7,-8.993,3.799,0.365,0.339,    ,-1215.61,750.018,-41.774,125.468,2.632,-35.665
0.304,-12.033,-10.042,3.544,0.417,0.288,    ,-1214.749,751.15,-40.92,125.468,2.632,-35.665
-1.196,-4.805,-11.032,2.271,-0.169,0.228,    ,-1213.119,753.304,-39.435,125.468,2.632,-35.665
0.304,-5.384,-9.228,2.477,-0.042,0.288,    ,-1211.864,754.961,-38.293,125.468,2.632,-35.665
-0.363,-5.413,-10.817,2.609,0.253,0.113,    ,-1208.24,759.75,-34.996,125.468,2.631,-35.665
-5.168,-3.511,-5.904,2.211,-0.038,-0.001,    ,-1203.215,766.387,-30.426,125.468,2.631,-35.665
0.726,-7.914,-11.248,3.457,-0.176,0.349,    ,-1200.291,770.252,-27.765,125.468,2.631,-35.664
-3.56,-6.502,-8.404,1.918,-0.054,0.251,    ,-1194.402,778.032,-22.409,125.468,2.63,-35.664
1.138,-9.257,-9.356,3.006,0.298,0.345,    ,-1189.153,784.967,-17.634,125.468,2.63,-35.664
1.628,-5.188,-13.102,2.833,-0.296,0.459,    ,-1186.637,788.29,-15.346,125.468,2.63,-35.664
-1,-2.05,-10.787,2.095,-0.108,0.228,    ,-1182.841,793.306,-11.893,125.468,2.629,-35.663
1.118,-0.824,-12.023,2.054,0.031,0.275,    ,-1180.506,796.391,-9.768,125.468,2.629,-35.663
-0.785,-2.785,-10.326,2.049,-0.035,0.279,    ,-1179.761,797.375,-9.086,125.468,2.629,-35.663
-1.324,-1.853,-8.1,2.099,-0.225,0.213,    ,-1177.639,800.152,-6.813,125.468,2.629,-35.663
-0.186,-5.364,-10.719,2.427,0.142,0.052,    ,-1173.077,806.091,-1.543,125.468,2.629,-35.663
-1.726,-1.736,-10.807,2.478,0.111,0.248,    ,-1166.541,814.594,6.084,125.468,2.628,-35.662
1.393,-5.884,-9.856,1.884,0.012,0.48,    ,-1162.971,819.239,10.251,125.468,2.628,-35.662
0.373,-2.099,-11.219,1.266,0.048,0.404,    ,-1156.03,828.268,18.355,125.468,2.628,-35.662
0.745,-1.736,-10.052,1.22,0.263,0.316,    ,-1148.991,837.426,26.574,125.467,2.627,-35.661
-0.559,-2.089,-11.65,1.417,-0.245,0.373,    ,-1145.639,841.786,30.486,125.467,2.627,-35.661
0.402,-2.059,-11.513,1.46,-0.073,0.25,    ,-1140.97,847.86,35.938,125.467,2.627,-35.661
-1.255,0.5,-11.591,0.611,-0.093,0.168,    ,-1140.031,849.099,36.817,125.467,2.627,-35.661
-0.441,-1.206,-11.964,0.334,0.016,0.069,    ,-1140.609,848.418,35.27,125.467,2.627,-35.661
1.363,-0.324,-11.229,0.747,0.199,0.259,    ,-1143.826,844.617,26.7,125.468,2.628,-35.66
-0.951,0.735,-10.689,0.635,-0.023,0.175,    ,-1148.317,839.314,14.738,125.469,2.629,-35.66
1.049,-0.794,-12.19,0.622,-0.051,0.13,    ,-1150.392,836.864,9.212,125.469,2.63,-35.66
0.098,-1.961,-12.376,0.16,-0.015,0.157,    ,-1154.93,831.505,-2.877,125.47,2.631,-35.66
0.863,-0.932,-12.552,0.065,-0.012,0.256,    ,-1159.274,826.374,-14.447,125.471,2.632,-35.659
0.02,-1.098,-11.111,-0.018,-0.014,0.305,    ,-1163.812,821.015,-26.535,125.471,2.634,-35.659
0.569,-1.893,-11.042,-0.063,-0.041,0.41,    ,-1166.081,818.335,-32.58,125.472,2.634,-35.659
0.608,0.441,-11.954,-0.235,0.099,0.169,    ,-1170.619,812.975,-44.668,125.472,2.636,-35.658
1.344,-0.461,-12.67,-0.281,0.085,0.317,    ,-1175.157,807.616,-56.756,125.473,2.637,-35.658
0.873,-0.981,-13.21,-0.099,-0.022,0.395,    ,-1177.491,804.859,-62.973,125.474,2.638,-35.658
0.588,-0.686,-11.797,-0.163,-0.026,0.361,    ,-1182.029,799.5,-75.062,125.474,2.639,-35.658
2.197,-0.951,-11.709,-0.139,0.051,0.501,    ,-1186.568,794.14,-87.15,125.475,2.641,-35.657
1.451,-0.49,-11.67,-0.291,0.121,0.348,    ,-1188.837,791.46,-93.194,125.476,2.641,-35.657
0.637,-0.971,-11.484,-0.153,0.133,0.342,    ,-1193.44,786.024,-105.455,125.476,2.643,-35.657
1.667,-1.746,-11.484,-0.131,0.104,0.301,    ,-1197.978,780.664,-117.543,125.477,2.644,-35.656
0.373,-0.53,-12.69,-0.193,0.169,0.325,    ,-1200.312,777.908,-123.76,125.478,2.645,-35.656
1.971,-1.245,-11.768,-0.195,0.047,0.438,    ,-1204.785,772.625,-135.676,125.478,2.646,-35.656
1.657,0.059,-10.817,-0.258,0.036,0.297,    ,-1208.941,767.716,-146.728,125.479,2.647,-35.656
0.765,-1.226,-10.081,-0.159,0.178,0.244,    ,-1210.44,765.913,-150.319,125.479,2.648,-35.656
0.834,-0.314,-11.14,-0.24,0.012,0.218,    ,-1214.202,761.095,-155.683,125.479,2.648,-35.656
1.118,-0.843,-11.032,-0.28,0.089,0.342,    ,-1220.631,752.729,-163.203,125.48,2.648,-35.656
0.49,-0.549,-11.003,-0.299,0.046,0.334,    ,-1223.802,748.602,-166.912,125.48,2.648,-35.656
0.657,0.127,-11.709,-0.206,0.085,0.307,    ,-1230.74,739.575,-175.025,125.48,2.648,-35.656
1.549,-0.088,-12.66,-0.232,0.029,0.47,    ,-1236.885,731.579,-182.211,125.48,2.648,-35.657
0.932,-1.285,-12.562,-0.063,0.022,0.146,    ,-1243.823,722.551,-190.324,125.48,2.648,-35.657
0.02,0.147,-10.787,-0.348,0.012,0.325,    ,-1246.994,718.424,-194.033,125.48,2.648,-35.657
1.363,-1.52,-11.778,-0.134,0.023,0.541,    ,-1254.031,709.267,-202.262,125.481,2.647,-35.658
1.922,-0.932,-11.729,-0.162,0.019,0.304,    ,-1260.935,700.283,-210.337,125.481,2.647,-35.658
1.687,-0.157,-10.601,-0.286,0.153,0.371,    ,-1264.01,696.281,-213.933,125.481,2.647,-35.658
0.843,-0.667,-11.454,-0.257,0.09,0.32,    ,-1267.351,691.934,-217.84,125.481,2.647,-35.658
1.236,-0.294,-11.111,-0.232,0.102,0.352,    ,-1267.719,691.445,-218.131,125.481,2.647,-35.658
1.275,-0.726,-11.444,-0.242,0.076,0.357,    ,-1267.865,691.186,-217.428,125.481,2.647,-35.658
1.049,-0.618,-10.621,-0.228,0.076,0.328,    ,-1268.012,690.925,-216.721,125.481,2.647,-35.659
0.765,-0.314,-9.669,-0.274,0.067,0.067,    ,-1268.575,689.927,-214.018,125.48,2.647,-35.659
1.275,-0.794,-11.542,-0.259,0.056,0.362,    ,-1269.541,688.214,-209.381,125.48,2.646,-35.66
1.598,-0.716,-10.974,-0.204,0.12,0.355,    ,-1270.268,686.924,-205.885,125.479,2.646,-35.66
1.481,-0.598,-12.258,-0.219,0.083,0.461,    ,-1272.079,683.713,-197.188,125.478,2.645,-35.661
0.667,-1.157,-10.748,-0.175,0.019,0.34,    ,-1274.303,679.771,-186.511,125.477,2.644,-35.663
0.53,-0.657,-10.12,-0.273,0.031,0.326,    ,-1275.563,677.536,-180.46,125.476,2.643,-35.664
1.402,-0.402,-11.68,-0.249,0.123,0.279,    ,-1278.078,673.077,-168.383,125.474,2.642,-35.665
1.03,-0.559,-11.709,-0.16,0.022,0.28,    ,-1280.579,668.641,-156.368,125.472,2.64,-35.667
0.412,-1.275,-11.484,0.031,0.024,0.249,    ,-1281.742,666.58,-150.787,125.472,2.64,-35.668
0.696,-3.138,-10.209,0.513,-0.023,0.26,    ,-1283.683,663.138,-141.467,125.47,2.639,-35.669
0.402,-5.139,-9.66,0.942,0.082,0.274,    ,-1285.158,660.523,-134.383,125.469,2.638,-35.67
1.422,-3.687,-10.14,0.963,0.229,0.179,    ,-1285.698,659.564,-131.785,125.469,2.637,-35.67
1.344,-7.924,-7.561,1.625,0.38,0.28,    ,-1286.392,658.333,-128.449,125.469,2.637,-35.671
0.677,-6.021,-8.728,1.82,0.198,0.215,    ,-1286.583,657.927,-126.682,125.468,2.637,-35.671
2.452,-8.64,-6.472,2.058,0.326,0.306,    ,-1286.36,658.182,-125.973,125.468,2.637,-35.671
3.138,-9.208,-8.404,2.271,0.298,0.42,    ,-1285.113,659.789,-124.305,125.469,2.637,-35.672
0.696,-7.08,-11.013,1.704,0.056,0.393,    ,-1282.428,663.287,-121.195,125.469,2.637,-35.672
2.383,-6.757,-9.336,2.239,0.304,0.279,    ,-1280.823,665.376,-119.338,125.469,2.637,-35.672
0.294,-5.943,-8.11,1.991,-0.115,0.292,    ,-1277.142,670.171,-115.079,125.47,2.636,-35.673
-0.716,-8.385,-9.611,1.948,-0.105,0.314,    ,-1273.995,674.271,-111.436,125.47,2.636,-35.674
0.157,-9.032,-9.787,2.718,0.044,0.247,    ,-1271.658,677.314,-108.732,125.471,2.636,-35.674
0.118,-9.846,-10.807,3.09,-0.014,0.404,    ,-1270.973,678.206,-107.939,125.471,2.636,-35.674
-1.147,-4.501,-8.1,1.699,-0.125,0.31,    ,-1270.205,679.207,-107.071,125.471,2.636,-35.674
-3.03,-3.462,-6.62,2.235,-0.366,0.236,    ,-1269.623,679.971,-106.486,125.471,2.636,-35.674
0.392,-5.58,-5.855,2.818,-0.279,0.326,    ,-1268.441,681.524,-105.332,125.471,2.636,-35.674
1.059,-9.856,-10.189,2.691,0.114,0.325,    ,-1267.469,682.801,-104.384,125.471,2.636,-35.674
0.824,-10.16,-8.581,2.505,0.177,0.391,    ,-1264.721,686.412,-101.702,125.471,2.635,-35.673
2.148,-8.189,-9.493,2.366,0.175,0.393,    ,-1261.031,691.261,-98.101,125.47,2.635,-35.673
0.324,-10.532,-10.856,2.974,0.074,0.312,    ,-1257.202,696.291,-94.365,125.47,2.635,-35.672
0.284,-6.953,-6.61,2.782,-0.123,0.379,    ,-1255.221,698.894,-92.431,125.47,2.634,-35.672
0.461,-10.336,-9.385,2.7,0.154,0.334,    ,-1251.681,703.545,-88.977,125.47,2.634,-35.671
1.206,-7.786,-9.179,2.821,-0.048,0.372,    ,-1249.312,706.658,-86.664,125.47,2.634,-35.671
1.775,-9.287,-9.316,2.697,0.251,0.322,    ,-1248.485,707.745,-85.857,125.47,2.634,-35.671
-1.52,-5.384,-9.444,1.711,-0.155,0.266,    ,-1247.462,709.086,-84.832,125.47,2.633,-35.67
0.902,-10.552,-10.375,2.709,0.129,0.33,    ,-1246.757,710.001,-83.99,125.47,2.633,-35.67
1.216,-9.326,-9.591,2.841,0.221,0.316,    ,-1246.306,710.582,-83.39,125.47,2.633,-35.67
-1.128,-6.629,-9.944,1.981,-0.177,0.238,    ,-1244.756,712.573,-81.285,125.469,2.633,-35.67
2.403,-6.649,-9.14,2.257,0.089,0.389,    ,-1242.163,715.903,-77.763,125.469,2.633,-35.669
-0.99,-4.982,-9.395,2.072,-0.133,0.296,    ,-1240.38,718.194,-75.34,125.469,2.633,-35.669
0.53,-3.677,-9.14,2.35,0.02,0.079,    ,-1235.955,723.878,-69.329,125.469,2.633,-35.668
2.589,-9.758,-10.581,3.209,0.34,0.51,    ,-1230.816,730.479,-62.348,125.469,2.633,-35.668
-0.775,-4.187,-7.767,3.478,0.038,0.279,    ,-1228.198,733.842,-58.791,125.469,2.632,-35.667
1.177,-9.934,-9.581,3.623,0.253,0.232,    ,-1223.435,739.96,-52.321,125.469,2.632,-35.667
0.481,-9.532,-6.737,3.531,0.187,0.271,    ,-1219.844,744.573,-47.443,125.469,2.632,-35.666
-2.108,-3.913,-9.62,2.283,-0.291,0.199,    ,-1218.531,746.26,-45.658,125.469,2.632,-35.666
1.598,-8.453,-9.13,2.848,0.196,0.291,    ,-1216.781,748.507,-43.282,125.468,2.632,-35.665
0.088,-9.503,-8.816,3.103,0.102,0.342,    ,-1215.836,749.724,-42.038,125.468,2.632,-35.665
-1.314,-4.227,-8.473,3.056,0.001,0.171,    ,-1215.475,750.194,-41.626,125.468,2.632,-35.665
0.127,-10.532,-10.493,3.293,0.359,0.289,    ,-1214.527,751.443,-40.716,125.468,2.632,-35.665
-0.137,-10.071,-7.267,3.212,0.32,0.257,    ,-1212.727,753.822,-39.078,125.468,2.632,-35.665
0.333,-4.158,-8.473,2.358,0.004,0.275,    ,-1211.264,755.754,-37.747,125.468,2.631,-35.665
-0.814,-5.855,-9.875,2.733,0.072,0.1,    ,-1207.397,760.863,-34.23,125.468,2.631,-35.665
0.736,-2.726,-9.159,2.864,-0.549,0.459,    ,-1202.177,767.759,-29.482,125.468,2.631,-35.664
0.304,-0.304,-8.473,3.395,-0.506,0.365,    ,-1199.204,771.687,-26.777,125.468,2.631,-35.664
1.334,-8.11,-8.836,3.298,-0.205,0.435,    ,-1193.407,779.347,-21.503,125.468,2.63,-35.664
1.834,-9.15,-10.219,2.848,-0.127,0.41,    ,-1187.925,786.59,-16.517,125.468,2.63,-35.664
2.432,-5.443,-11.611,2.635,0.124,0.439,    ,-1185.633,789.618,-14.432,125.468,2.63,-35.663
-0.716,-2.913,-8.904,2.345,0.013,0.206,    ,-1182.191,794.166,-11.3,125.468,2.629,-35.663
-2.677,-1.51,-8.208,2.542,-0.038,0.168,    ,-1180.142,796.872,-9.437,125.468,2.629,-35.663
-0.029,-3.932,-11.395,2.396,0.207,0.251,    ,-1179.476,797.75,-8.811,125.468,2.629,-35.663
-1.54,-1.5,-8.865,2.337,-0.279,0.259,    ,-1176.912,801.098,-5.984,125.468,2.629,-35.663
0.765,-6.041,-9.934,2.175,-0.139,0.142,    ,-1171.09,808.677,0.774,125.468,2.629,-35.663
0.422,-0.853,-10.689,2.381,-0.079,0.092,    ,-1164.458,817.304,8.515,125.468,2.628,-35.662
1.804,-5.119,-8.973,1.835,0.079,0.353,    ,-1160.988,821.818,12.567,125.468,2.628,-35.662
1.334,-4.501,-10.297,1.161,0.079,0.376,    ,-1154.047,830.848,20.67,125.468,2.627,-35.662
-0.824,-2.403,-12.141,1.277,-0.059,0.126,    ,-1147.037,839.967,28.854,125.467,2.627,-35.661
-0.637,-0.716,-10.836,0.86,0.119,0.131,    ,-1143.93,844.01,32.483,125.467,2.627,-35.661
-0.843,-0.618,-11.18,0.75,-0.063,0.177,    ,-1140.269,848.773,36.757,125.467,2.626,-35.661
1.294,-3.628,-11.837,1.229,0.247,0.247,    ,-1140.285,848.8,36.134,125.467,2.627,-35.661
1.275,-2.746,-12.611,0.657,-0.039,0.328,    ,-1141.259,847.65,33.539,125.467,2.627,-35.661
1.226,-0.471,-11.994,0.689,0.021,0.293,    ,-1145.143,843.063,23.193,125.468,2.628,-35.66
0.834,-1.01,-10.601,0.533,0.178,0.318,    ,-1147.474,840.31,16.983,125.469,2.629,-35.66
0.078,-0.902,-12.719,0.502,-0.137,0.498,    ,-1151.948,835.026,5.067,125.469,2.63,-35.66
2.167,-1.638,-13.916,0.373,0.136,0.307,    ,-1156.551,829.59,-7.194,125.47,2.632,-35.66
1.628,0.961,-13.102,-0.079,0.014,0.39,    ,-1158.82,826.91,-13.238,125.47,2.632,-35.659
1.383,-1.265,-12.082,-0.133,-0.027,0.428,    ,-1163.358,821.551,-25.327,125.471,2.634,-35.659
0.559,-1.402,-12.307,-0.09,-0.058,0.386,    ,-1167.961,816.114,-37.587,125.472,2.635,-35.659
1.01,-2.206,-11.503,-0.048,0.047,0.375,    ,-1170.23,813.435,-43.632,125.472,2.636,-35.659
0.922,-0.559,-13.268,-0.127,0.069,0.421,    ,-1174.768,808.075,-55.72,125.473,2.637,-35.658
0.402,-1.245,-13.357,-0.145,0.08,0.332,    ,-1179.306,802.715,-67.809,125.474,2.638,-35.658
0.333,-1.03,-13.141,-0.053,-0.04,0.142,    ,-1181.64,799.959,-74.025,125.474,2.639,-35.658
0.824,-0.343,-10.65,-0.211,0.05,0.403,    ,-1186.178,794.599,-86.114,125.475,2.64,-35.657
0.618,-1.108,-11.709,-0.192,0.027,0.256,    ,-1190.717,789.239,-98.202,125.476,2.642,-35.657
1.922,-0.726,-12.033,-0.23,0.08,0.311,    ,-1193.051,786.483,-104.419,125.476,2.643,-35.657
-0.167,0.353,-13.504,-0.214,0.006,0.248,    ,-1197.524,781.2,-116.335,125.477,2.644,-35.656
0.02,-0.353,-12.141,-0.057,0.115,0.218,    ,-1202.127,775.764,-128.596,125.478,2.645,-35.656
0.794,-1.138,-11.68,-0.365,-0.168,0.302,    ,-1204.461,773.008,-134.813,125.478,2.646,-35.656
0.432,-0.098,-11.758,-0.236,-0.038,0.264,    ,-1208.599,768.12,-145.831,125.479,2.647,-35.656
1.01,-1.422,-11.15,-0.248,0.029,0.384,    ,-1211.671,764.368,-152.47,125.479,2.648,-35.656
0.451,-1.402,-12.759,-0.129,0.01,0.237,    ,-1213.83,761.578,-155.243,125.479,2.648,-35.656
0.559,0.333,-11.582,-0.164,0.071,0.211,    ,-1220.036,753.503,-162.508,125.48,2.648,-35.656
-0.147,0.51,-12.249,-0.247,0.012,0.413,    ,-1226.974,744.475,-170.621,125.48,2.648,-35.656
2.089,-0.892,-11.699,-0.228,0.083,0.512,    ,-1233.912,735.448,-178.734,125.48,2.648,-35.657
1.422,-0.422,-12.052,-0.225,0.015,0.16,    ,-1237.083,731.321,-182.443,125.48,2.648,-35.657
1.893,-1.138,-13.523,-0.167,-0.003,0.515,    ,-1244.021,722.293,-190.556,125.48,2.648,-35.657
1.54,-1.687,-12.778,-0.193,0.029,0.471,    ,-1250.958,713.265,-198.669,125.481,2.647,-35.657
1.089,-1.089,-11.68,-0.173,-0.076,0.253,    ,-1254.13,709.138,-202.378,125.481,2.647,-35.658
0.814,-0.951,-11.621,-0.117,0.057,0.08,    ,-1261.031,700.159,-210.448,125.481,2.647,-35.658
0.785,-0.696,-11.091,-0.301,0.008,0.41,    ,-1266.293,693.312,-216.601,125.481,2.647,-35.658
1.049,-0.373,-10.581,-0.281,0.042,0.321,    ,-1267.369,691.91,-217.86,125.481,2.647,-35.658
1.442,-0.922,-12.386,-0.203,0.104,0.37,    ,-1267.725,691.434,-218.1,125.481,2.647,-35.658
0.686,-0.471,-11.866,-0.271,0.059,0.341,    ,-1267.9,691.123,-217.258,125.481,2.647,-35.658
0.814,-1.01,-11.346,-0.21,0.069,0.287,    ,-1268.09,690.786,-216.345,125.481,2.647,-35.659
1.491,-0.686,-10.758,-0.228,0.056,0.521,    ,-1268.726,689.658,-213.291,125.48,2.647,-35.659
1.471,0.147,-12.229,-0.298,0.097,0.359,    ,-1269.689,687.952,-208.668,125.48,2.646,-35.66
1.069,-0.167,-12.347,-0.289,0.074,0.323,    ,-1271.245,685.192,-201.194,125.479,2.645,-35.661
1.138,-0.177,-12.307,-0.304,0.007,0.418,    ,-1272.226,683.452,-196.483,125.478,2.645,-35.661
1,-0.951,-10.895,-0.169,0.105,0.255,    ,-1274.474,679.467,-185.69,125.477,2.644,-35.663
0.706,-1.422,-10.532,-0.201,0.059,0.285,    ,-1277.053,674.894,-173.305,125.475,2.642,-35.665
1.344,-0.039,-13.17,-0.24,0.072,0.365,    ,-1278.332,672.625,-167.159,125.474,2.642,-35.665
1.373,-1.02,-11.954,-0.092,0.077,0.325,    ,-1280.779,668.287,-155.41,125.472,2.64,-35.667
1.187,-1.873,-12.209,0.019,0.028,0.358,    ,-1282.891,664.543,-145.27,125.471,2.639,-35.669
0.059,-2.491,-10.415,0.436,-0.021,0.325,    ,-1283.806,662.92,-140.874,125.47,2.639,-35.669
0.863,-5.904,-9.414,1.167,0.107,0.306,    ,-1285.241,660.374,-133.981,125.469,2.638,-35.67
1.726,-4.894,-10.071,0.86,0.103,0.492,    ,-1286.147,658.768,-129.63,125.469,2.637,-35.671
2.775,-7.071,-8.512,1.599,0.384,0.318,    ,-1286.426,658.273,-128.284,125.469,2.637,-35.671
-0.029,-9.267,-10.434,2.085,0.115,0.291,    ,-1286.581,657.929,-126.662,125.468,2.637,-35.671
1.265,-7.943,-9.532,1.756,0.125,0.29,    ,-1285.87,658.806,-125.224,125.468,2.637,-35.671
2.962,-7.786,-9.64,1.959,0.404,0.34,    ,-1285.058,659.861,-124.24,125.469,2.637,-35.672
-0.608,-5.237,-7.718,1.444,0.029,0.275,    ,-1282.381,663.348,-121.141,125.469,2.637,-35.672
-1.236,-4.286,-7.983,1.815,0.04,0.093,    ,-1278.748,668.079,-116.937,125.47,2.636,-35.673
1.147,-7.639,-10.699,2.045,0.151,0.254,    ,-1276.925,670.455,-114.827,125.47,2.636,-35.673
1.324,-9.826,-10.071,2.321,0.187,0.357,    ,-1273.577,674.815,-110.952,125.47,2.636,-35.674
-0.726,-9.816,-9.924,2.366,-0.124,0.355,    ,-1271.383,677.672,-108.413,125.471,2.636,-35.674
0.814,-12.033,-9.307,3.179,0.107,0.311,    ,-1270.78,678.457,-107.717,125.471,2.636,-35.674
1.138,-12.101,-10.679,3.155,0.068,0.382,    ,-1270.102,679.343,-106.962,125.471,2.636,-35.674
0.951,-6.855,-6.62,2.856,-0.201,0.405,    ,-1269.426,680.23,-106.293,125.471,2.636,-35.674
0.461,-10.866,-9.356,3.086,0.034,0.358,    ,-1267.902,682.233,-104.806,125.471,2.636,-35.674
-0.304,-10.679,-10.022,2.661,-0.172,0.351,    ,-1266.735,683.765,-103.668,125.471,2.636,-35.674
2.628,-7.169,-10.179,2.391,0.102,0.515,    ,-1263.556,687.943,-100.565,125.471,2.635,-35.673
1.598,-9.973,-9.669,2.506,0.224,0.372,    ,-1259.544,693.213,-96.65,125.47,2.635,-35.672
-2.108,-6.07,-7.502,2.239,-0.383,0.239,    ,-1257.441,695.978,-94.597,125.47,2.635,-35.672
1.03,-10.062,-9.905,2.965,-0.026,0.364,    ,-1253.434,701.242,-90.687,125.47,2.634,-35.671
1.089,-10.778,-10.699,2.827,0.268,0.299,    ,-1250.419,705.203,-87.746,125.47,2.634,-35.671
-2.373,-3.521,-7.6,2.082,-0.165,0.216,    ,-1249.367,706.585,-86.719,125.47,2.634,-35.671
1.54,-9.934,-11.356,2.722,0.174,0.393,    ,-1247.924,708.481,-85.306,125.47,2.634,-35.67
0.088,-6.325,-11.278,2.18,-0.062,0.381,    ,-1247.119,709.532,-84.445,125.47,2.633,-35.67
1.991,-8.267,-10.375,2.095,0.201,0.37,    ,-1246.733,710.031,-83.96,125.47,2.633,-35.67
1.02,-10.395,-10.974,2.837,0.334,0.321,    ,-1245.71,711.347,-82.582,125.47,2.633,-35.67
0.333,-8.149,-11.503,2.509,-0.041,0.435,    ,-1243.652,713.991,-79.785,125.469,2.633,-35.67
2.854,-8.345,-9.787,2.427,0.14,0.468,    ,-1242.163,715.903,-77.763,125.469,2.633,-35.669
-0.353,-7.335,-9.336,2.681,0.026,0.357,    ,-1238.18,721.019,-72.352,125.469,2.633,-35.669
-2.56,-4.933,-7.502,2.51,-0.31,0.288,    ,-1233.309,727.277,-65.735,125.469,2.633,-35.668
1.755,-11.739,-8.963,3.704,0.277,0.399,    ,-1230.669,730.667,-62.149,125.469,2.633,-35.668
-0.745,-8.63,-12.896,2.921,-0.16,0.472,    ,-1225.688,737.066,-55.381,125.469,2.632,-35.667
-1.569,-5.168,-11.758,2.291,-0.005,0.242,    ,-1221.397,742.577,-49.553,125.469,2.632,-35.666
0.235,-7.806,-10.758,2.821,0.101,0.349,    ,-1219.76,744.68,-47.328,125.469,2.632,-35.666
1.657,-9.816,-9.758,2.866,0.114,0.31,    ,-1217.523,747.554,-44.29,125.469,2.632,-35.666
-0.206,-8.865,-8.993,3.06,0.185,0.234,    ,-1216.263,749.173,-42.584,125.468,2.632,-35.665
1.863,-10.454,-11.032,3.069,0.157,0.425,    ,-1215.857,749.696,-42.064,125.468,2.632,-35.665
-2.687,-1.942,-9.179,2.653,-0.253,0.167,    ,-1215.094,750.695,-41.243,125.468,2.632,-35.665
1.461,-9.061,-12.219,3.436,0.111,0.35,    ,-1213.794,752.411,-40.049,125.468,2.632,-35.665
0.99,-8.757,-11.846,3.31,0.1,0.348,    ,-1212.76,753.777,-39.109,125.468,2.632,-35.665
-0.569,-5.776,-12.464,2.306,-0.13,0.214,    ,-1209.66,757.873,-36.288,125.468,2.631,-35.665
2.256,-2.893,-10.013,2.473,-0.297,0.38,    ,-1205.135,763.852,-32.172,125.468,2.631,-35.665
1.04,-5.452,-9.689,2.724,-0.228,0.293,    ,-1202.339,767.546,-29.628,125.468,2.631,-35.664
-2.206,-2.295,-9.826,2.442,-0.431,0.191,    ,-1196.503,775.256,-24.32,125.468,2.63,-35.664
0.765,-9.424,-12.317,3.125,0.149,0.339,    ,-1190.674,782.956,-19.018,125.468,2.63,-35.664
-1.275,-2.932,-10.101,1.981,0.026,0.204,    ,-1187.925,786.59,-16.517,125.468,2.63,-35.664
-1.804,-3.069,-9.375,1.763,-0.191,0.232,    ,-1183.815,792.019,-12.778,125.468,2.629,-35.663
1.51,-5.423,-12.307,2.296,0.195,0.335,    ,-1181.102,795.604,-10.31,125.468,2.629,-35.663
0.235,-5.168,-12.974,2.266,0.215,0.305,    ,-1180.206,796.787,-9.495,125.468,2.629,-35.663
-1.442,-0.373,-10.091,2.177,-0.277,0.224,    ,-1178.562,798.948,-7.847,125.468,2.629,-35.663
-0.098,-4.727,-10.17,2.554,-0.038,0.294,    ,-1174.314,804.481,-2.981,125.468,2.629,-35.663
0.196,-5.796,-11.405,2.486,0.039,0.046,    ,-1171.09,808.677,0.774,125.468,2.629,-35.663
-0.726,5.462,-7.934,1.596,0.021,-0.097,    ,-1169.448,810.456,1.911,125.543,2.619,-35.614
2.707,-9.699,-11.14,2.677,0.096,0.317,    ,-1169.449,810.456,1.911,125.543,2.619,-35.614
1.736,-7.581,-11.807,2.662,0.427,0.188,    ,-1169.449,810.455,1.911,125.543,2.619,-35.614
-1.697,-0.951,-8.444,1.11,-0.177,0.127,    ,-1169.449,810.456,1.911,125.543,2.619,-35.614
0.912,-6.914,-10.493,2.505,0.347,0.194,    ,-1169.449,810.456,1.911,125.543,2.619,-35.614
1.844,-5.619,-9.179,2.39,0.486,0.165,    ,-1169.449,810.456,1.911,125.543,2.619,-35.614
-3.521,-1.795,-6.423,1.76,-0.051,-0.046,    ,-1169.449,810.456,1.911,125.543,2.619,-35.614
0.216,-2.971,-6.727,1.869,0.226,0.179,    ,-1169.449,810.456,1.911,125.543,2.619,-35.614
0.579,-3.03,-9.581,2.397,0.035,0.096,    ,-1169.449,810.456,1.911,125.543,2.619,-35.614
-0.481,0.245,-8.169,1.277,-0.137,0.095,    ,-1169.449,810.456,1.911,125.543,2.619,-35.614
2.913,-9.218,-9.336,2.829,0.364,0.258,    ,-1169.449,810.456,1.911,125.543,2.619,-35.614
-2.471,1.255,-7.404,1.636,-0.379,0.084,    ,-1169.449,810.456,1.911,125.543,2.619,-35.614
3.736,-9.63,-8.532,2.623,0.308,0.347,    ,-1169.449,810.456,1.911,125.543,2.619,-35.614
-2.363,1.157,-6.58,1.042,-0.36,0.148,    ,-1169.449,810.456,1.911,125.543,2.619,-35.614
4.031,-6.973,-9.032,2.1,0.436,0.287,    ,-1169.449,810.456,1.911,125.543,2.619,-35.614
-2.501,-1.324,-8.542,1.403,-0.35,0.13,    ,-1169.449,810.456,1.911,125.543,2.619,-35.614
1.402,0.088,-8.306,1.491,-0.097,0.165,    ,-1169.449,810.456,1.911,125.543,2.619,-35.614
2.422,-1.451,-8.787,1.762,0.115,0.223,    ,-1169.449,810.456,1.911,125.543,2.619,-35.614
-2.412,0.834,-7.218,1.624,-0.19,0.057,    ,-1169.449,810.456,1.911,125.543,2.619,-35.614
4.197,-8.551,-7.286,2.436,0.224,0.323,    ,-1169.449,810.456,1.911,125.543,2.619,-35.614
-2.108,-1.922,-8.483,2.132,-0.155,-0.005,    ,-1169.449,810.456,1.911,125.543,2.619,-35.614
3.462,-5.374,-7.639,1.897,0.336,0.221,    ,-1169.449,810.456,1.911,125.543,2.619,-35.614
-4.315,-1.167,-4.962,1.416,-0.245,0.032,    ,-1169.449,810.456,1.911,125.543,2.619,-35.614
0.863,-2.922,-9.297,2.423,0.115,0.091,    ,-1169.449,810.456,1.911,125.543,2.619,-35.614
0.5,-7.022,-10.101,2.524,0.313,0.17,    ,-1169.449,810.456,1.911,125.543,2.619,-35.614
4.227,-6.786,-8.708,2.094,0.494,0.227,    ,-1169.449,810.456,1.911,125.543,2.619,-35.614
-1.618,-3.677,-7.571,1.68,-0.049,0.145,    ,-1169.449,810.456,1.911,125.543,2.619,-35.614
3.53,-9.444,-8.914,2.755,0.484,0.317,    ,-1169.449,810.456,1.911,125.543,2.619,-35.614
-0.775,0.49,-7.306,1.181,-0.058,0.074,    ,-1169.449,810.456,1.911,125.543,2.619,-35.614
-1.245,-1.785,-8.502,1.695,-0.069,0.178,    ,-1169.449,810.456,1.911,125.543,2.619,-35.614
-0.52,-3.628,-8.257,1.8,0.021,0.182,    ,-1169.449,810.456,1.911,125.543,2.619,-35.614
4.286,-9.66,-8.757,2.58,0.553,0.342,    ,-1169.449,810.456,1.911,125.543,2.619,-35.614
-4.786,-1.422,-4.648,1.258,-0.37,0.048,    ,-1169.449,810.456,1.911,125.543,2.619,-35.614
0.539,-0.353,-7.306,1.404,0.05,0.115,    ,-1169.449,810.456,1.911,125.543,2.619,-35.614
-2.305,-0.157,-5.874,0.92,-0.324,0.122,    ,-1169.449,810.456,1.911,125.543,2.619,-35.614
-2.962,-2.52,-6.865,1.712,-0.021,0.049,    ,-1169.449,810.456,1.911,125.543,2.619,-35.614
1.648,-3.001,-7.806,1.642,0.093,0.183,    ,-1169.449,810.456,1.911,125.543,2.619,-35.614
-0.667,-5.286,-9.601,2.212,0.148,0.151,    ,-1169.449,810.456,1.911,125.543,2.619,-35.614
3.648,-7.973,-7.571,2.289,0.493,0.265,    ,-1169.449,810.456,1.911,125.543,2.619,-35.614
0.873,-2.726,-9.424,2.432,0.057,0.091,    ,-1169.449,810.456,1.911,125.543,2.619,-35.614
-0.941,-4.344,-7.875,1.83,0.058,0.175,    ,-1169.449,810.456,1.911,125.543,2.619,-35.614
1.844,-3.717,-7.286,1.656,0.235,0.217,    ,-1169.449,810.456,1.911,125.543,2.619,-35.614
-4.864,-0.912,-5.05,1.308,-0.422,0.038,    ,-1169.449,810.456,1.911,125.543,2.619,-35.614
1.844,-6.463,-7.424,2.293,0.665,0.143,    ,-1169.449,810.456,1.911,125.543,2.619,-35.614
-3.187,0.892,-6.767,0.967,-0.4,0.112,    ,-1169.449,810.456,1.911,125.543,2.619,-35.614
5.119,-9.493,-9.228,2.809,0.485,0.367,    ,-1169.449,810.456,1.911,125.543,2.619,-35.614
2.481,-2.697,-7.473,1.662,0.129,0.219,    ,-1169.449,810.456,1.911,125.543,2.619,-35.614
-1.648,-1.814,-6.129,1.689,0.002,0.127,    ,-1169.449,810.456,1.911,125.543,2.619,-35.614
3.658,-5.129,-7.512,2.561,0.247,0.256,    ,-1169.449,810.456,1.911,125.543,2.619,-35.614
-2.069,0.294,-6.6,1.569,-0.16,0.085,    ,-1169.449,810.456,1.911,125.543,2.619,-35.614
0.961,-3.628,-6.933,1.556,0.151,0.149,    ,-1169.449,810.456,1.911,125.543,2.619,-35.614
-2.452,-0.775,-6.708,1.714,-0.037,0.065,    ,-1169.449,810.456,1.911,125.543,2.619,-35.614
2.157,-8.659,-9.611,2.776,0.596,0.21,    ,-1169.449,810.456,1.911,125.543,2.619,-35.614
-1.667,0.686,-6.816,0.934,-0.302,0.063,    ,-1169.449,810.456,1.911,125.543,2.619,-35.614
1.177,-5.256,-8.581,2.417,0.493,0.118,    ,-1169.449,810.456,1.911,125.543,2.619,-35.614
3.285,-5.864,-8.444,1.972,0.382,0.245,    ,-1169.449,810.456,1.911,125.543,2.619,-35.614
-1.128,-2.589,-7.581,1.533,-0.19,0.184,    ,-1169.449,810.456,1.911,125.543,2.619,-35.614
1.638,-4.854,-7.63,2.501,0.216,0.212,    ,-1169.449,810.456,1.911,125.543,2.619,-35.614
-2.001,-2.422,-7.384,1.435,-0.143,0.139,    ,-1169.449,810.456,1.911,125.543,2.619,-35.614
-2.697,-0.726,-6.355,1.665,-0.173,0.083,    ,-1169.449,810.456,1.911,125.543,2.619,-35.614
3.511,-5.855,-10.856,2.354,0.26,0.449,    ,-1169.449,810.456,1.911,125.543,2.619,-35.614
4.678,-5.972,-11.317,1.897,0.362,0.45,    ,-1169.449,810.456,1.911,125.543,2.619,-35.614
3.815,-7.571,-11.621,2.49,0.158,0.47,    ,-1169.449,810.456,1.911,125.543,2.619,-35.614
-2.707,0.5,-10.326,1.582,-0.397,0.262,    ,-1169.449,810.456,1.911,125.543,2.619,-35.614
4.197,-8.189,-10.807,2.569,0.242,0.441,    ,-1169.619,810.183,2.359,125.543,2.619,-35.614
-2.138,-4.256,-11.788,2.247,0.33,0.152,    ,-1169.774,809.934,2.769,125.543,2.619,-35.614
-2.157,-1.942,-10.552,2.271,0.029,0.076,    ,-1169.922,809.697,3.159,125.543,2.619,-35.614
-1.157,-1.108,-10.984,1.443,-0.378,0.236,    ,-1169.913,809.711,3.135,125.543,2.619,-35.614
1.216,-6.365,-11.68,2.432,0.5,0.293,    ,-1169.441,810.468,1.891,125.543,2.619,-35.614
-2.334,1.265,-11.699,1.592,-0.338,0.271,    ,-1169.182,810.883,1.209,125.543,2.619,-35.614
-2.118,-1.589,-9.885,1.363,-0.098,0.178,    ,-1168.657,811.725,-0.177,125.543,2.619,-35.614
1.422,-5.962,-13.337,1.833,0.412,0.293,    ,-1168.139,812.556,-1.542,125.543,2.619,-35.614
1.569,-2.216,-12.778,1.13,0.202,0.292,    ,-1167.873,812.983,-2.244,125.543,2.619,-35.614
2.432,-3.217,-12.807,1.166,0.338,0.328,    ,-1167.362,813.801,-3.59,125.543,2.619,-35.614
-0.304,-2.452,-13.818,0.951,0.118,0.229,    ,-1166.866,814.596,-4.897,125.543,2.619,-35.614
0.402,-0.451,-12.67,0.558,-0.091,0.291,    ,-1166.683,814.889,-5.379,125.543,2.619,-35.614
2.01,-1.775,-13.21,0.986,0.273,0.281,    ,-1166.681,814.893,-5.385,125.543,2.619,-35.614
-0.49,-0.481,-12.69,0.475,-0.175,0.276,    ,-1166.681,814.893,-5.385,125.543,2.619,-35.614
2.118,-3.825,-14.073,1.458,0.242,0.324,    ,-1166.681,814.893,-5.385,125.543,2.619,-35.614
-3.256,-0.824,-12.356,0.54,-0.229,0.195,    ,-1166.681,814.893,-5.385,125.543,2.619,-35.614
0.912,-3.364,-13.916,1.092,0.252,0.304,    ,-1166.681,814.893,-5.385,125.543,2.619,-35.614
1.863,-3.756,-13.592,0.97,0.237,0.342,    ,-1166.681,814.893,-5.385,125.543,2.619,-35.614
-1.716,-0.53,-13.17,0.692,-0.056,0.237,    ,-1166.681,814.893,-5.385,125.543,2.619,-35.614
0.284,-1.677,-11.788,0.583,0.081,0.253,    ,-1166.49,815.143,-5.16,125.543,2.619,-35.614
1.108,-3.952,-11.66,0.916,0.058,0.273,    ,-1162.932,819.788,-0.986,125.543,2.619,-35.614
0.216,-3.334,-10.836,0.972,0.036,0.27,    ,-1160.554,822.889,1.801,125.543,2.619,-35.614
0.559,-1,-11.641,0.394,-0.105,0.328,    ,-1155.203,829.866,8.073,125.543,2.619,-35.614
-0.461,-0.108,-12.376,0.628,-0.054,0.215,    ,-1150.076,836.552,14.083,125.543,2.619,-35.614
0.216,0.677,-9.787,0.619,0.049,0.083,    ,-1147.401,840.04,17.219,125.543,2.619,-35.614
-1.324,0.834,-10.513,0.524,-0.022,0.091,    ,-1142.274,846.726,23.229,125.543,2.619,-35.614
0.706,-0.912,-9.66,0.199,0.027,0.162,    ,-1137.072,853.509,29.327,125.543,2.619,-35.614
0.353,-0.245,-10.562,-0.081,0.054,0.087,    ,-1131.87,860.292,35.424,125.543,2.619,-35.614
0.785,-0.824,-11.503,-0.1,-0.174,0.326,    ,-1129.492,863.393,38.212,125.543,2.619,-35.614
0.069,-0.412,-11.209,-0.138,0.032,0.159,    ,-1124.885,869.401,43.612,125.543,2.619,-35.614
-0.618,-0.382,-12.709,-0.141,-0.144,0.184,    ,-1120.129,875.603,49.187,125.543,2.619,-35.614
0.324,-0.775,-12.504,-0.054,-0.147,0.301,    ,-1115.861,881.164,54.187,125.543,2.619,-35.614
0.363,-0.304,-11.984,-0.162,-0.054,0.233,    ,-1115.482,881.657,54.631,125.543,2.619,-35.614
0.167,0.167,-8.738,-0.209,-0.021,0.106,    ,-1115.498,881.611,54.624,125.543,2.616,-35.611
-0.02,-0.431,-8.679,-0.123,-0.143,0.12,    ,-1115.498,881.61,54.624,125.543,2.616,-35.611
0.873,-0.843,-8.944,-0.108,0.073,0.132,    ,-1115.498,881.61,54.624,125.543,2.616,-35.611
0.304,0.098,-8.551,-0.157,-0.042,0.115,    ,-1115.498,881.61,54.624,125.543,2.616,-35.611
0.481,-0.647,-8.404,-0.142,0.027,0.119,    ,-1115.498,881.61,54.624,125.543,2.616,-35.611
0.284,-0.569,-8.512,-0.106,-0.012,0.112,    ,-1115.498,881.61,54.624,125.543,2.616,-35.611
0.892,0.049,-8.502,-0.196,0.029,0.129,    ,-1115.498,881.61,54.624,125.543,2.616,-35.611
0.157,-0.373,-9.542,-0.119,-0.068,0.13,    ,-1115.498,881.61,54.624,125.543,2.616,-35.611
0.078,-0.059,-8.669,-0.153,-0.059,0.108,    ,-1115.498,881.61,54.624,125.543,2.616,-35.611
0.324,0.363,-8.375,-0.242,-0.061,0.119,    ,-1115.498,881.61,54.624,125.543,2.616,-35.611
0.402,-0.647,-8.993,-0.107,0.055,0.123,    ,-1115.498,881.61,54.624,125.543,2.616,-35.611
0.618,0.147,-8.767,-0.217,-0.024,0.126,    ,-1115.498,881.61,54.624,125.543,2.616,-35.611
0.618,0.049,-8.591,-0.159,-0.017,0.122,    ,-1115.498,881.61,54.624,125.543,2.616,-35.611
0.324,-0.353,-9.169,-0.141,-0.024,0.118,    ,-1115.498,881.61,54.624,125.543,2.616,-35.611
0,-0.157,-8.826,-0.154,0.002,0.108,    ,-1115.498,881.61,54.624,125.543,2.616,-35.611
0.422,0.235,-8.591,-0.191,-0.027,0.13,    ,-1115.498,881.61,54.624,125.543,2.616,-35.611
