0.245,-0.020,-0.618,0.007,-0.015,0.025,    ,1334.676,91.180,417.768,-179.133,-0.889,-89.950
0.245,-0.020,-0.618,0.007,-0.015,0.025,    ,1334.676,91.180,417.768,-179.133,-0.889,-89.950
0.245,-0.020,-0.618,0.007,-0.015,0.025,    ,1334.676,91.180,417.768,-179.133,-0.889,-89.950
0.245,-0.020,-0.618,0.007,-0.015,0.025,    ,1334.676,91.180,417.768,-179.133,-0.889,-89.950
0.245,-0.020,-0.618,0.007,-0.015,0.025,    ,1334.676,91.180,417.768,-179.133,-0.889,-89.950
0.294,-0.226,0.363,-0.008,0.001,0.021,    ,1334.676,91.180,417.768,-179.133,-0.889,-89.950
0.088,-0.029,-0.029,-0.010,0.000,0.013,    ,1334.676,91.180,417.768,-179.133,-0.889,-89.950
0.265,-0.088,-0.520,-0.014,-0.001,0.045,    ,1334.676,91.180,417.768,-179.133,-0.889,-89.950
0.206,-0.020,-0.628,-0.011,-0.007,0.031,    ,1334.676,91.180,417.768,-179.133,-0.889,-89.950
0.255,0.059,-0.726,0.002,-0.011,0.029,    ,1334.676,91.180,417.768,-179.133,-0.889,-89.950
0.196,-0.039,-0.137,0.000,-0.008,0.019,    ,1334.676,91.180,417.768,-179.133,-0.889,-89.950
0.333,-0.245,-0.363,-0.005,-0.024,0.024,    ,1334.676,91.180,417.768,-179.133,-0.889,-89.950
0.333,0.216,-0.294,0.004,-0.019,0.016,    ,1334.676,91.180,417.768,-179.133,-0.889,-89.950
0.186,-0.157,0.078,-0.010,-0.012,0.024,    ,1334.676,91.180,417.768,-179.133,-0.889,-89.950
0.245,0.020,0.039,-0.012,0.003,0.011,    ,1334.676,91.180,417.768,-179.133,-0.889,-89.950
0.304,-0.010,-0.294,-0.004,-0.016,0.028,    ,1334.676,91.180,417.768,-179.133,-0.889,-89.950
0.284,0.078,-0.177,0.001,-0.016,0.015,    ,1334.676,91.180,417.768,-179.133,-0.889,-89.950
0.059,-0.108,0.020,-0.014,0.001,0.007,    ,1334.676,91.180,417.768,-179.133,-0.889,-89.950
0.059,-0.108,0.020,-0.014,0.001,0.007,    ,1334.676,91.180,417.768,-179.133,-0.889,-89.950
0.226,0.059,0.088,0.009,-0.009,0.002,    ,1334.676,91.180,417.768,-179.133,-0.889,-89.950
0.127,0.088,-0.402,-0.009,-0.005,0.024,    ,1334.676,91.180,417.768,-179.133,-0.889,-89.950
0.167,0.127,-0.432,0.005,-0.011,0.023,    ,1334.676,91.180,417.768,-179.133,-0.889,-89.950
0.186,-0.049,0.196,-0.015,0.005,0.014,    ,1334.676,91.180,417.768,-179.133,-0.889,-89.950
0.108,0.078,-0.549,0.002,-0.011,0.025,    ,1334.676,91.180,417.768,-179.133,-0.889,-89.950
0.314,-0.029,-0.363,0.001,-0.020,0.027,    ,1334.676,91.180,417.768,-179.133,-0.889,-89.950
0.098,0.127,-0.324,0.006,-0.012,0.019,    ,1334.676,91.180,417.768,-179.133,-0.889,-89.950
0.265,0.157,0.088,-0.001,-0.007,0.016,    ,1334.676,91.180,417.768,-179.133,-0.889,-89.950
0.206,0.098,0.333,-0.004,-0.006,0.004,    ,1334.676,91.180,417.768,-179.133,-0.889,-89.950
0.294,-0.010,-0.549,-0.001,-0.014,0.022,    ,1334.676,91.180,417.768,-179.133,-0.889,-89.950
0.186,0.186,0.206,-0.003,-0.004,0.004,    ,1334.676,91.180,417.768,-179.133,-0.889,-89.950
0.333,0.010,-0.500,-0.002,-0.011,0.034,    ,1334.676,91.180,417.768,-179.133,-0.889,-89.950
0.206,-0.118,-0.157,-0.011,-0.001,0.012,    ,1334.676,91.180,417.768,-179.133,-0.889,-89.950
0.069,0.029,0.382,-0.018,0.004,0.005,    ,1334.676,91.180,417.768,-179.133,-0.889,-89.950
0.235,0.098,-0.569,-0.004,-0.011,0.028,    ,1334.676,91.180,417.768,-179.133,-0.889,-89.950
0.167,0.196,-0.559,0.004,-0.002,0.022,    ,1334.676,91.180,417.768,-179.133,-0.889,-89.950
0.314,-0.059,0.196,-0.005,-0.014,0.011,    ,1334.676,91.180,417.768,-179.133,-0.889,-89.950
0.373,-0.069,-0.118,-0.011,-0.008,0.011,    ,1334.676,91.180,417.768,-179.133,-0.889,-89.950
0.382,-0.039,0.265,-0.005,-0.016,0.011,    ,1334.676,91.180,417.768,-179.133,-0.889,-89.950
0.137,0.078,0.108,-0.001,-0.003,0.012,    ,1334.676,91.180,417.768,-179.133,-0.889,-89.950
0.392,-0.029,-0.196,-0.007,-0.015,0.015,    ,1334.676,91.180,417.768,-179.133,-0.889,-89.950
0.922,-0.118,0.441,-0.076,0.000,0.109,    ,1334.676,91.180,417.767,-179.133,-0.864,-89.950
-0.284,-0.186,1.981,-0.016,0.044,-0.087,    ,1334.675,91.180,417.766,-179.133,-0.592,-89.950
0.382,0.157,1.245,-0.016,-0.005,-0.017,    ,1334.676,91.180,417.768,-179.133,-0.402,-89.950
0.412,-0.049,1.363,-0.018,0.014,-0.006,    ,1334.676,91.180,417.768,-179.133,-0.402,-89.950
0.167,-0.127,1.422,-0.020,0.000,-0.007,    ,1334.676,91.180,417.766,-179.133,-0.287,-89.950
0.686,-0.657,2.530,-0.110,0.037,0.027,    ,1334.675,91.181,417.765,-179.133,0.221,-89.950
1.304,0.441,1.853,0.046,-0.062,-0.025,    ,1334.675,91.180,417.764,-179.132,0.803,-89.950
1.049,0.402,2.893,-0.028,0.076,0.023,    ,1334.675,91.181,417.765,-179.132,1.456,-89.950
1.795,-0.412,3.158,-0.135,0.093,0.174,    ,1334.675,91.181,417.765,-179.131,1.789,-89.950
2.864,-0.255,1.873,-0.053,-0.042,0.211,    ,1334.675,91.181,417.765,-179.131,2.454,-89.950
2.452,0.265,0.608,0.003,-0.065,0.136,    ,1334.675,91.181,417.765,-179.130,3.059,-89.950
3.001,-0.363,1.049,-0.085,-0.004,0.233,    ,1334.675,91.181,417.765,-179.130,3.724,-89.950
3.609,0.402,0.716,0.081,-0.024,0.223,    ,1334.675,91.181,417.765,-179.129,4.306,-89.949
3.883,-0.461,2.226,-0.106,0.042,0.279,    ,1334.675,91.181,417.765,-179.129,4.959,-89.949
4.197,-0.755,3.069,-0.127,0.060,0.325,    ,1334.675,91.181,417.765,-179.128,5.612,-89.949
4.531,-0.353,2.736,-0.103,0.047,0.319,    ,1334.675,91.181,417.765,-179.127,6.206,-89.949
5.080,1.069,0.834,0.146,-0.108,0.279,    ,1334.675,91.181,417.765,-179.127,6.812,-89.949
5.237,-0.951,1.589,-0.170,0.049,0.421,    ,1334.675,91.181,417.765,-179.126,7.417,-89.949
6.011,-0.490,1.344,-0.027,0.032,0.446,    ,1334.675,91.181,417.765,-179.126,8.083,-89.949
6.306,0.549,-0.304,0.121,-0.158,0.377,    ,1334.675,91.181,417.765,-179.125,8.748,-89.949
6.345,-0.618,1.549,-0.119,0.029,0.440,    ,1334.675,91.181,417.765,-179.125,9.329,-89.949
7.296,0.255,0.794,0.077,-0.112,0.452,    ,1334.675,91.181,417.765,-179.124,9.983,-89.949
6.708,0.127,1.618,-0.034,0.003,0.473,    ,1334.675,91.181,417.765,-179.124,10.564,-89.949
7.786,-0.078,1.373,0.026,-0.106,0.476,    ,1334.675,91.181,417.765,-179.123,11.217,-89.949
8.140,0.569,0.157,0.132,-0.142,0.535,    ,1334.675,91.181,417.765,-179.122,11.882,-89.949
7.737,-0.422,0.363,-0.052,-0.074,0.535,    ,1334.675,91.181,417.765,-179.122,12.464,-89.948
9.287,0.333,-0.039,0.082,-0.104,0.695,    ,1334.675,91.181,417.765,-179.121,12.999,-89.948
9.591,0.098,0.049,0.087,-0.076,0.693,    ,1334.675,91.181,417.765,-179.121,13.652,-89.948
9.101,-0.559,0.981,-0.089,-0.017,0.702,    ,1334.675,91.181,417.765,-179.120,14.186,-89.948
9.816,-0.657,1.187,-0.061,-0.040,0.702,    ,1334.675,91.181,417.765,-179.120,14.851,-89.948
9.973,-0.294,1.569,-0.010,-0.054,0.760,    ,1334.675,91.181,417.765,-179.119,15.433,-89.948
10.866,0.451,0.520,0.157,-0.188,0.755,    ,1334.675,91.181,417.765,-179.118,16.074,-89.948
11.366,0.245,0.284,0.141,-0.172,0.819,    ,1334.675,91.181,417.765,-179.118,16.668,-89.947
11.474,-0.608,0.098,-0.028,-0.098,0.801,    ,1334.675,91.181,417.765,-179.117,17.274,-89.947
11.886,-0.716,0.059,0.001,-0.085,0.871,    ,1334.675,91.181,417.765,-179.117,17.927,-89.947
12.415,-0.490,-0.530,0.056,-0.198,0.860,    ,1334.675,91.181,417.765,-179.116,18.841,-89.947
12.798,0.539,-0.981,0.255,-0.225,0.916,    ,1334.675,91.181,417.765,-179.116,19.102,-89.947
12.464,0.402,-0.314,0.161,-0.108,0.882,    ,1334.675,91.181,417.765,-179.115,19.767,-89.947
13.366,0.137,0.108,0.181,-0.199,0.923,    ,1334.675,91.181,417.765,-179.114,20.409,-89.946
14.161,0.755,-0.902,0.284,-0.272,1.047,    ,1334.675,91.181,417.765,-179.114,21.074,-89.946
14.161,0.255,-0.108,0.242,-0.184,0.965,    ,1334.675,91.182,417.765,-179.113,21.667,-89.946
14.073,-0.726,-0.432,0.078,-0.157,0.972,    ,1334.675,91.182,417.765,-179.112,22.249,-89.946
15.063,0.304,-1.863,0.280,-0.306,1.045,    ,1334.675,91.181,417.765,-179.112,22.867,-89.945
14.994,-0.069,-1.902,0.192,-0.264,1.024,    ,1334.675,91.182,417.765,-179.111,23.472,-89.945
14.965,-0.922,0.088,0.030,-0.151,1.089,    ,1334.675,91.182,417.765,-179.110,24.137,-89.945
15.730,0.137,-1.461,0.265,-0.302,1.105,    ,1334.675,91.182,417.765,-179.110,24.802,-89.945
15.995,0.637,-1.667,0.279,-0.315,1.042,    ,1334.675,91.182,417.765,-179.109,25.384,-89.944
16.436,-0.422,-1.079,0.171,-0.278,1.128,    ,1334.675,91.182,417.765,-179.108,26.037,-89.944
16.867,0.333,-1.706,0.313,-0.297,1.047,    ,1334.674,91.183,417.763,-179.108,26.741,-89.944
17.613,0.530,-3.432,0.344,-0.342,1.292,    ,1334.674,91.183,417.762,-179.107,27.469,-89.943
17.299,-0.206,-2.491,0.210,-0.268,1.259,    ,1334.673,91.184,417.760,-179.106,28.356,-89.943
17.642,-1.187,-1.226,0.129,-0.220,1.214,    ,1334.672,91.185,417.760,-179.105,29.286,-89.942
19.937,1.089,-3.305,0.505,-0.476,1.447,    ,1334.671,91.186,417.757,-179.105,30.155,-89.942
19.182,0.294,-2.354,0.372,-0.332,1.351,    ,1334.671,91.187,417.756,-179.104,30.691,-89.942
19.751,0.853,-4.315,0.452,-0.414,1.382,    ,1334.671,91.187,417.757,-179.103,31.755,-89.941
20.074,0.245,-4.697,0.475,-0.451,1.450,    ,1334.671,91.187,417.757,-179.102,32.724,-89.940
20.398,-0.814,-3.570,0.368,-0.406,1.451,    ,1334.671,91.187,417.757,-179.100,33.788,-89.940
20.927,0.510,-3.256,0.492,-0.451,1.408,    ,1334.671,91.188,417.757,-179.099,34.757,-89.939
20.476,-0.618,-2.903,0.363,-0.387,1.434,    ,1334.671,91.188,417.757,-179.098,35.802,-89.938
22.271,-0.765,-5.364,0.457,-0.454,1.650,    ,1334.671,91.188,417.757,-179.096,36.866,-89.937
23.889,0.353,-7.561,0.723,-0.607,1.740,    ,1334.671,91.188,417.757,-179.095,37.702,-89.937
21.712,-1.187,-4.354,0.377,-0.392,1.526,    ,1334.671,91.188,417.757,-179.094,38.766,-89.936
25.027,1.030,-7.698,0.858,-0.717,1.820,    ,1334.671,91.188,417.757,-179.092,39.830,-89.935
23.291,-0.755,-5.354,0.517,-0.509,1.690,    ,1334.671,91.188,417.758,-179.091,40.932,-89.934
23.977,-0.265,-6.561,0.688,-0.572,1.706,    ,1334.671,91.189,417.758,-179.089,41.996,-89.933
26.262,1.059,-9.581,0.887,-0.760,1.880,    ,1334.671,91.189,417.758,-179.088,42.927,-89.932
25.164,-0.078,-7.267,0.623,-0.587,1.784,    ,1334.671,91.189,417.758,-179.086,43.991,-89.931
26.399,0.422,-8.865,0.826,-0.688,1.823,    ,1334.671,91.189,417.758,-179.084,44.941,-89.929
26.115,-0.157,-7.492,0.742,-0.639,1.904,    ,1334.671,91.189,417.758,-179.083,45.492,-89.929
26.988,0.049,-9.503,0.812,-0.710,1.995,    ,1334.671,91.189,417.758,-179.081,46.556,-89.927
27.772,0.363,-10.395,0.926,-0.788,1.977,    ,1334.672,91.189,417.758,-179.079,47.582,-89.926
28.145,-0.098,-10.709,0.854,-0.784,2.130,    ,1334.671,91.190,417.759,-179.077,48.684,-89.924
28.057,-0.157,-10.042,0.924,-0.800,2.042,    ,1334.672,91.190,417.759,-179.075,49.748,-89.923
29.479,0.137,-11.003,1.045,-0.849,2.167,    ,1334.671,91.190,417.759,-179.073,50.812,-89.921
29.204,0.431,-10.699,1.020,-0.848,2.051,    ,1334.672,91.190,417.759,-179.071,51.781,-89.919
28.988,-0.186,-12.749,1.034,-0.880,2.178,    ,1334.672,91.190,417.759,-179.068,52.845,-89.917
30.028,-0.716,-12.543,1.000,-0.886,2.229,    ,1334.672,91.190,417.760,-179.066,53.852,-89.915
29.528,0.461,-12.670,1.162,-0.876,2.171,    ,1334.672,91.190,417.760,-179.063,54.802,-89.913
30.989,-0.549,-13.033,1.145,-0.987,2.322,    ,1334.672,91.190,417.760,-179.060,55.847,-89.911
31.156,-0.039,-13.857,1.220,-0.981,2.222,    ,1334.672,91.191,417.760,-179.057,56.911,-89.909
32.038,-0.471,-14.112,1.224,-1.025,2.343,    ,1334.672,91.191,417.760,-179.055,57.861,-89.906
31.626,-0.039,-15.955,1.323,-1.032,2.434,    ,1334.672,91.191,417.760,-179.053,58.412,-89.905
31.715,0.392,-16.416,1.340,-0.998,2.290,    ,1334.672,91.191,417.760,-179.049,59.476,-89.902
31.911,0.853,-15.534,1.366,-0.999,2.402,    ,1334.672,91.191,417.761,-179.046,60.540,-89.899
32.784,-0.353,-15.867,1.272,-1.087,2.294,    ,1334.672,91.191,417.761,-179.042,61.604,-89.895
32.244,0.098,-15.828,1.359,-1.037,2.358,    ,1334.672,91.191,417.761,-179.038,62.668,-89.892
31.754,-0.745,-16.828,1.335,-1.030,2.355,    ,1334.672,91.191,417.761,-179.033,63.751,-89.887
33.588,-0.431,-18.437,1.483,-1.139,2.699,    ,1334.672,91.191,417.761,-179.028,64.815,-89.883
33.146,-0.402,-19.378,1.520,-1.196,2.382,    ,1334.672,91.191,417.762,-179.023,65.898,-89.878
34.039,0.275,-20.133,1.648,-1.248,2.492,    ,1334.672,91.191,417.762,-179.018,66.848,-89.873
33.990,-0.049,-20.388,1.632,-1.264,2.429,    ,1334.672,91.191,417.762,-179.014,67.380,-89.871
34.147,0.010,-19.957,1.604,-1.216,2.438,    ,1334.672,91.192,417.762,-179.008,68.444,-89.865
34.539,-0.912,-20.663,1.697,-1.323,2.508,    ,1334.672,91.192,417.763,-179.001,69.508,-89.858
35.579,0.049,-21.859,1.866,-1.335,2.702,    ,1334.673,91.192,417.763,-178.993,70.572,-89.851
35.628,0.216,-23.546,1.888,-1.416,2.672,    ,1334.673,91.192,417.763,-178.984,71.655,-89.842
36.020,0.206,-24.487,1.960,-1.461,2.661,    ,1334.673,91.192,417.763,-178.974,72.719,-89.833
35.559,-0.127,-23.683,1.904,-1.419,2.643,    ,1334.673,91.192,417.763,-178.969,73.251,-89.828
35.000,0.029,-23.536,1.963,-1.364,2.616,    ,1334.673,91.192,417.763,-178.957,74.334,-89.816
35.912,0.402,-23.948,2.010,-1.436,2.582,    ,1334.673,91.192,417.764,-178.943,75.398,-89.803
34.882,-0.363,-23.075,1.924,-1.395,2.616,    ,1334.673,91.192,417.764,-178.928,76.462,-89.788
35.167,-0.696,-24.321,1.901,-1.385,2.698,    ,1334.673,91.192,417.764,-178.909,77.526,-89.770
35.569,-0.451,-26.164,2.085,-1.464,2.629,    ,1334.673,91.192,417.764,-178.888,78.590,-89.749
36.118,-0.412,-27.498,2.154,-1.518,2.767,    ,1334.673,91.192,417.765,-178.861,79.692,-89.723
36.226,-0.255,-27.743,2.156,-1.571,2.695,    ,1334.673,91.192,417.765,-178.846,80.205,-89.708
36.824,0.637,-28.106,2.261,-1.636,2.754,    ,1334.673,91.192,417.765,-178.811,81.250,-89.674
36.294,-0.098,-27.625,2.274,-1.607,2.638,    ,1334.673,91.192,417.765,-178.766,82.314,-89.629
36.922,-0.010,-28.145,2.328,-1.703,2.758,    ,1334.674,91.192,417.766,-178.706,83.378,-89.570
37.324,-0.402,-28.371,2.288,-1.679,2.834,    ,1334.674,91.192,417.766,-178.633,84.347,-89.497
36.530,-0.785,-28.871,2.339,-1.648,2.745,    ,1334.674,91.192,417.766,-178.516,85.411,-89.380
36.893,0.069,-30.126,2.519,-1.727,2.743,    ,1334.674,91.192,417.766,-178.350,86.380,-89.215
36.343,-0.608,-31.215,2.424,-1.694,2.704,    ,1334.674,91.192,417.767,-178.055,87.368,-88.921
36.844,-0.186,-32.225,2.540,-1.757,2.906,    ,1334.674,91.192,417.767,-177.407,88.356,-88.273
36.500,-0.402,-32.578,2.612,-1.745,2.769,    ,1334.674,91.192,417.767,-174.811,89.343,-85.677
35.951,-0.520,-33.176,2.564,-1.746,2.802,    ,1334.674,91.192,417.767,-9.332,89.720,79.802
36.608,-0.255,-33.372,2.665,-1.761,2.880,    ,1334.675,91.189,417.768,-1.455,88.773,87.678
37.050,-0.363,-33.882,2.662,-1.784,2.844,    ,1334.676,91.180,417.768,-0.784,88.255,88.348
36.510,-0.490,-33.519,2.664,-1.776,2.835,    ,1334.676,91.180,417.768,-0.781,88.251,88.351
36.530,-0.265,-34.117,2.666,-1.782,2.847,    ,1334.676,91.180,417.768,-0.781,88.251,88.351
36.667,-0.608,-33.862,2.661,-1.789,2.844,    ,1334.676,91.180,417.768,-0.781,88.251,88.351
36.657,-0.461,-33.676,2.662,-1.788,2.825,    ,1334.676,91.180,417.768,-0.781,88.251,88.351
36.657,-0.441,-33.627,2.663,-1.784,2.815,    ,1334.676,91.180,417.768,-0.781,88.251,88.351
36.530,-0.530,-33.951,2.658,-1.780,2.848,    ,1334.676,91.180,417.768,-0.781,88.251,88.351
36.569,-0.608,-33.951,2.658,-1.781,2.853,    ,1334.676,91.180,417.768,-0.781,88.251,88.351
36.373,-0.608,-34.411,2.712,-1.807,2.818,    ,1334.676,91.180,417.768,-0.796,88.268,88.335
36.775,-0.559,-33.980,2.610,-1.835,2.717,    ,1334.675,91.189,417.768,-1.373,88.727,87.760
36.608,-0.549,-33.853,2.635,-1.791,2.917,    ,1334.674,91.192,417.767,-11.913,89.776,77.220
36.942,-0.431,-33.264,2.522,-1.786,2.857,    ,1334.674,91.192,417.767,-169.582,89.701,-80.448
36.647,0.304,-33.578,2.578,-1.819,2.771,    ,1334.674,91.192,417.767,-177.044,88.641,-87.910
37.059,-0.441,-31.931,2.500,-1.732,2.789,    ,1334.674,91.192,417.766,-178.141,87.140,-89.006
36.118,-0.265,-30.028,2.448,-1.684,2.632,    ,1334.674,91.192,417.766,-178.374,86.266,-89.239
36.481,-0.059,-29.597,2.409,-1.676,2.735,    ,1334.674,91.192,417.766,-178.543,85.202,-89.407
36.187,-0.275,-29.763,2.366,-1.647,2.632,    ,1334.674,91.192,417.766,-178.634,84.328,-89.498
36.696,-0.049,-29.028,2.406,-1.647,2.656,    ,1334.674,91.192,417.766,-178.714,83.264,-89.577
36.628,-0.892,-28.802,2.251,-1.652,2.763,    ,1334.674,91.192,417.765,-178.772,82.181,-89.635
36.716,0.883,-28.479,2.407,-1.614,2.628,    ,1334.674,91.192,417.765,-178.792,81.744,-89.654
35.431,0.000,-27.743,2.209,-1.536,2.590,    ,1334.673,91.192,417.765,-178.832,80.661,-89.694
36.226,0.235,-27.959,2.210,-1.544,2.619,    ,1334.673,91.192,417.765,-178.863,79.597,-89.725
36.343,0.402,-26.537,2.153,-1.527,2.623,    ,1334.673,91.192,417.764,-178.889,78.533,-89.750
35.579,-0.206,-25.360,2.091,-1.461,2.596,    ,1334.673,91.192,417.764,-178.909,77.564,-89.769
35.245,-0.275,-23.065,1.902,-1.385,2.511,    ,1334.673,91.192,417.764,-178.927,76.500,-89.787
35.784,0.010,-22.967,1.964,-1.414,2.541,    ,1334.673,91.192,417.764,-178.942,75.455,-89.802
35.559,0.157,-23.173,1.912,-1.418,2.543,    ,1334.673,91.192,417.764,-178.956,74.391,-89.815
35.147,0.333,-23.183,1.910,-1.384,2.504,    ,1334.673,91.192,417.763,-178.967,73.422,-89.826
35.010,-0.029,-22.555,1.879,-1.357,2.499,    ,1334.673,91.192,417.763,-178.972,72.890,-89.831
35.029,0.520,-22.634,1.857,-1.308,2.592,    ,1334.673,91.192,417.763,-178.983,71.807,-89.841
34.451,-0.314,-21.418,1.743,-1.288,2.525,    ,1334.673,91.191,417.763,-178.992,70.743,-89.849
34.539,0.431,-19.937,1.714,-1.293,2.398,    ,1334.673,91.191,417.763,-179.000,69.660,-89.857
34.353,0.098,-19.398,1.684,-1.261,2.423,    ,1334.673,91.191,417.762,-179.007,68.596,-89.864
34.215,0.020,-19.613,1.647,-1.226,2.506,    ,1334.673,91.191,417.762,-179.013,67.608,-89.869
34.863,1.079,-20.143,1.699,-1.283,2.390,    ,1334.672,91.191,417.762,-179.019,66.544,-89.875
34.068,0.127,-19.025,1.588,-1.180,2.444,    ,1334.672,91.191,417.762,-179.025,65.480,-89.880
33.715,0.020,-19.074,1.517,-1.172,2.339,    ,1334.672,91.191,417.761,-179.027,64.948,-89.882
32.352,-0.078,-16.299,1.453,-1.096,2.445,    ,1334.672,91.191,417.761,-179.032,63.903,-89.887
32.842,0.226,-16.191,1.433,-1.059,2.382,    ,1334.672,91.191,417.761,-179.037,62.839,-89.891
32.029,0.324,-15.612,1.455,-1.031,2.209,    ,1334.672,91.191,417.761,-179.041,61.775,-89.895
31.842,0.490,-15.151,1.377,-1.026,2.192,    ,1334.672,91.191,417.761,-179.045,60.730,-89.898
31.793,0.373,-15.818,1.328,-1.032,2.349,    ,1334.672,91.191,417.760,-179.048,59.856,-89.901
31.695,0.078,-15.063,1.258,-1.045,2.277,    ,1334.672,91.191,417.760,-179.052,58.773,-89.904
31.371,0.471,-13.543,1.299,-0.984,2.244,    ,1334.672,91.191,417.760,-179.055,57.709,-89.907
30.969,0.235,-13.219,1.275,-0.976,2.222,    ,1334.672,91.190,417.760,-179.058,56.607,-89.909
30.273,0.186,-12.454,1.240,-0.929,2.095,    ,1334.672,91.190,417.760,-179.061,55.562,-89.912
29.900,0.402,-12.651,1.205,-0.920,2.139,    ,1334.672,91.190,417.760,-179.064,54.612,-89.914
29.410,0.510,-12.788,1.152,-0.899,1.983,    ,1334.672,91.190,417.759,-179.066,53.548,-89.916
29.616,0.373,-11.758,1.105,-0.937,2.173,    ,1334.672,91.190,417.759,-179.068,52.997,-89.917
29.116,0.588,-10.562,1.080,-0.846,1.934,    ,1334.672,91.190,417.759,-179.070,51.933,-89.919
28.184,0.245,-9.032,0.973,-0.774,1.897,    ,1334.672,91.190,417.759,-179.073,50.869,-89.921
28.057,-0.088,-9.414,0.948,-0.792,2.025,    ,1334.672,91.190,417.759,-179.075,49.805,-89.923
27.969,-0.363,-9.493,0.880,-0.790,1.996,    ,1334.672,91.189,417.759,-179.077,48.760,-89.924
27.164,0.039,-8.483,0.879,-0.732,1.843,    ,1334.672,91.189,417.758,-179.079,47.677,-89.926
26.743,0.186,-8.061,0.899,-0.702,1.766,    ,1334.672,91.189,417.758,-179.081,46.613,-89.927
26.684,0.206,-7.071,0.842,-0.732,1.902,    ,1334.672,91.189,417.758,-179.082,46.081,-89.928
26.243,0.245,-6.688,0.735,-0.677,1.835,    ,1334.672,91.189,417.758,-179.084,45.036,-89.929
26.458,0.932,-8.149,0.906,-0.755,1.750,    ,1334.672,91.189,417.758,-179.086,43.972,-89.931
24.889,0.127,-7.090,0.720,-0.636,1.662,    ,1334.672,91.189,417.758,-179.088,42.889,-89.932
25.595,0.843,-6.904,0.836,-0.689,1.732,    ,1334.671,91.189,417.758,-179.089,41.844,-89.933
23.948,0.520,-4.295,0.685,-0.607,1.661,    ,1334.671,91.188,417.758,-179.091,40.780,-89.934
24.350,1.118,-5.050,0.694,-0.601,1.581,    ,1334.671,91.188,417.757,-179.092,39.906,-89.935
22.938,0.745,-4.550,0.714,-0.578,1.505,    ,1334.671,91.188,417.757,-179.094,38.842,-89.936
23.977,1.579,-6.178,0.851,-0.704,1.601,    ,1334.671,91.188,417.757,-179.095,37.873,-89.937
21.133,-0.177,-4.335,0.555,-0.484,1.376,    ,1334.671,91.188,417.757,-179.097,36.752,-89.937
22.124,0.794,-4.403,0.693,-0.579,1.436,    ,1334.671,91.188,417.757,-179.098,35.688,-89.938
21.016,-0.422,-2.108,0.457,-0.455,1.399,    ,1334.671,91.188,417.757,-179.099,35.156,-89.939
20.859,1.040,-3.334,0.568,-0.480,1.384,    ,1334.671,91.187,417.757,-179.100,34.092,-89.939
20.820,0.598,-3.638,0.516,-0.495,1.393,    ,1334.671,91.187,417.757,-179.101,33.028,-89.940
19.947,-0.020,-2.520,0.436,-0.448,1.258,    ,1334.671,91.187,417.757,-179.103,32.078,-89.941
18.956,0.088,-1.059,0.452,-0.396,1.076,    ,1334.671,91.187,417.756,-179.104,30.672,-89.942
18.182,0.922,-1.138,0.498,-0.412,1.127,    ,1334.671,91.187,417.756,-179.105,30.216,-89.942
18.486,0.647,-1.049,0.500,-0.422,1.148,    ,1334.671,91.186,417.756,-179.106,29.190,-89.943
17.917,1.108,-1.922,0.446,-0.436,1.098,    ,1334.671,91.186,417.756,-179.107,28.126,-89.943
17.368,0.834,-1.412,0.374,-0.387,1.073,    ,1334.671,91.186,417.756,-179.108,27.176,-89.944
16.299,0.657,0.128,0.368,-0.325,0.971,    ,1334.671,91.186,417.756,-179.109,26.112,-89.944
15.887,1.285,0.559,0.358,-0.338,0.879,    ,1334.671,91.186,417.756,-179.110,25.143,-89.944
15.112,1.422,-0.392,0.403,-0.347,0.845,    ,1334.671,91.186,417.756,-179.112,24.098,-89.945
15.181,0.922,-0.951,0.394,-0.381,0.929,    ,1334.671,91.185,417.756,-179.113,23.053,-89.945
14.426,0.932,0.579,0.326,-0.320,0.830,    ,1334.671,91.185,417.756,-179.114,21.989,-89.946
13.504,0.745,1.265,0.331,-0.278,0.698,    ,1334.671,91.185,417.756,-179.115,20.944,-89.946
13.710,0.824,1.491,0.280,-0.298,0.773,    ,1334.671,91.185,417.756,-179.116,19.880,-89.947
13.004,0.951,0.755,0.367,-0.331,0.686,    ,1334.671,91.185,417.755,-179.117,18.854,-89.947
11.817,1.294,0.353,0.345,-0.309,0.593,    ,1334.671,91.184,417.755,-179.118,17.809,-89.947
11.631,0.922,1.353,0.235,-0.276,0.567,    ,1334.671,91.184,417.755,-179.119,16.878,-89.947
10.699,1.147,2.138,0.270,-0.252,0.512,    ,1334.671,91.184,417.755,-179.120,15.814,-89.948
10.307,1.393,1.589,0.317,-0.263,0.437,    ,1334.671,91.184,417.755,-179.121,14.845,-89.948
9.865,1.069,1.010,0.293,-0.312,0.428,    ,1334.671,91.184,417.755,-179.121,13.990,-89.948
8.875,1.314,1.598,0.296,-0.268,0.365,    ,1334.671,91.184,417.755,-179.122,13.040,-89.948
8.149,1.804,1.608,0.308,-0.228,0.303,    ,1334.671,91.183,417.755,-179.123,12.090,-89.948
7.522,1.334,2.373,0.272,-0.225,0.232,    ,1334.671,91.183,417.755,-179.124,11.121,-89.949
7.208,1.716,1.638,0.353,-0.264,0.208,    ,1334.671,91.183,417.755,-179.125,10.152,-89.949
7.188,1.648,0.843,0.329,-0.293,0.219,    ,1334.671,91.183,417.755,-179.126,9.088,-89.949
6.080,1.755,0.814,0.339,-0.288,0.076,    ,1334.671,91.183,417.755,-179.127,8.176,-89.949
5.148,1.755,3.099,0.269,-0.227,-0.013,    ,1334.671,91.182,417.755,-179.128,7.226,-89.949
4.511,1.873,3.197,0.294,-0.220,-0.057,    ,1334.671,91.182,417.755,-179.129,6.162,-89.949
4.599,1.510,2.148,0.317,-0.256,-0.013,    ,1334.671,91.182,417.755,-179.129,5.098,-89.949
3.883,1.520,1.481,0.299,-0.273,-0.011,    ,1334.671,91.182,417.755,-179.130,4.053,-89.949
3.079,1.706,1.745,0.327,-0.254,-0.110,    ,1334.671,91.182,417.755,-179.131,2.970,-89.949
2.795,1.706,2.687,0.315,-0.250,-0.162,    ,1334.671,91.181,417.755,-179.132,2.457,-89.949
1.902,1.598,3.030,0.272,-0.213,-0.236,    ,1334.671,91.181,417.755,-179.133,0.975,-89.949
1.344,2.020,2.393,0.304,-0.237,-0.259,    ,1334.671,91.181,417.755,-179.134,-0.070,-89.949
0.804,1.863,1.745,0.310,-0.247,-0.335,    ,1334.671,91.181,417.755,-179.135,-0.944,-89.949
0.059,1.530,1.755,0.298,-0.216,-0.377,    ,1334.671,91.181,417.755,-179.136,-2.008,-89.949
-0.824,2.069,2.059,0.351,-0.239,-0.424,    ,1334.671,91.180,417.755,-179.136,-2.521,-89.949
-1.442,1.834,3.628,0.287,-0.213,-0.495,    ,1334.671,91.180,417.755,-179.137,-3.604,-89.949
-1.589,1.834,2.501,0.312,-0.252,-0.466,    ,1334.671,91.180,417.755,-179.138,-4.668,-89.949
-2.511,1.952,1.510,0.361,-0.228,-0.610,    ,1334.671,91.180,417.755,-179.139,-5.751,-89.949
-3.589,2.177,1.363,0.379,-0.227,-0.702,    ,1334.671,91.180,417.755,-179.140,-6.777,-89.949
-3.717,1.520,2.138,0.366,-0.251,-0.715,    ,1334.671,91.179,417.755,-179.141,-7.841,-89.949
-4.462,1.991,2.971,0.324,-0.189,-0.759,    ,1334.671,91.179,417.755,-179.142,-8.905,-89.949
-5.462,2.197,2.373,0.380,-0.205,-0.872,    ,1334.671,91.179,417.755,-179.143,-9.950,-89.949
-5.649,2.236,0.794,0.466,-0.249,-0.794,    ,1334.672,91.179,417.755,-179.144,-10.824,-89.948
-6.404,2.530,1.206,0.473,-0.273,-0.909,    ,1334.672,91.179,417.755,-179.144,-11.774,-89.948
-6.933,2.344,1.432,0.457,-0.277,-0.926,    ,1334.672,91.178,417.755,-179.145,-12.762,-89.948
-7.296,2.050,2.010,0.471,-0.278,-0.957,    ,1334.672,91.178,417.755,-179.146,-13.807,-89.948
-8.571,2.393,1.922,0.479,-0.239,-1.166,    ,1334.672,91.178,417.755,-179.147,-14.871,-89.948
-9.581,2.422,1.510,0.473,-0.209,-1.282,    ,1334.672,91.178,417.755,-179.148,-15.840,-89.947
-9.365,2.148,0.314,0.524,-0.286,-1.143,    ,1334.672,91.178,417.755,-179.149,-16.771,-89.947
-9.660,2.285,-0.373,0.497,-0.312,-1.066,    ,1334.672,91.177,417.755,-179.150,-17.721,-89.947
-10.572,2.589,0.677,0.570,-0.279,-1.207,    ,1334.672,91.177,417.755,-179.151,-18.690,-89.946
-11.582,2.403,0.549,0.524,-0.272,-1.361,    ,1334.672,91.177,417.755,-179.152,-19.659,-89.946
-11.886,2.579,0.177,0.554,-0.283,-1.273,    ,1334.672,91.177,417.755,-179.153,-20.628,-89.946
-12.533,3.089,-0.755,0.679,-0.326,-1.418,    ,1334.672,91.177,417.755,-179.154,-21.673,-89.945
-13.308,3.069,-1.618,0.634,-0.297,-1.403,    ,1334.672,91.176,417.755,-179.155,-22.756,-89.945
-13.494,2.324,-0.961,0.619,-0.321,-1.447,    ,1334.672,91.176,417.755,-179.156,-23.288,-89.945
-13.710,2.707,-0.892,0.687,-0.340,-1.382,    ,1334.672,91.176,417.755,-179.157,-24.352,-89.944
-14.308,3.030,-1.020,0.739,-0.312,-1.483,    ,1334.672,91.176,417.756,-179.158,-25.416,-89.944
-15.612,2.658,-1.079,0.716,-0.321,-1.675,    ,1334.672,91.176,417.756,-179.159,-26.480,-89.943
-15.671,3.148,-1.697,0.777,-0.360,-1.504,    ,1334.672,91.175,417.756,-179.160,-27.544,-89.943
-16.348,2.354,-2.530,0.707,-0.386,-1.774,    ,1334.672,91.175,417.756,-179.161,-28.608,-89.942
-16.966,2.677,-2.540,0.784,-0.403,-1.737,    ,1334.672,91.175,417.756,-179.163,-29.558,-89.942
-18.456,3.315,-1.932,0.819,-0.336,-1.905,    ,1334.672,91.175,417.756,-179.164,-30.622,-89.941
-18.074,2.530,-1.785,0.761,-0.371,-1.791,    ,1334.672,91.175,417.756,-179.165,-31.496,-89.940
-18.231,2.883,-2.687,0.878,-0.442,-1.905,    ,1334.672,91.175,417.756,-179.166,-32.465,-89.940
-18.878,3.030,-3.736,0.922,-0.464,-1.960,    ,1334.672,91.174,417.756,-179.167,-33.529,-89.939
-19.113,2.716,-4.550,0.921,-0.471,-1.861,    ,1334.672,91.174,417.756,-179.169,-34.593,-89.938
-20.104,2.638,-5.011,0.923,-0.492,-2.035,    ,1334.672,91.174,417.757,-179.170,-35.695,-89.937
-20.437,2.873,-5.462,0.996,-0.449,-1.922,    ,1334.672,91.174,417.757,-179.171,-36.227,-89.937
-21.300,2.756,-3.815,0.940,-0.420,-2.072,    ,1334.672,91.174,417.757,-179.172,-37.291,-89.936
-21.202,3.089,-4.903,1.037,-0.442,-1.990,    ,1334.673,91.173,417.757,-179.174,-38.355,-89.935
-21.457,3.177,-5.560,1.083,-0.524,-2.069,    ,1334.673,91.173,417.757,-179.175,-39.400,-89.934
-22.467,3.550,-7.022,1.148,-0.543,-2.170,    ,1334.673,91.173,417.757,-179.177,-40.464,-89.933
-22.349,3.315,-7.384,1.135,-0.594,-2.201,    ,1334.673,91.173,417.757,-179.179,-41.452,-89.932
-23.771,3.432,-7.433,1.227,-0.574,-2.212,    ,1334.673,91.173,417.757,-179.180,-42.497,-89.931
-24.193,3.589,-8.345,1.285,-0.634,-2.324,    ,1334.673,91.173,417.758,-179.182,-43.580,-89.930
-25.017,2.873,-7.551,1.203,-0.596,-2.374,    ,1334.673,91.173,417.758,-179.184,-44.568,-89.929
-25.370,3.491,-7.345,1.169,-0.510,-2.404,    ,1334.673,91.172,417.758,-179.186,-45.632,-89.927
-25.183,4.050,-8.855,1.471,-0.704,-2.426,    ,1334.673,91.172,417.758,-179.188,-46.696,-89.926
-26.066,3.060,-8.188,1.246,-0.537,-2.415,    ,1334.673,91.172,417.758,-179.189,-47.152,-89.925
-26.262,2.736,-8.453,1.301,-0.599,-2.385,    ,1334.673,91.172,417.758,-179.191,-48.178,-89.924
-27.066,3.413,-11.091,1.458,-0.677,-2.528,    ,1334.673,91.172,417.758,-179.193,-49.223,-89.922
-27.066,2.962,-10.503,1.430,-0.673,-2.432,    ,1334.673,91.172,417.759,-179.195,-50.192,-89.921
-27.694,3.913,-12.111,1.596,-0.738,-2.559,    ,1334.673,91.172,417.759,-179.197,-51.275,-89.919
-28.273,3.324,-10.964,1.569,-0.668,-2.614,    ,1334.673,91.171,417.759,-179.199,-52.244,-89.917
-27.959,3.776,-11.572,1.625,-0.749,-2.620,    ,1334.673,91.171,417.759,-179.202,-53.308,-89.915
-28.175,3.099,-11.415,1.558,-0.749,-2.576,    ,1334.673,91.171,417.759,-179.205,-54.372,-89.913
-28.910,3.844,-13.710,1.697,-0.828,-2.702,    ,1334.673,91.171,417.759,-179.208,-55.455,-89.910
-29.008,3.825,-14.023,1.743,-0.855,-2.681,    ,1334.673,91.171,417.760,-179.210,-56.481,-89.908
-29.577,3.589,-14.063,1.750,-0.789,-2.738,    ,1334.673,91.171,417.760,-179.212,-56.994,-89.907
-30.273,3.717,-14.906,1.783,-0.822,-2.741,    ,1334.673,91.171,417.760,-179.215,-58.058,-89.904
-30.401,3.403,-15.906,1.858,-0.864,-2.748,    ,1334.673,91.171,417.760,-179.219,-59.084,-89.901
-30.989,4.227,-15.671,1.912,-0.916,-2.841,    ,1334.674,91.171,417.760,-179.222,-60.167,-89.898
-31.185,3.628,-15.789,1.907,-0.885,-2.813,    ,1334.674,91.170,417.760,-179.226,-61.136,-89.895
-30.930,3.246,-16.573,1.959,-0.961,-2.713,    ,1334.674,91.170,417.761,-179.230,-62.105,-89.891
-31.803,4.099,-16.299,1.995,-0.889,-2.934,    ,1334.674,91.170,417.761,-179.234,-63.169,-89.887
-31.273,3.383,-17.505,2.073,-0.981,-2.759,    ,1334.674,91.170,417.761,-179.239,-64.252,-89.883
-32.009,3.736,-18.623,2.112,-0.988,-2.862,    ,1334.674,91.170,417.761,-179.244,-65.335,-89.878
-32.489,4.109,-20.231,2.200,-1.065,-2.954,    ,1334.674,91.170,417.761,-179.250,-66.304,-89.873
-32.401,3.119,-20.359,2.212,-1.108,-2.728,    ,1334.674,91.170,417.762,-179.256,-67.387,-89.867
-33.774,3.913,-20.604,2.157,-1.027,-2.877,    ,1334.674,91.170,417.762,-179.262,-68.356,-89.862
-33.490,4.727,-21.535,2.351,-1.087,-3.135,    ,1334.674,91.170,417.762,-179.269,-69.420,-89.855
-33.019,4.776,-22.134,2.404,-1.134,-2.841,    ,1334.674,91.170,417.762,-179.276,-70.294,-89.849
-34.127,4.168,-21.594,2.376,-1.121,-3.154,    ,1334.674,91.170,417.763,-179.283,-71.168,-89.842
-34.157,4.080,-22.202,2.381,-1.192,-3.177,    ,1334.674,91.170,417.763,-179.293,-72.232,-89.833
-34.019,4.325,-23.271,2.571,-1.168,-2.834,    ,1334.674,91.169,417.763,-179.303,-73.296,-89.823
-34.637,3.903,-22.957,2.499,-1.198,-3.037,    ,1334.674,91.169,417.763,-179.315,-74.284,-89.812
-33.921,3.903,-23.497,2.537,-1.180,-2.922,    ,1334.674,91.169,417.763,-179.322,-74.835,-89.805
-34.510,4.766,-24.487,2.616,-1.207,-3.043,    ,1334.674,91.169,417.763,-179.336,-75.899,-89.791
-34.667,4.344,-26.027,2.653,-1.350,-3.146,    ,1334.675,91.169,417.764,-179.354,-77.001,-89.773
-34.343,4.099,-26.860,2.773,-1.332,-3.035,    ,1334.674,91.169,417.764,-179.375,-78.065,-89.753
-33.529,4.570,-27.625,2.885,-1.429,-2.997,    ,1334.675,91.169,417.764,-179.400,-79.167,-89.729
-35.098,4.433,-28.586,2.828,-1.401,-3.044,    ,1334.675,91.169,417.764,-179.427,-80.136,-89.702
-36.138,4.158,-27.606,2.686,-1.293,-3.173,    ,1334.675,91.169,417.765,-179.463,-81.200,-89.667
-35.510,3.560,-27.527,2.715,-1.323,-3.161,    ,1334.675,91.169,417.765,-179.509,-82.264,-89.621
-35.520,3.972,-29.224,2.822,-1.425,-3.117,    ,1334.675,91.169,417.765,-179.563,-83.233,-89.567
-35.510,4.629,-29.802,3.018,-1.437,-3.211,    ,1334.675,91.169,417.765,-179.646,-84.316,-89.485
-36.020,4.403,-29.959,3.008,-1.495,-3.170,    ,1334.675,91.169,417.765,-179.689,-84.753,-89.442
-36.334,3.923,-30.616,3.007,-1.456,-3.175,    ,1334.675,91.169,417.766,-179.831,-85.816,-89.300
-36.196,4.129,-30.557,3.019,-1.475,-3.036,    ,1334.675,91.169,417.766,179.925,-86.899,-89.057
-35.902,4.766,-32.087,3.193,-1.522,-3.217,    ,1334.675,91.169,417.766,179.431,-87.963,-88.564
-35.677,4.276,-33.205,3.254,-1.628,-3.055,    ,1334.675,91.169,417.766,178.177,-88.913,-87.310
-35.961,3.932,-32.931,3.227,-1.578,-3.221,    ,1334.675,91.169,417.767,157.329,-89.872,-66.462
-36.608,4.099,-32.774,3.271,-1.562,-3.204,    ,1334.675,91.169,417.767,4.296,-89.147,86.570
-35.412,4.815,-34.108,3.337,-1.634,-3.025,    ,1334.676,91.169,417.767,2.408,-88.102,88.458
-36.255,3.746,-34.235,3.337,-1.604,-3.176,    ,1334.676,91.169,417.767,1.848,-87.020,89.018
-35.716,3.893,-34.588,3.310,-1.618,-3.095,    ,1334.676,91.169,417.767,1.582,-85.918,89.283
-35.559,5.325,-35.902,3.482,-1.713,-3.120,    ,1334.676,91.169,417.768,1.500,-85.386,89.365
-35.510,3.972,-36.677,3.483,-1.722,-3.113,    ,1334.676,91.169,417.768,1.381,-84.322,89.484
-36.275,4.590,-36.647,3.518,-1.716,-3.142,    ,1334.676,91.169,417.768,1.299,-83.258,89.565
-36.138,4.717,-37.334,3.518,-1.715,-3.103,    ,1334.676,91.169,417.768,1.239,-82.175,89.625
-36.088,4.423,-38.020,3.595,-1.762,-3.169,    ,1334.676,91.173,417.768,1.197,-81.249,89.666
-35.726,4.060,-39.099,3.631,-1.824,-3.085,    ,1334.676,91.180,417.768,1.179,-80.817,89.685
-36.598,4.305,-38.570,3.583,-1.801,-3.188,    ,1334.676,91.179,417.768,1.181,-80.865,89.683
-35.647,4.629,-38.824,3.608,-1.773,-3.042,    ,1334.676,91.171,417.768,1.207,-81.469,89.656
-35.186,4.825,-38.638,3.606,-1.799,-3.037,    ,1334.676,91.169,417.768,1.230,-82.004,89.633
-35.726,4.158,-38.079,3.489,-1.729,-3.057,    ,1334.676,91.169,417.768,1.288,-83.087,89.576
-35.353,4.570,-36.716,3.450,-1.695,-3.086,    ,1334.676,91.169,417.768,1.365,-84.151,89.499
-35.814,4.315,-35.588,3.326,-1.630,-3.130,    ,1334.676,91.169,417.768,1.465,-85.120,89.400
-34.863,4.197,-36.471,3.317,-1.676,-2.950,    ,1334.676,91.169,417.767,1.629,-86.165,89.236
-35.696,4.050,-35.137,3.238,-1.584,-3.112,    ,1334.676,91.169,417.767,1.929,-87.248,88.937
-35.588,3.648,-34.667,3.213,-1.575,-3.008,    ,1334.675,91.169,417.767,2.639,-88.349,88.227
-36.088,4.158,-34.010,3.214,-1.559,-3.150,    ,1334.675,91.169,417.767,5.846,-89.412,85.020
-35.490,3.952,-32.637,3.062,-1.481,-3.031,    ,1334.675,91.169,417.767,44.343,-89.926,46.523
-36.412,3.530,-32.490,3.013,-1.418,-3.174,    ,1334.675,91.169,417.766,177.974,-88.989,-87.107
-35.265,3.275,-32.097,2.916,-1.472,-2.912,    ,1334.675,91.169,417.766,179.471,-87.906,-88.603
-35.647,3.893,-31.371,2.969,-1.401,-3.017,    ,1334.675,91.169,417.766,179.941,-86.842,-89.073
-35.569,3.923,-31.646,2.978,-1.416,-3.076,    ,1334.675,91.169,417.766,-179.828,-85.797,-89.304
-35.520,3.236,-30.675,2.785,-1.336,-2.962,    ,1334.675,91.169,417.765,-179.687,-84.734,-89.444
-34.912,3.481,-30.940,2.764,-1.384,-2.909,    ,1334.675,91.169,417.765,-179.608,-83.860,-89.523
-35.500,3.766,-30.979,2.867,-1.389,-2.991,    ,1334.675,91.169,417.765,-179.541,-82.872,-89.589
-35.167,3.001,-29.587,2.588,-1.224,-2.872,    ,1334.675,91.169,417.765,-179.488,-81.827,-89.641
-34.863,3.138,-29.302,2.649,-1.233,-2.797,    ,1334.675,91.169,417.764,-179.446,-80.744,-89.683
-34.961,2.942,-28.881,2.663,-1.274,-2.838,    ,1334.675,91.169,417.764,-179.413,-79.680,-89.715
-34.431,4.060,-27.910,2.602,-1.204,-2.890,    ,1334.675,91.169,417.764,-179.399,-79.129,-89.730
-35.206,2.864,-26.419,2.404,-1.166,-2.978,    ,1334.675,91.169,417.764,-179.374,-78.046,-89.754
-34.470,2.765,-25.576,2.355,-1.139,-2.887,    ,1334.674,91.169,417.764,-179.353,-76.944,-89.774
-34.392,3.148,-24.732,2.340,-1.110,-2.967,    ,1334.674,91.170,417.763,-179.336,-75.880,-89.791
-34.333,2.726,-23.762,2.270,-1.089,-2.796,    ,1334.674,91.170,417.763,-179.322,-74.892,-89.804
-34.755,3.275,-22.751,2.191,-0.963,-2.872,    ,1334.674,91.170,417.763,-179.309,-73.809,-89.817
-33.450,2.648,-23.487,2.241,-1.052,-2.619,    ,1334.674,91.170,417.763,-179.298,-72.745,-89.828
-33.666,2.354,-22.124,2.078,-0.943,-2.649,    ,1334.674,91.170,417.763,-179.292,-72.213,-89.833
-33.450,2.001,-22.114,2.046,-0.942,-2.819,    ,1334.674,91.170,417.762,-179.279,-70.712,-89.846
-33.401,3.717,-22.977,2.162,-1.014,-2.826,    ,1334.674,91.170,417.762,-179.275,-70.180,-89.850
-33.343,3.128,-21.869,1.974,-0.862,-2.771,    ,1334.674,91.170,417.762,-179.267,-69.116,-89.857
-32.950,2.403,-21.192,1.939,-0.855,-2.766,    ,1334.674,91.170,417.762,-179.260,-68.052,-89.864
-32.872,2.726,-20.516,1.875,-0.890,-2.807,    ,1334.674,91.170,417.762,-179.254,-67.083,-89.869
-32.529,2.403,-19.466,1.748,-0.834,-2.667,    ,1334.674,91.170,417.761,-179.248,-66.019,-89.875
-32.588,2.854,-18.358,1.750,-0.801,-2.724,    ,1334.674,91.170,417.761,-179.242,-64.936,-89.880
-32.725,2.618,-18.868,1.784,-0.797,-2.677,    ,1334.674,91.170,417.761,-179.237,-63.872,-89.884
-32.176,2.736,-17.779,1.707,-0.761,-2.735,    ,1334.674,91.170,417.761,-179.233,-62.808,-89.889
-31.558,2.285,-16.563,1.610,-0.735,-2.579,    ,1334.674,91.171,417.761,-179.228,-61.744,-89.892
-31.352,2.775,-16.299,1.575,-0.692,-2.536,    ,1334.674,91.171,417.760,-179.227,-61.307,-89.894
-30.862,2.403,-16.720,1.553,-0.723,-2.484,    ,1334.674,91.171,417.760,-179.223,-60.243,-89.897
-29.950,2.177,-15.710,1.462,-0.699,-2.389,    ,1334.673,91.171,417.760,-179.219,-59.160,-89.901
-29.812,2.373,-16.563,1.526,-0.678,-2.393,    ,1334.673,91.171,417.760,-179.216,-58.267,-89.903
-29.842,2.667,-15.848,1.472,-0.678,-2.456,    ,1334.673,91.171,417.760,-179.213,-57.184,-89.906
-29.037,1.942,-14.671,1.373,-0.682,-2.319,    ,1334.673,91.171,417.759,-179.209,-56.120,-89.909
-29.194,2.197,-14.200,1.292,-0.625,-2.350,    ,1334.673,91.171,417.759,-179.206,-55.018,-89.911
-28.753,1.746,-12.641,1.292,-0.533,-2.253,    ,1334.673,91.171,417.759,-179.203,-53.916,-89.914
-28.116,2.599,-12.396,1.273,-0.525,-2.296,    ,1334.673,91.171,417.759,-179.201,-52.852,-89.916
-27.429,1.226,-11.690,1.104,-0.459,-2.143,    ,1334.673,91.171,417.759,-179.199,-51.902,-89.918
-27.410,1.657,-11.827,1.141,-0.530,-2.183,    ,1334.673,91.172,417.759,-179.196,-50.933,-89.919
-27.704,2.658,-12.817,1.203,-0.542,-2.302,    ,1334.673,91.172,417.758,-179.194,-49.964,-89.921
-26.537,1.991,-12.062,1.169,-0.474,-2.070,    ,1334.673,91.172,417.758,-179.193,-49.413,-89.922
-26.066,2.658,-11.523,1.180,-0.530,-2.117,    ,1334.673,91.172,417.758,-179.191,-48.368,-89.923
-26.723,2.971,-10.621,1.020,-0.416,-2.188,    ,1334.673,91.172,417.758,-179.189,-47.304,-89.925
-25.115,1.608,-8.610,0.955,-0.383,-2.016,    ,1334.673,91.172,417.758,-179.187,-46.221,-89.926
-25.468,1.285,-7.649,0.873,-0.401,-2.031,    ,1334.673,91.172,417.758,-179.185,-45.252,-89.928
-25.311,0.961,-7.208,0.749,-0.250,-2.051,    ,1334.673,91.173,417.758,-179.183,-44.188,-89.929
-24.213,1.138,-7.983,0.779,-0.279,-1.966,    ,1334.673,91.173,417.757,-179.182,-43.238,-89.930
-23.771,1.893,-9.179,0.872,-0.356,-1.840,    ,1334.672,91.173,417.757,-179.180,-42.364,-89.931
-22.908,1.255,-8.247,0.743,-0.300,-1.791,    ,1334.673,91.173,417.757,-179.179,-41.414,-89.932
-22.899,1.304,-6.335,0.686,-0.239,-1.768,    ,1334.672,91.173,417.757,-179.177,-40.350,-89.933
-22.506,1.412,-5.835,0.704,-0.163,-1.648,    ,1334.673,91.173,417.757,-179.175,-39.286,-89.934
-22.075,1.520,-4.923,0.635,-0.267,-1.914,    ,1334.672,91.174,417.757,-179.174,-38.450,-89.935
-21.555,1.736,-5.286,0.640,-0.184,-1.612,    ,1334.672,91.174,417.757,-179.173,-37.386,-89.936
-20.574,1.314,-5.992,0.618,-0.163,-1.593,    ,1334.672,91.174,417.756,-179.171,-36.322,-89.937
-19.721,0.579,-5.708,0.498,-0.225,-1.648,    ,1334.672,91.174,417.756,-179.170,-35.258,-89.938
-19.760,1.569,-4.943,0.591,-0.115,-1.474,    ,1334.672,91.174,417.756,-179.168,-34.289,-89.939
-19.250,1.285,-4.217,0.571,-0.153,-1.459,    ,1334.672,91.174,417.756,-179.167,-33.434,-89.939
-19.388,1.079,-2.716,0.430,-0.101,-1.545,    ,1334.672,91.175,417.756,-179.166,-32.370,-89.940
-17.603,1.334,-2.932,0.470,-0.069,-1.265,    ,1334.672,91.175,417.756,-179.165,-31.420,-89.940
-17.838,1.402,-3.050,0.431,-0.072,-1.358,    ,1334.672,91.175,417.756,-179.164,-30.356,-89.941
-17.181,0.834,-3.717,0.347,-0.081,-1.270,    ,1334.672,91.175,417.756,-179.162,-29.292,-89.942
-16.622,1.598,-3.560,0.438,-0.079,-1.214,    ,1334.672,91.175,417.756,-179.161,-28.266,-89.942
-16.299,1.030,-1.922,0.310,-0.030,-1.321,    ,1334.672,91.176,417.756,-179.160,-27.202,-89.943
-15.730,1.275,-2.050,0.419,-0.064,-1.139,    ,1334.672,91.176,417.756,-179.159,-26.100,-89.943
-15.710,1.206,-1.040,0.307,-0.002,-1.195,    ,1334.672,91.176,417.755,-179.158,-25.587,-89.944
-14.239,0.481,-1.706,0.234,-0.059,-1.128,    ,1334.672,91.176,417.755,-179.157,-24.105,-89.944
-13.533,0.716,-1.657,0.200,-0.035,-1.056,    ,1334.672,91.176,417.755,-179.156,-23.155,-89.945
-12.994,0.579,-2.216,0.261,-0.038,-0.920,    ,1334.672,91.177,417.755,-179.155,-22.300,-89.945
-12.729,1.432,-0.667,0.193,0.009,-1.089,    ,1334.672,91.177,417.755,-179.154,-21.350,-89.946
-12.170,0.667,0.579,0.137,0.031,-0.894,    ,1334.672,91.177,417.755,-179.153,-20.267,-89.946
-11.082,0.412,0.304,0.052,0.059,-0.667,    ,1334.672,91.177,417.755,-179.152,-19.412,-89.946
-11.229,1.147,-0.245,0.148,0.067,-0.932,    ,1334.672,91.177,417.755,-179.151,-18.386,-89.947
-9.983,0.481,-0.530,0.091,0.000,-0.710,    ,1334.672,91.177,417.755,-179.150,-17.322,-89.947
-9.689,0.706,-0.569,0.133,0.028,-0.681,    ,1334.672,91.178,417.755,-179.149,-16.258,-89.947
-8.787,0.353,-0.157,0.041,0.034,-0.533,    ,1334.672,91.178,417.755,-179.148,-15.213,-89.947
-8.375,1.069,1.844,0.024,0.070,-0.681,    ,1334.672,91.178,417.755,-179.147,-14.244,-89.948
-8.257,1.157,1.559,-0.011,0.107,-0.650,    ,1334.672,91.178,417.755,-179.146,-13.218,-89.948
-7.012,0.451,0.343,0.059,0.046,-0.535,    ,1334.671,91.178,417.755,-179.145,-12.667,-89.948
-6.825,0.598,0.441,-0.005,0.059,-0.533,    ,1334.672,91.179,417.755,-179.144,-11.622,-89.948
-6.423,0.579,0.922,-0.010,0.082,-0.470,    ,1334.672,91.179,417.755,-179.143,-10.577,-89.948
-5.423,0.647,1.618,-0.050,0.102,-0.398,    ,1334.671,91.179,417.755,-179.142,-9.608,-89.949
-5.168,0.412,2.707,-0.085,0.127,-0.397,    ,1334.671,91.179,417.755,-179.142,-8.563,-89.949
-3.972,-0.167,1.451,-0.084,0.081,-0.145,    ,1334.671,91.179,417.755,-179.141,-7.518,-89.949
-3.344,0.422,0.598,-0.032,0.054,-0.214,    ,1334.671,91.180,417.755,-179.140,-6.473,-89.949
-2.795,0.932,-0.157,-0.002,0.013,-0.221,    ,1334.673,91.180,417.760,-179.138,-5.681,-89.949
-3.413,0.304,1.324,-0.078,0.088,-0.217,    ,1334.676,91.180,417.768,-179.137,-5.304,-89.949
-2.844,0.657,1.118,-0.054,0.071,-0.169,    ,1334.676,91.180,417.768,-179.137,-5.304,-89.949
-2.962,0.559,0.235,-0.057,0.078,-0.151,    ,1334.676,91.180,417.768,-179.137,-5.304,-89.949
-2.824,0.333,0.873,-0.067,0.068,-0.162,    ,1334.676,91.180,417.768,-179.137,-5.304,-89.949
-2.765,0.579,1.079,-0.048,0.070,-0.171,    ,1334.676,91.180,417.768,-179.137,-5.304,-89.949
-2.765,0.333,1.167,-0.058,0.079,-0.170,    ,1334.676,91.180,417.768,-179.137,-5.304,-89.949
-2.873,0.353,1.226,-0.068,0.070,-0.175,    ,1334.676,91.180,417.768,-179.137,-5.304,-89.949
-2.952,0.392,1.255,-0.059,0.079,-0.187,    ,1334.676,91.180,417.768,-179.137,-5.304,-89.949
-2.844,0.382,1.285,-0.054,0.072,-0.192,    ,1334.676,91.180,417.768,-179.137,-5.304,-89.949
-2.834,0.363,0.922,-0.049,0.069,-0.170,    ,1334.676,91.180,417.768,-179.137,-5.304,-89.949
-2.795,0.412,1.010,-0.051,0.065,-0.181,    ,1334.676,91.180,417.768,-179.137,-5.304,-89.949
-2.932,0.530,1.873,-0.051,0.088,-0.228,    ,1334.677,91.180,417.767,-179.178,-5.304,-89.946
-2.815,0.716,1.226,-0.039,0.048,-0.257,    ,1334.680,91.179,417.762,-179.693,-5.304,-89.898
-2.050,-0.137,1.500,-0.055,0.002,-0.008,    ,1334.679,91.179,417.764,179.582,-5.302,-89.831
-2.785,-0.392,1.608,-0.026,0.046,-0.173,    ,1334.676,91.180,417.768,179.290,-5.301,-89.804
-3.030,-0.451,1.579,-0.028,0.060,-0.158,    ,1334.676,91.180,417.768,179.279,-5.301,-89.803
-2.677,-0.422,1.442,-0.034,0.044,-0.149,    ,1334.676,91.180,417.768,179.279,-5.301,-89.803
-2.177,-0.118,0.834,-0.068,0.061,-0.056,    ,1334.680,91.179,417.763,179.819,-5.303,-89.853
-2.167,0.304,0.441,-0.109,0.084,-0.090,    ,1334.682,91.178,417.761,-179.318,-5.304,-89.933
-2.834,0.510,-0.765,0.155,-0.028,-0.119,    ,1334.682,91.178,417.761,-178.250,-5.305,-90.032
-1.736,3.109,0.422,0.063,0.043,-0.162,    ,1334.682,91.178,417.761,-177.353,-5.304,-90.115
-3.432,2.412,1.952,-0.123,0.152,-0.346,    ,1334.682,91.178,417.761,-176.304,-5.301,-90.212
-2.864,2.560,0.304,0.004,0.092,-0.244,    ,1334.682,91.178,417.761,-175.750,-5.298,-90.263
-3.217,3.727,1.138,0.077,0.092,-0.365,    ,1334.682,91.178,417.761,-174.682,-5.293,-90.361
-1.687,4.874,1.540,-0.057,0.126,-0.117,    ,1334.683,91.177,417.761,-173.632,-5.285,-90.458
-4.305,3.491,1.059,0.079,0.097,-0.556,    ,1334.683,91.177,417.761,-172.640,-5.276,-90.550
-3.962,3.991,2.226,-0.052,0.110,-0.631,    ,1334.683,91.177,417.761,-171.572,-5.265,-90.648
-2.501,4.805,1.059,0.018,0.054,-0.229,    ,1334.683,91.177,417.761,-170.484,-5.252,-90.747
-3.472,5.943,1.373,0.038,0.177,-0.452,    ,1334.683,91.177,417.761,-169.416,-5.237,-90.845
-3.060,7.051,1.402,-0.038,0.121,-0.577,    ,1334.683,91.177,417.761,-168.424,-5.222,-90.935
-2.971,6.110,2.030,-0.032,0.133,-0.458,    ,1334.684,91.176,417.761,-167.355,-5.204,-91.033
-2.795,8.120,0.510,0.025,0.090,-0.517,    ,1334.684,91.176,417.761,-166.383,-5.186,-91.121
-3.834,8.277,0.265,0.050,0.129,-0.461,    ,1334.684,91.176,417.761,-165.849,-5.175,-91.169
-3.207,8.502,0.480,0.015,0.112,-0.586,    ,1334.684,91.176,417.761,-164.265,-5.141,-91.311
-3.011,9.375,-0.010,0.045,0.078,-0.535,    ,1334.684,91.176,417.761,-163.808,-5.130,-91.352
-2.638,10.925,0.432,0.053,0.120,-0.645,    ,1334.685,91.175,417.761,-162.740,-5.104,-91.448
-2.736,12.190,0.902,0.058,0.108,-0.701,    ,1334.685,91.175,417.761,-161.348,-5.068,-91.571
-2.971,11.042,-0.147,0.248,0.087,-0.702,    ,1334.685,91.174,417.761,-160.452,-5.043,-91.650
-2.952,13.680,0.314,0.052,0.092,-0.822,    ,1334.685,91.174,417.761,-159.479,-5.014,-91.735
-2.962,13.170,0.196,0.040,0.188,-0.792,    ,1334.685,91.174,417.761,-158.431,-4.982,-91.827
-4.462,12.651,-0.579,0.073,0.140,-0.906,    ,1334.686,91.173,417.761,-157.363,-4.947,-91.919
-2.471,13.572,-1.893,0.225,0.010,-0.760,    ,1334.686,91.173,417.762,-156.925,-4.932,-91.957
-3.275,13.867,-1.069,0.160,0.151,-0.802,    ,1334.686,91.173,417.762,-155.858,-4.895,-92.048
-3.834,14.602,-0.304,0.199,0.158,-0.889,    ,1334.686,91.172,417.762,-154.886,-4.860,-92.131
-3.266,16.740,0.461,0.143,0.147,-1.021,    ,1334.686,91.172,417.762,-153.838,-4.820,-92.220
-3.962,16.907,-1.540,0.262,0.102,-1.016,    ,1334.687,91.171,417.762,-152.752,-4.778,-92.310
-2.932,17.564,-2.560,0.265,0.087,-0.909,    ,1334.687,91.171,417.762,-151.761,-4.737,-92.393
-2.314,17.358,-3.246,0.285,0.020,-0.912,    ,1334.687,91.170,417.762,-150.695,-4.692,-92.480
-2.677,18.015,-3.040,0.367,0.000,-0.951,    ,1334.687,91.169,417.762,-149.723,-4.650,-92.560
-3.158,17.711,-3.540,0.470,-0.004,-1.051,    ,1334.688,91.168,417.762,-148.752,-4.606,-92.638
-3.050,18.888,-3.413,0.448,-0.001,-1.032,    ,1334.688,91.168,417.762,-147.781,-4.561,-92.716
-2.628,19.898,-5.247,0.567,-0.072,-1.095,    ,1334.688,91.167,417.763,-146.886,-4.518,-92.787
-3.609,19.456,-4.746,0.468,0.007,-1.122,    ,1334.688,91.166,417.763,-145.820,-4.465,-92.870
-3.197,21.545,-4.325,0.442,-0.072,-1.202,    ,1334.688,91.165,417.763,-144.754,-4.412,-92.953
-3.550,20.800,-6.051,0.707,-0.099,-1.098,    ,1334.689,91.163,417.763,-143.689,-4.356,-93.035
-3.677,22.026,-6.355,0.537,-0.097,-1.318,    ,1334.689,91.162,417.764,-142.585,-4.297,-93.118
-2.756,23.016,-5.855,0.602,-0.086,-1.257,    ,1334.689,91.160,417.764,-141.596,-4.243,-93.192
-2.481,23.909,-5.766,0.672,-0.114,-1.270,    ,1334.690,91.158,417.765,-140.492,-4.181,-93.273
-2.461,23.281,-8.600,0.861,-0.242,-1.214,    ,1334.690,91.157,417.765,-139.979,-4.152,-93.311
-2.844,24.723,-6.865,0.765,-0.178,-1.432,    ,1334.690,91.155,417.765,-138.914,-4.090,-93.387
-2.667,25.586,-8.296,0.760,-0.201,-1.427,    ,1334.690,91.153,417.766,-137.944,-4.032,-93.456
-2.677,25.752,-8.679,0.921,-0.228,-1.409,    ,1334.691,91.151,417.767,-136.936,-3.971,-93.527
-2.373,27.380,-10.042,0.972,-0.314,-1.474,    ,1334.692,91.148,417.768,-135.986,-3.913,-93.593
-2.697,26.027,-9.022,1.108,-0.387,-1.494,    ,1334.692,91.144,417.769,-134.864,-3.842,-93.669
-2.922,27.498,-11.140,1.183,-0.447,-1.540,    ,1334.693,91.141,417.770,-133.800,-3.774,-93.740
-1.344,29.263,-11.268,1.129,-0.431,-1.546,    ,1334.693,91.136,417.772,-132.716,-3.703,-93.811
-1.471,28.812,-13.161,1.353,-0.596,-1.545,    ,1334.694,91.131,417.774,-131.595,-3.628,-93.884
-2.864,29.420,-12.857,1.408,-0.572,-1.775,    ,1334.695,91.126,417.776,-130.702,-3.568,-93.940
-2.461,30.665,-14.190,1.570,-0.678,-1.781,    ,1334.696,91.120,417.778,-129.638,-3.495,-94.007
-2.638,30.656,-14.847,1.643,-0.723,-1.787,    ,1334.697,91.114,417.781,-128.631,-3.424,-94.068
-2.412,31.273,-15.367,1.676,-0.812,-1.854,    ,1334.697,91.110,417.783,-128.061,-3.384,-94.103
-1.608,32.764,-16.348,1.746,-0.898,-1.822,    ,1334.698,91.102,417.787,-126.960,-3.306,-94.168
-2.491,34.637,-18.544,1.932,-1.004,-2.109,    ,1334.699,91.094,417.791,-125.877,-3.227,-94.231
-2.452,35.559,-19.005,2.074,-1.091,-2.190,    ,1334.700,91.087,417.795,-124.984,-3.161,-94.282
-1.706,37.000,-21.173,2.138,-1.192,-2.265,    ,1334.700,91.080,417.799,-123.883,-3.079,-94.343
-0.961,37.206,-22.006,2.289,-1.391,-2.212,    ,1334.700,91.074,417.800,-122.991,-3.012,-94.391
-1.275,39.560,-22.742,2.399,-1.407,-2.547,    ,1334.699,91.070,417.800,-121.910,-2.929,-94.448
0.912,40.825,-22.908,2.598,-1.679,-2.357,    ,1334.697,91.067,417.795,-120.811,-2.844,-94.503
1.177,43.130,-26.105,2.877,-1.934,-2.783,    ,1334.693,91.067,417.785,-119.829,-2.766,-94.551
0.363,41.698,-25.046,2.829,-1.840,-2.613,    ,1334.681,91.146,417.771,-119.135,-2.704,-94.572
1.245,40.923,-25.625,2.726,-1.814,-2.370,    ,1334.676,91.180,417.768,-118.951,-2.687,-94.575
1.265,40.933,-24.821,2.700,-1.791,-2.465,    ,1334.677,91.169,417.768,-118.878,-2.682,-94.580
1.961,44.659,-27.390,3.062,-2.106,-2.883,    ,1334.685,91.072,417.763,-118.193,-2.635,-94.627
3.530,48.935,-25.340,3.397,-2.197,-3.304,    ,1334.682,91.065,417.749,-117.122,-2.549,-94.677
5.462,51.965,-24.870,3.545,-2.348,-3.378,    ,1334.680,91.066,417.739,-116.233,-2.476,-94.715
7.747,54.005,-23.467,3.787,-2.394,-3.648,    ,1334.679,91.068,417.732,-115.135,-2.385,-94.762
8.473,54.594,-23.967,3.866,-2.411,-3.671,    ,1334.679,91.072,417.729,-114.056,-2.295,-94.805
11.768,58.928,-24.732,4.141,-2.757,-3.952,    ,1334.680,91.075,417.730,-113.506,-2.248,-94.826
16.083,62.164,-25.586,4.485,-3.111,-4.017,    ,1334.681,91.082,417.732,-112.407,-2.155,-94.867
18.554,65.342,-28.851,4.779,-3.523,-4.423,    ,1334.683,91.090,417.736,-111.326,-2.062,-94.906
21.182,68.117,-31.450,4.950,-3.786,-4.541,    ,1334.684,91.098,417.739,-110.303,-1.974,-94.940
22.585,69.980,-33.421,5.140,-3.936,-4.768,    ,1334.686,91.107,417.743,-109.223,-1.880,-94.975
23.261,70.294,-32.941,5.191,-3.983,-4.749,    ,1334.687,91.115,417.747,-108.105,-1.781,-95.010
24.654,72.089,-36.138,5.364,-4.257,-4.785,    ,1334.688,91.122,417.750,-107.006,-1.685,-95.042
24.526,73.687,-36.216,5.451,-4.369,-5.025,    ,1334.689,91.127,417.753,-106.097,-1.604,-95.067
25.899,74.236,-35.951,5.440,-4.429,-4.930,    ,1334.689,91.132,417.755,-105.131,-1.518,-95.092
27.753,75.482,-39.050,5.701,-4.693,-4.944,    ,1334.690,91.136,417.756,-104.260,-1.440,-95.114
30.038,79.336,-39.688,6.066,-4.961,-5.216,    ,1334.690,91.140,417.758,-103.370,-1.360,-95.135
30.950,84.445,-39.060,6.148,-5.101,-5.709,    ,1334.688,91.149,417.760,-102.430,-1.274,-95.155
32.303,83.621,-39.933,6.252,-5.108,-5.561,    ,1334.677,91.177,417.767,-101.911,-1.226,-95.161
30.155,80.199,-39.246,5.992,-4.860,-5.301,    ,1334.676,91.180,417.768,-101.845,-1.219,-95.162
29.067,78.492,-39.256,5.847,-4.719,-5.160,    ,1334.676,91.180,417.768,-101.845,-1.219,-95.162
28.930,77.835,-39.178,5.796,-4.670,-5.090,    ,1334.676,91.180,417.768,-101.845,-1.219,-95.162
28.243,77.267,-39.305,5.745,-4.604,-5.045,    ,1334.676,91.180,417.768,-101.845,-1.219,-95.162
28.057,76.796,-37.981,5.712,-4.576,-5.023,    ,1334.676,91.180,417.768,-101.845,-1.219,-95.162
27.959,76.188,-38.697,5.655,-4.541,-4.947,    ,1334.676,91.180,417.768,-101.845,-1.219,-95.162
20.555,64.263,-29.322,4.487,-3.251,-4.127,    ,1334.682,91.167,417.764,-102.080,-1.242,-95.160
15.053,55.515,-23.369,3.678,-2.300,-3.407,    ,1334.690,91.142,417.758,-102.991,-1.326,-95.144
12.817,52.485,-22.742,3.253,-2.058,-3.147,    ,1334.690,91.137,417.757,-104.108,-1.426,-95.118
12.131,49.249,-21.398,3.148,-1.900,-2.933,    ,1334.689,91.133,417.755,-104.998,-1.506,-95.096
10.228,47.494,-20.231,2.939,-1.695,-2.853,    ,1334.689,91.128,417.753,-105.907,-1.587,-95.072
8.885,44.856,-19.633,2.707,-1.498,-2.686,    ,1334.688,91.122,417.750,-106.911,-1.676,-95.044
8.855,43.571,-21.114,2.612,-1.543,-2.589,    ,1334.687,91.116,417.748,-107.877,-1.762,-95.017
7.581,41.100,-19.927,2.368,-1.305,-2.390,    ,1334.686,91.109,417.744,-108.957,-1.856,-94.984
6.649,39.717,-19.574,2.302,-1.243,-2.345,    ,1334.685,91.101,417.740,-110.057,-1.952,-94.949
5.070,39.011,-19.643,2.252,-1.215,-2.283,    ,1334.683,91.092,417.736,-111.156,-2.048,-94.912
5.943,41.198,-20.653,2.315,-1.387,-2.335,    ,1334.683,91.089,417.735,-111.592,-2.085,-94.896
5.198,40.119,-21.202,2.246,-1.334,-2.273,    ,1334.681,91.081,417.731,-112.672,-2.178,-94.858
4.511,39.109,-23.516,2.220,-1.350,-2.228,    ,1334.680,91.074,417.729,-113.658,-2.261,-94.821
4.472,38.285,-21.938,2.081,-1.276,-2.082,    ,1334.679,91.069,417.730,-114.738,-2.352,-94.778
4.609,37.707,-22.801,2.016,-1.155,-2.004,    ,1334.679,91.066,417.736,-115.836,-2.443,-94.732
4.080,37.265,-21.996,1.975,-1.160,-1.984,    ,1334.681,91.066,417.746,-116.914,-2.532,-94.686
3.903,36.088,-21.486,1.860,-1.087,-1.851,    ,1334.685,91.066,417.759,-117.898,-2.612,-94.642
3.403,36.304,-20.310,1.726,-0.952,-1.931,    ,1334.688,91.066,417.772,-118.786,-2.683,-94.601
4.089,35.069,-21.074,1.714,-0.959,-1.597,    ,1334.693,91.066,417.784,-119.694,-2.756,-94.558
2.589,34.039,-20.692,1.601,-0.833,-1.671,    ,1334.696,91.067,417.794,-120.754,-2.839,-94.506
2.981,33.715,-19.947,1.556,-0.869,-1.504,    ,1334.698,91.069,417.799,-121.664,-2.910,-94.460
1.902,33.323,-18.446,1.499,-0.802,-1.627,    ,1334.700,91.073,417.800,-122.726,-2.992,-94.405
2.756,32.627,-19.849,1.547,-0.825,-1.483,    ,1334.700,91.079,417.799,-123.807,-3.074,-94.347
0.245,31.283,-17.289,1.451,-0.668,-1.537,    ,1334.700,91.087,417.795,-124.890,-3.154,-94.287
-0.078,29.979,-16.338,1.327,-0.644,-1.332,    ,1334.699,91.090,417.793,-125.345,-3.188,-94.261
-0.941,28.302,-15.475,1.151,-0.497,-1.241,    ,1334.698,91.102,417.787,-126.884,-3.300,-94.173
-1.206,28.890,-14.651,1.128,-0.463,-1.297,    ,1334.698,91.105,417.786,-127.321,-3.331,-94.147
-1.412,27.361,-15.975,1.230,-0.518,-1.119,    ,1334.697,91.113,417.782,-128.403,-3.408,-94.082
-0.667,27.400,-12.925,1.019,-0.363,-1.147,    ,1334.696,91.120,417.778,-129.562,-3.489,-94.011
-1.785,26.272,-13.317,1.094,-0.439,-1.122,    ,1334.695,91.126,417.776,-130.683,-3.566,-93.942
-1.304,26.037,-12.631,0.988,-0.416,-1.054,    ,1334.694,91.132,417.773,-131.690,-3.634,-93.878
-1.902,24.948,-13.464,1.116,-0.483,-1.061,    ,1334.693,91.137,417.771,-132.773,-3.706,-93.808
-1.677,25.703,-10.984,0.921,-0.307,-1.114,    ,1334.693,91.141,417.770,-133.743,-3.770,-93.744
-2.040,24.399,-11.562,0.847,-0.325,-1.060,    ,1334.692,91.144,417.769,-134.750,-3.835,-93.677
-1.334,24.477,-12.435,0.873,-0.341,-0.984,    ,1334.692,91.146,417.768,-135.282,-3.868,-93.641
-1.687,24.517,-10.974,0.784,-0.273,-1.048,    ,1334.691,91.149,417.767,-136.366,-3.936,-93.566
-1.746,23.232,-11.307,0.814,-0.325,-0.938,    ,1334.691,91.152,417.766,-137.469,-4.004,-93.490
-1.500,23.516,-8.228,0.637,-0.208,-1.012,    ,1334.690,91.155,417.765,-138.533,-4.067,-93.414
-1.814,22.496,-9.836,0.740,-0.256,-0.905,    ,1334.690,91.157,417.765,-139.674,-4.134,-93.332
-1.863,21.633,-10.091,0.729,-0.286,-0.892,    ,1334.689,91.159,417.764,-140.663,-4.191,-93.260
-1.108,21.624,-7.012,0.560,-0.195,-0.831,    ,1334.689,91.161,417.764,-141.786,-4.253,-93.178
-2.197,21.055,-9.424,0.651,-0.210,-0.831,    ,1334.689,91.162,417.763,-142.661,-4.301,-93.112
-2.540,19.525,-8.414,0.583,-0.234,-0.844,    ,1334.689,91.164,417.763,-143.746,-4.359,-93.030
-1.677,20.182,-7.247,0.477,-0.163,-0.813,    ,1334.688,91.165,417.763,-144.716,-4.410,-92.956
-0.814,20.751,-8.100,0.652,-0.200,-0.760,    ,1334.688,91.166,417.763,-145.687,-4.459,-92.881
-1.961,18.829,-7.855,0.537,-0.172,-0.759,    ,1334.688,91.166,417.763,-146.220,-4.485,-92.839
-2.206,18.888,-6.443,0.493,-0.125,-0.797,    ,1334.688,91.167,417.762,-147.324,-4.539,-92.752
-1.971,17.230,-5.757,0.444,-0.128,-0.777,    ,1334.688,91.168,417.762,-148.428,-4.591,-92.664
-1.608,17.417,-5.913,0.358,-0.082,-0.697,    ,1334.687,91.169,417.762,-149.514,-4.640,-92.576
-2.177,16.436,-6.041,0.417,-0.128,-0.660,    ,1334.687,91.170,417.762,-150.580,-4.687,-92.490
-1.736,15.583,-6.708,0.353,-0.148,-0.594,    ,1334.687,91.171,417.762,-151.666,-4.733,-92.400
-1.049,15.818,-5.060,0.300,-0.129,-0.689,    ,1334.687,91.171,417.762,-152.123,-4.752,-92.363
-0.941,14.308,-3.668,0.281,-0.114,-0.534,    ,1334.686,91.172,417.762,-153.171,-4.794,-92.275
-1.549,15.181,-3.834,0.212,-0.072,-0.563,    ,1334.686,91.172,417.762,-154.257,-4.836,-92.184
-1.628,13.690,-4.433,0.103,-0.091,-0.561,    ,1334.686,91.173,417.761,-155.229,-4.873,-92.102
-1.304,14.278,-5.443,0.236,-0.088,-0.449,    ,1334.686,91.173,417.761,-156.220,-4.908,-92.017
-2.716,13.062,-4.335,0.231,0.022,-0.488,    ,1334.686,91.174,417.761,-157.173,-4.941,-91.935
-2.589,13.337,-3.491,0.138,0.016,-0.529,    ,1334.685,91.174,417.761,-158.240,-4.976,-91.843
-2.148,12.170,-1.804,-0.099,0.093,-0.486,    ,1334.685,91.174,417.761,-159.327,-5.010,-91.749
-2.432,11.994,-2.824,0.084,-0.031,-0.473,    ,1334.685,91.175,417.761,-160.394,-5.041,-91.655
-2.118,9.022,-2.491,0.076,0.014,-0.345,    ,1334.685,91.175,417.761,-161.500,-5.072,-91.557
-2.157,9.375,-2.187,-0.051,0.058,-0.275,    ,1334.684,91.175,417.761,-162.454,-5.097,-91.473
-1.589,10.081,-2.716,0.036,0.027,-0.416,    ,1334.684,91.176,417.761,-163.426,-5.121,-91.386
-1.118,8.238,-2.236,0.014,0.025,-0.243,    ,1334.684,91.176,417.761,-164.513,-5.146,-91.289
-1.245,7.414,-2.609,0.000,-0.013,-0.254,    ,1334.684,91.176,417.761,-165.505,-5.168,-91.200
-2.883,6.472,-2.883,0.070,0.060,-0.337,    ,1334.684,91.176,417.761,-166.478,-5.187,-91.112
-1.491,7.737,-1.893,-0.101,0.007,-0.231,    ,1334.683,91.177,417.761,-167.432,-5.205,-91.026
-3.226,5.825,-0.775,-0.021,0.115,-0.286,    ,1334.683,91.177,417.761,-168.519,-5.223,-90.927
-2.206,4.570,0.010,-0.099,0.134,-0.086,    ,1334.683,91.177,417.761,-169.492,-5.238,-90.838
-2.383,4.795,-1.177,-0.021,0.023,-0.266,    ,1334.683,91.177,417.761,-170.560,-5.253,-90.740
-2.922,4.903,-1.363,0.016,0.051,-0.284,    ,1334.683,91.177,417.761,-171.533,-5.265,-90.651
-3.158,3.442,-0.794,-0.125,0.169,-0.223,    ,1334.683,91.178,417.761,-172.602,-5.276,-90.553
-3.364,4.256,-0.255,-0.179,0.150,-0.367,    ,1334.683,91.178,417.761,-173.041,-5.280,-90.513
-1.579,3.746,-2.187,-0.001,0.035,0.094,    ,1334.682,91.178,417.761,-174.109,-5.289,-90.414
-2.638,2.108,-0.667,-0.294,0.106,-0.227,    ,1334.682,91.178,417.761,-175.178,-5.295,-90.316
-0.941,1.589,-1.177,-0.173,0.118,0.179,    ,1334.682,91.178,417.761,-176.265,-5.300,-90.215
-0.883,0.549,-1.579,-0.120,0.097,0.228,    ,1334.682,91.178,417.761,-177.334,-5.303,-90.116
-3.452,0.000,-1.265,-0.188,0.102,-0.093,    ,1334.682,91.178,417.761,-178.326,-5.305,-90.025
-2.648,-0.765,-0.745,-0.118,0.102,-0.009,    ,1334.681,91.178,417.761,-179.357,-5.304,-89.929
-2.687,-1.491,-1.000,-0.281,0.100,0.030,    ,1334.681,91.178,417.761,179.537,-5.302,-89.827
-1.598,-0.186,-0.843,0.003,0.058,0.117,    ,1334.681,91.179,417.761,178.468,-5.298,-89.728
-2.206,-1.373,-1.000,0.034,0.061,0.095,    ,1334.681,91.179,417.761,177.953,-5.295,-89.681
-2.667,-2.079,-0.951,-0.024,0.048,0.067,    ,1334.680,91.179,417.762,176.487,-5.285,-89.546
-2.422,-3.579,-0.226,-0.182,0.125,0.164,    ,1334.677,91.180,417.767,175.960,-5.280,-89.497
-2.383,-3.364,-0.010,-0.160,0.115,0.140,    ,1334.676,91.181,417.767,175.883,-5.280,-89.490
-2.305,-3.305,-0.186,-0.161,0.108,0.146,    ,1334.676,91.181,417.767,175.883,-5.280,-89.490
-2.530,-3.266,-0.098,-0.156,0.125,0.148,    ,1334.676,91.181,417.767,175.883,-5.280,-89.490
-2.569,-3.256,-0.020,-0.150,0.123,0.132,    ,1334.676,91.181,417.767,175.883,-5.280,-89.490
-2.452,-3.315,-0.490,-0.144,0.106,0.137,    ,1334.676,91.181,417.767,175.883,-5.280,-89.490
-2.540,-3.226,-0.245,-0.144,0.102,0.138,    ,1334.676,91.181,417.767,175.883,-5.280,-89.490
-2.412,-3.305,-0.382,-0.153,0.117,0.150,    ,1334.676,91.181,417.767,175.883,-5.280,-89.490
-2.373,-3.462,2.207,-0.147,0.105,0.059,    ,1334.665,91.216,417.736,175.879,-5.280,-89.489
-2.589,-3.491,2.324,-0.141,0.102,0.049,    ,1334.665,91.216,417.736,175.879,-5.280,-89.489
-2.540,-3.393,2.128,-0.142,0.105,0.043,    ,1334.665,91.216,417.736,175.879,-5.280,-89.489
-2.579,-3.501,2.510,-0.151,0.110,0.036,    ,1334.665,91.216,417.736,175.879,-5.280,-89.489
-2.628,-3.403,2.726,-0.153,0.118,0.036,    ,1334.665,91.216,417.736,175.879,-5.280,-89.489
-2.628,-3.403,2.726,-0.153,0.118,0.036,    ,1334.665,91.216,417.736,175.879,-5.280,-89.489
-2.628,-3.403,2.726,-0.153,0.118,0.036,    ,1334.665,91.216,417.736,175.879,-5.280,-89.489
-2.628,-3.403,2.726,-0.153,0.118,0.036,    ,1334.665,91.216,417.736,175.879,-5.280,-89.489
