0.549,-0.775,-0.206,-0.070,-0.037,0.016,    ,-1110.153,896.171,-34.811,125.442,2.625,-35.690
-0.078,-0.961,-0.687,-0.088,-0.056,0.011,    ,-1110.153,896.171,-34.811,125.442,2.625,-35.690
0.294,-0.118,0.177,-0.189,-0.048,0.017,    ,-1110.153,896.171,-34.811,125.442,2.625,-35.690
0.020,-0.490,-0.265,-0.176,-0.082,0.009,    ,-1110.153,896.171,-34.811,125.442,2.625,-35.690
0.167,-1.187,-0.451,-0.068,-0.028,0.002,    ,-1110.153,896.171,-34.811,125.442,2.625,-35.690
0.451,-0.343,-0.167,-0.169,-0.037,0.025,    ,-1110.153,896.171,-34.811,125.442,2.625,-35.690
0.775,-0.481,-0.382,-0.138,0.083,0.025,    ,-1110.153,896.171,-34.811,125.442,2.625,-35.690
0.069,-0.206,-0.265,-0.234,-0.034,-0.001,    ,-1110.153,896.171,-34.811,125.442,2.625,-35.690
-0.078,-1.265,-0.951,-0.035,-0.080,0.025,    ,-1110.153,896.171,-34.811,125.442,2.625,-35.690
0.353,-0.294,-0.402,-0.221,-0.054,0.024,    ,-1110.153,896.171,-34.811,125.442,2.625,-35.690
0.177,-0.304,-0.177,-0.139,-0.073,0.012,    ,-1110.153,896.171,-34.811,125.442,2.625,-35.690
0.608,-0.941,-0.951,-0.061,-0.019,0.039,    ,-1110.153,896.171,-34.811,125.442,2.625,-35.690
0.667,-0.441,-0.167,-0.147,-0.040,0.026,    ,-1110.153,896.171,-34.811,125.442,2.625,-35.690
0.265,-0.127,-0.373,-0.228,-0.070,0.020,    ,-1110.153,896.171,-34.811,125.442,2.625,-35.690
0.520,-1.442,-1.177,-0.035,-0.059,0.025,    ,-1110.153,896.171,-34.811,125.442,2.625,-35.690
0.402,-0.598,-0.647,-0.240,-0.027,0.021,    ,-1110.153,896.171,-34.811,125.442,2.625,-35.690
0.294,-0.412,-0.657,-0.094,-0.087,0.019,    ,-1110.153,896.171,-34.811,125.442,2.625,-35.690
0.637,-0.481,-0.029,-0.133,0.009,0.026,    ,-1110.153,896.171,-34.811,125.442,2.625,-35.690
0.677,-0.382,-0.647,-0.185,-0.025,0.030,    ,-1110.153,896.171,-34.811,125.442,2.625,-35.690
0.520,-0.147,-1.020,-0.134,-0.052,0.033,    ,-1110.153,896.171,-34.811,125.442,2.625,-35.690
0.078,-0.324,-0.275,-0.185,-0.038,0.009,    ,-1110.153,896.171,-34.811,125.442,2.625,-35.690
0.569,-1.030,-0.912,-0.032,0.029,0.027,    ,-1110.153,896.171,-34.811,125.442,2.625,-35.690
0.618,0.108,-5.423,-0.166,-0.036,0.186,    ,-1110.223,896.081,-34.892,125.442,2.625,-35.690
0.098,-1.255,-5.708,-0.127,-0.062,0.177,    ,-1111.171,894.851,-35.993,125.442,2.625,-35.689
-0.520,-1.912,-4.727,0.102,-0.113,0.076,    ,-1118.703,885.073,-44.741,125.445,2.627,-35.687
0.647,-0.363,-4.413,-0.091,0.072,0.108,    ,-1128.538,872.306,-56.164,125.449,2.629,-35.683
-0.147,-0.510,-2.373,-0.181,-0.147,0.139,    ,-1133.188,866.270,-61.565,125.451,2.630,-35.682
1.971,0.000,-2.138,-0.237,0.095,0.215,    ,-1142.281,854.467,-72.126,125.454,2.632,-35.679
-0.549,-0.167,-3.266,-0.133,-0.127,0.120,    ,-1151.461,842.550,-82.788,125.457,2.634,-35.676
1.069,-0.912,-3.785,-0.088,0.080,0.166,    ,-1155.986,836.675,-88.044,125.459,2.636,-35.674
1.765,-0.530,-4.443,-0.150,0.035,0.165,    ,-1165.038,824.926,-98.556,125.462,2.638,-35.671
0.628,-1.755,-3.579,-0.023,-0.120,0.190,    ,-1174.088,813.178,-109.068,125.466,2.640,-35.668
1.206,-0.088,-4.648,-0.156,0.002,0.158,    ,-1178.743,807.135,-114.474,125.467,2.641,-35.666
1.344,-0.304,-2.471,-0.184,0.095,0.114,    ,-1187.794,795.387,-124.986,125.471,2.643,-35.663
0.343,-1.285,-3.285,-0.056,-0.040,0.227,    ,-1196.844,783.638,-135.498,125.474,2.645,-35.660
1.275,-0.814,-3.207,-0.185,0.014,0.228,    ,-1201.370,777.763,-140.754,125.476,2.646,-35.659
0.785,0.265,-2.334,-0.297,-0.025,0.268,    ,-1209.135,767.682,-149.774,125.479,2.647,-35.656
0.226,-0.922,-3.707,-0.188,0.076,0.165,    ,-1214.510,760.694,-156.045,125.479,2.648,-35.656
1.559,-1.285,-3.815,-0.079,0.071,0.303,    ,-1218.605,755.365,-160.834,125.480,2.648,-35.656
1.147,-0.363,-3.589,-0.279,0.096,0.144,    ,-1227.618,743.638,-171.374,125.480,2.648,-35.656
1.667,-0.402,-3.668,-0.232,-0.005,0.197,    ,-1235.735,733.076,-180.866,125.480,2.648,-35.657
0.843,-1.285,-4.060,-0.147,-0.004,0.156,    ,-1244.754,721.339,-191.413,125.480,2.648,-35.657
0.932,-0.520,-3.030,-0.214,0.002,0.230,    ,-1249.263,715.472,-196.687,125.480,2.648,-35.657
1.716,-0.569,-2.981,-0.235,0.152,0.219,    ,-1258.411,703.568,-207.384,125.481,2.647,-35.658
2.226,-0.294,-3.207,-0.281,0.158,0.339,    ,-1266.006,693.684,-216.266,125.481,2.647,-35.658
1.206,-0.353,-2.001,-0.279,0.092,0.179,    ,-1267.360,691.922,-217.850,125.481,2.647,-35.658
1.079,-0.559,-4.639,-0.169,0.055,0.255,    ,-1267.745,691.399,-218.006,125.481,2.647,-35.658
1.412,-0.177,-3.226,-0.294,0.100,0.211,    ,-1268.030,690.892,-216.634,125.481,2.647,-35.659
1.373,-0.765,-2.148,-0.221,0.027,0.206,    ,-1268.815,689.502,-212.868,125.480,2.647,-35.659
1.040,-0.637,-2.991,-0.187,0.065,0.116,    ,-1270.361,686.760,-205.442,125.479,2.646,-35.660
1.530,-0.451,-4.697,-0.204,0.016,0.211,    ,-1271.503,684.735,-199.956,125.479,2.645,-35.661
0.941,-1.422,-3.128,-0.159,0.012,0.218,    ,-1274.412,679.577,-185.988,125.477,2.644,-35.663
0.765,-1.442,-2.501,-0.132,0.069,0.163,    ,-1276.020,676.725,-178.264,125.475,2.643,-35.664
1.638,-0.990,-3.972,-0.056,0.066,0.148,    ,-1279.327,670.861,-162.382,125.473,2.641,-35.666
0.706,-1.775,-2.256,0.171,0.033,0.146,    ,-1282.308,665.576,-148.068,125.471,2.639,-35.668
1.657,-4.442,-1.402,0.784,0.196,0.122,    ,-1283.594,663.295,-141.890,125.470,2.639,-35.669
1.069,-8.728,0.814,1.781,0.156,0.146,    ,-1285.418,660.061,-133.131,125.469,2.638,-35.670
1.873,-13.445,-0.500,2.999,0.217,0.260,    ,-1286.418,658.287,-128.323,125.469,2.637,-35.671
2.354,-16.701,-0.333,3.933,0.326,0.191,    ,-1286.598,657.944,-127.139,125.468,2.637,-35.671
2.167,-16.112,0.677,4.155,0.349,0.166,    ,-1285.947,658.707,-125.326,125.468,2.637,-35.671
-0.255,-13.396,-1.393,3.416,0.040,0.117,    ,-1283.132,662.369,-122.011,125.469,2.637,-35.672
0.647,-11.650,0.363,2.610,-0.106,0.381,    ,-1280.940,665.225,-119.473,125.469,2.637,-35.672
4.442,-15.269,-0.549,3.866,0.623,0.262,    ,-1275.909,671.777,-113.651,125.470,2.636,-35.673
-0.471,-16.289,1.599,5.371,0.266,0.172,    ,-1272.179,676.635,-109.335,125.471,2.636,-35.674
-7.120,-5.992,6.404,4.399,-0.886,-0.064,    ,-1271.081,678.066,-108.064,125.471,2.636,-35.674
-8.924,-8.581,8.787,4.511,-1.303,0.152,    ,-1270.099,679.346,-106.960,125.471,2.636,-35.674
9.326,-21.378,1.196,5.680,0.754,0.527,    ,-1269.099,680.659,-105.975,125.471,2.636,-35.674
3.942,-24.811,1.030,6.364,0.837,0.228,    ,-1266.491,684.086,-103.430,125.471,2.636,-35.674
-2.726,-16.681,5.207,6.386,-0.202,0.089,    ,-1264.482,686.726,-101.469,125.471,2.635,-35.673
-1.589,-10.199,7.061,6.575,-0.864,0.178,    ,-1259.293,693.544,-96.405,125.470,2.635,-35.672
-1.746,-20.104,-0.824,5.092,-0.450,0.403,    ,-1253.999,700.499,-91.239,125.470,2.634,-35.671
-0.892,-16.711,-1.883,4.252,-0.296,0.301,    ,-1251.781,703.413,-89.074,125.470,2.634,-35.671
4.844,-14.808,0.000,4.731,0.351,0.420,    ,-1248.767,707.374,-86.133,125.470,2.634,-35.671
-2.030,-11.572,1.795,5.692,-0.043,0.085,    ,-1247.898,708.515,-85.281,125.470,2.634,-35.670
0.716,-19.653,1.236,5.654,0.582,0.203,    ,-1246.911,709.803,-84.187,125.470,2.633,-35.670
-4.786,-12.347,5.443,5.069,-0.642,0.077,    ,-1245.454,711.675,-82.234,125.470,2.633,-35.670
0.745,-22.712,0.471,7.070,0.118,0.206,    ,-1244.109,713.403,-80.407,125.469,2.633,-35.670
3.589,-28.302,0.314,8.486,0.355,0.153,    ,-1239.916,718.789,-74.711,125.469,2.633,-35.669
-5.884,-25.076,-1.657,6.390,-0.573,0.272,    ,-1233.818,726.623,-66.426,125.469,2.633,-35.668
12.101,-24.056,-2.844,8.202,1.082,0.461,    ,-1230.296,731.147,-61.642,125.469,2.633,-35.668
10.434,-21.663,-1.736,7.097,0.667,0.345,    ,-1223.986,739.252,-53.070,125.469,2.632,-35.667
-10.954,-4.286,2.834,6.397,-1.438,-0.010,    ,-1219.314,745.253,-46.723,125.469,2.632,-35.666
-12.386,-1.000,8.600,5.465,-1.612,-0.182,    ,-1217.820,747.172,-44.694,125.469,2.632,-35.666
2.981,-14.632,4.501,7.664,-0.351,0.337,    ,-1216.130,749.344,-42.410,125.468,2.632,-35.665
4.364,-28.684,-0.843,8.894,0.723,0.465,    ,-1215.121,750.660,-41.269,125.468,2.632,-35.665
-4.266,-1.040,-0.902,4.064,-0.903,0.056,    ,-1214.382,751.634,-40.584,125.468,2.632,-35.665
-0.951,-6.227,-3.295,4.378,-0.436,0.186,    ,-1211.682,755.202,-38.128,125.468,2.631,-35.665
-2.197,-5.815,-1.952,3.705,0.114,0.117,    ,-1206.551,761.981,-33.460,125.468,2.631,-35.665
-1.383,-5.099,-1.795,4.870,-0.594,0.265,    ,-1202.939,766.753,-30.174,125.468,2.631,-35.665
-4.972,-1.049,-0.029,5.795,-0.644,-0.106,    ,-1195.475,776.614,-23.385,125.468,2.630,-35.664
1.206,-12.631,-1.069,6.237,-0.447,0.256,    ,-1188.266,786.139,-16.826,125.468,2.630,-35.664
1.471,-11.052,-7.345,4.549,-0.462,0.367,    ,-1185.218,790.166,-14.054,125.468,2.630,-35.663
-1.432,-5.864,-5.050,3.907,-0.113,0.196,    ,-1181.264,795.390,-10.458,125.468,2.629,-35.663
3.530,-2.285,-6.139,3.934,-0.025,0.355,    ,-1179.135,798.197,-8.463,125.468,2.629,-35.663
-2.305,-7.943,-1.471,4.016,-0.234,0.200,    ,-1177.278,800.622,-6.402,125.468,2.629,-35.663
-2.295,-3.197,1.226,3.578,-0.459,0.148,    ,-1169.764,810.402,2.321,125.468,2.628,-35.663
-2.197,-6.629,-1.922,3.456,0.009,-0.017,    ,-1160.741,822.140,12.855,125.468,2.628,-35.662
0.000,-6.963,-3.619,2.104,0.121,0.153,    ,-1156.100,828.177,18.273,125.468,2.628,-35.662
0.598,-3.599,-3.756,1.737,0.056,0.145,    ,-1146.981,840.040,28.920,125.467,2.627,-35.661
-0.304,-2.952,-4.374,1.738,0.154,0.064,    ,-1140.748,848.149,36.198,125.467,2.627,-35.661
-0.412,-1.863,-5.609,1.427,0.334,0.061,    ,-1140.291,848.792,36.115,125.467,2.627,-35.661
0.078,-1.079,-4.393,1.598,0.215,0.199,    ,-1141.719,847.107,32.314,125.468,2.627,-35.661
-0.569,-3.089,-3.668,1.106,-0.092,0.151,    ,-1147.143,840.700,17.865,125.468,2.629,-35.660
0.265,-3.913,-5.413,1.048,0.031,0.174,    ,-1153.127,833.633,1.925,125.469,2.630,-35.660
-0.549,-1.628,-6.620,0.693,-0.021,0.158,    ,-1156.077,830.150,-5.932,125.470,2.631,-35.660
1.461,-1.334,-5.570,0.209,0.164,0.122,    ,-1162.061,823.082,-21.872,125.471,2.633,-35.659
-0.020,-0.579,-4.423,-0.095,-0.035,0.077,    ,-1167.876,816.215,-37.362,125.472,2.635,-35.659
0.804,-1.275,-5.982,-0.132,-0.086,0.181,    ,-1170.826,812.731,-45.219,125.473,2.636,-35.658
1.157,-1.020,-6.620,-0.170,0.009,0.281,    ,-1176.810,805.664,-61.159,125.474,2.638,-35.658
0.392,0.255,-5.590,-0.248,-0.025,0.214,    ,-1182.710,798.696,-76.874,125.475,2.639,-35.658
0.726,-0.382,-4.825,-0.278,0.025,0.174,    ,-1185.659,795.212,-84.731,125.475,2.640,-35.657
1.304,-1.657,-5.227,-0.122,-0.037,0.181,    ,-1191.644,788.145,-100.670,125.476,2.642,-35.657
0.775,-0.078,-5.305,-0.270,-0.017,0.190,    ,-1197.543,781.178,-116.385,125.477,2.644,-35.656
0.304,-0.481,-6.296,-0.095,0.005,0.175,    ,-1200.493,777.694,-124.243,125.478,2.645,-35.656
1.079,0.451,-4.305,-0.320,0.143,0.084,    ,-1206.371,770.752,-139.901,125.479,2.647,-35.656
2.461,-1.971,-4.795,-0.076,0.153,0.434,    ,-1210.833,765.427,-151.089,125.479,2.648,-35.656
0.677,-0.471,-5.443,-0.253,0.063,0.341,    ,-1213.243,762.340,-154.538,125.479,2.648,-35.656
1.677,-0.932,-4.658,-0.144,0.067,0.280,    ,-1221.255,751.918,-163.933,125.480,2.648,-35.656
1.667,-0.343,-4.923,-0.293,0.081,0.171,    ,-1229.887,740.685,-174.028,125.480,2.648,-35.656
0.196,-1.010,-6.002,-0.082,-0.008,0.220,    ,-1234.139,735.152,-179.000,125.480,2.648,-35.657
1.265,-0.637,-5.590,-0.162,0.011,0.206,    ,-1242.900,723.751,-189.246,125.480,2.648,-35.657
1.500,-1.648,-5.913,-0.067,-0.006,0.312,    ,-1251.533,712.518,-199.341,125.481,2.647,-35.657
2.677,-1.030,-5.619,-0.195,0.082,0.362,    ,-1260.657,700.645,-210.011,125.481,2.647,-35.658
1.471,-0.500,-4.099,-0.252,0.118,0.054,    ,-1264.489,695.659,-214.491,125.481,2.647,-35.658
0.755,-0.696,-5.041,-0.217,0.124,0.204,    ,-1267.656,691.537,-218.181,125.481,2.647,-35.658
1.010,-1.118,-4.992,-0.139,0.092,0.227,    ,-1267.820,691.265,-217.643,125.481,2.647,-35.658
1.040,-0.539,-4.795,-0.254,0.043,0.252,    ,-1268.013,690.924,-216.718,125.481,2.647,-35.659
1.245,-0.745,-4.207,-0.233,0.049,0.195,    ,-1268.842,689.453,-212.736,125.480,2.647,-35.659
1.216,-0.971,-4.874,-0.198,0.046,0.236,    ,-1270.408,686.675,-205.212,125.479,2.646,-35.660
1.481,-1.000,-5.227,-0.239,0.083,0.263,    ,-1271.597,684.569,-199.507,125.478,2.645,-35.661
1.079,-1.451,-4.688,-0.086,0.135,0.197,    ,-1274.439,679.528,-185.856,125.477,2.644,-35.663
1.373,-0.981,-4.795,-0.132,0.103,0.173,    ,-1277.712,673.725,-170.139,125.474,2.642,-35.665
1.746,-0.647,-5.462,-0.192,0.075,0.170,    ,-1279.402,670.729,-162.025,125.473,2.641,-35.666
1.138,-0.294,-5.570,-0.027,0.017,0.142,    ,-1282.370,665.466,-147.770,125.471,2.639,-35.668
1.726,-2.579,-3.864,0.355,0.079,0.234,    ,-1284.651,661.421,-136.814,125.470,2.638,-35.670
0.333,-5.050,-1.079,1.097,0.027,0.148,    ,-1285.450,660.005,-132.979,125.469,2.638,-35.670
1.128,-10.542,-3.707,2.130,0.069,0.319,    ,-1286.424,658.278,-128.297,125.469,2.637,-35.671
0.235,-12.111,-0.628,2.379,0.116,0.148,    ,-1286.469,658.051,-126.216,125.468,2.637,-35.671
0.569,-8.963,-1.491,2.231,0.156,0.146,    ,-1285.887,658.785,-125.246,125.468,2.637,-35.671
3.207,-7.345,-4.050,2.127,0.371,0.252,    ,-1283.098,662.413,-121.971,125.469,2.637,-35.672
-0.167,-9.552,-3.344,2.124,0.106,0.086,    ,-1278.626,668.238,-116.795,125.470,2.636,-35.673
3.207,-6.963,-4.403,1.969,0.221,0.298,    ,-1276.003,671.655,-113.760,125.470,2.636,-35.673
2.226,-9.257,-6.365,2.434,0.136,0.325,    ,-1272.273,676.513,-109.443,125.471,2.636,-35.674
-2.756,-6.884,-1.089,2.082,-0.243,0.127,    ,-1270.521,678.795,-107.421,125.471,2.636,-35.674
0.736,-5.433,-0.981,2.513,-0.246,0.260,    ,-1270.103,679.341,-106.964,125.471,2.636,-35.674
0.892,-8.953,-1.569,2.911,-0.222,0.283,    ,-1269.061,680.710,-105.937,125.471,2.636,-35.674
0.186,-10.581,-3.687,2.646,-0.106,0.292,    ,-1266.409,684.194,-103.350,125.471,2.636,-35.674
1.628,-3.903,-3.874,2.104,-0.053,0.283,    ,-1264.313,686.948,-101.304,125.471,2.635,-35.673
0.775,-8.630,-4.256,2.532,0.157,0.189,    ,-1259.244,693.608,-96.357,125.470,2.635,-35.672
-1.344,-5.207,-2.864,2.310,-0.208,0.165,    ,-1253.888,700.645,-91.130,125.470,2.634,-35.671
0.736,-10.366,-4.433,2.831,0.107,0.136,    ,-1251.634,703.607,-88.931,125.470,2.634,-35.671
0.961,-8.002,-5.099,2.434,-0.013,0.331,    ,-1248.720,707.435,-86.087,125.470,2.634,-35.671
0.637,-2.491,-4.364,1.704,-0.043,0.225,    ,-1247.357,709.223,-84.717,125.470,2.634,-35.670
2.550,-5.688,-4.001,2.052,0.177,0.250,    ,-1246.873,709.851,-84.141,125.470,2.633,-35.670
-2.354,-4.501,-2.157,2.142,-0.301,0.164,    ,-1245.405,711.739,-82.166,125.470,2.633,-35.670
1.206,-10.179,-4.795,3.063,0.278,0.394,    ,-1242.168,715.897,-77.769,125.469,2.633,-35.669
0.932,-9.581,-4.109,2.785,0.084,0.245,    ,-1239.637,719.148,-74.331,125.469,2.633,-35.669
-1.667,-6.757,-0.873,2.653,-0.361,0.236,    ,-1233.288,727.304,-65.706,125.469,2.633,-35.668
-0.431,-7.924,-4.472,2.837,0.218,-0.001,    ,-1226.966,735.424,-57.118,125.469,2.632,-35.667
-0.186,-4.776,-1.755,3.445,-0.068,0.313,    ,-1223.774,739.524,-52.782,125.469,2.632,-35.667
-2.913,-2.913,-1.353,2.937,-0.250,0.037,    ,-1219.283,745.293,-46.681,125.469,2.632,-35.666
0.314,-9.277,-5.031,3.405,0.000,0.206,    ,-1216.760,748.534,-43.253,125.468,2.632,-35.665
-0.108,-2.187,-5.717,2.340,-0.509,0.294,    ,-1216.090,749.396,-42.357,125.468,2.632,-35.665
1.598,-2.609,-4.982,2.664,-0.290,0.245,    ,-1215.110,750.673,-41.259,125.468,2.632,-35.665
-0.078,-8.012,-2.442,2.534,0.229,0.153,    ,-1213.242,753.141,-39.546,125.468,2.632,-35.665
-2.324,-3.776,-2.118,2.476,-0.089,0.053,    ,-1211.593,755.319,-38.047,125.468,2.631,-35.665
0.490,-6.051,-1.657,3.143,-0.139,0.227,    ,-1206.311,762.297,-33.242,125.468,2.631,-35.665
0.275,-7.885,-4.678,3.378,-0.134,0.208,    ,-1199.247,771.631,-26.816,125.468,2.631,-35.664
0.785,-1.814,-5.982,2.389,-0.075,0.138,    ,-1195.298,776.847,-23.224,125.468,2.630,-35.664
2.226,-1.961,-6.325,2.971,-0.156,0.425,    ,-1188.208,786.215,-16.775,125.468,2.630,-35.664
-0.647,-3.638,-5.256,1.872,-0.087,0.241,    ,-1183.101,792.962,-12.129,125.468,2.629,-35.663
2.118,-6.708,-5.158,2.275,0.247,0.273,    ,-1180.161,796.847,-9.454,125.468,2.629,-35.663
1.275,-4.197,-6.355,2.468,0.213,0.180,    ,-1179.213,798.096,-8.543,125.468,2.629,-35.663
-1.961,-2.295,-3.168,2.320,-0.239,0.209,    ,-1174.323,804.469,-2.992,125.468,2.629,-35.663
1.226,-6.257,-5.551,2.306,0.037,0.096,    ,-1165.431,816.038,7.380,125.468,2.628,-35.662
0.265,-1.461,-5.217,1.561,0.118,0.042,    ,-1160.919,821.907,12.647,125.468,2.628,-35.662
0.235,-2.324,-4.609,1.173,0.122,0.166,    ,-1152.025,833.479,23.031,125.468,2.627,-35.661
0.177,-0.794,-4.884,1.259,0.129,0.215,    ,-1143.410,844.686,33.090,125.467,2.627,-35.661
-1.344,-2.726,-4.354,1.069,0.103,0.087,    ,-1140.853,848.012,36.075,125.467,2.627,-35.661
0.235,-3.648,-7.031,0.850,0.238,0.034,    ,-1140.343,848.731,35.978,125.467,2.627,-35.661
2.030,-0.990,-7.355,0.773,0.102,0.345,    ,-1144.475,843.852,24.973,125.468,2.628,-35.660
1.108,-0.088,-6.492,0.797,0.154,0.130,    ,-1147.409,840.386,17.157,125.469,2.629,-35.660
-0.431,0.941,-7.051,0.449,-0.203,0.212,    ,-1153.309,833.419,1.442,125.470,2.631,-35.660
0.598,-0.794,-7.404,0.265,0.041,0.226,    ,-1159.208,826.451,-14.273,125.471,2.632,-35.659
1.000,-1.138,-6.786,0.065,0.095,0.109,    ,-1161.990,823.167,-21.681,125.471,2.633,-35.659
0.216,-2.020,-6.835,-0.081,-0.117,0.189,    ,-1167.805,816.299,-37.172,125.472,2.635,-35.659
0.637,0.275,-8.042,-0.205,-0.020,0.198,    ,-1173.789,809.232,-53.111,125.473,2.637,-35.658
0.294,-0.010,-7.424,-0.228,0.159,0.066,    ,-1176.739,805.748,-60.969,125.474,2.638,-35.658
0.647,-0.765,-7.512,-0.010,-0.059,0.261,    ,-1182.638,798.780,-76.684,125.475,2.639,-35.658
0.745,-0.373,-6.423,-0.181,-0.076,0.283,    ,-1188.538,791.813,-92.398,125.476,2.641,-35.657
0.343,-0.314,-6.492,-0.205,0.029,0.142,    ,-1191.572,788.229,-100.480,125.476,2.642,-35.657
1.677,-0.804,-7.934,-0.187,0.095,0.232,    ,-1197.387,781.361,-115.971,125.477,2.644,-35.656
1.952,-0.402,-8.179,-0.223,0.076,0.279,    ,-1203.456,774.195,-132.135,125.478,2.646,-35.656
0.912,-0.441,-6.502,-0.209,0.154,0.231,    ,-1206.303,770.832,-139.718,125.479,2.647,-35.656
1.334,-0.618,-6.217,-0.230,0.064,0.279,    ,-1210.788,765.482,-151.006,125.479,2.648,-35.656
1.187,-0.912,-7.080,-0.205,0.000,0.179,    ,-1216.244,758.438,-158.073,125.479,2.648,-35.656
1.981,-0.834,-5.982,-0.284,0.133,0.364,    ,-1225.011,747.030,-168.325,125.480,2.648,-35.656
1.049,-1.079,-7.590,-0.071,0.145,0.207,    ,-1229.263,741.497,-173.297,125.480,2.648,-35.656
1.285,-0.647,-7.992,-0.173,0.087,0.178,    ,-1237.637,730.599,-183.091,125.480,2.648,-35.657
1.255,-0.284,-7.296,-0.271,0.013,0.231,    ,-1246.399,719.199,-193.337,125.480,2.648,-35.657
1.049,-0.961,-7.571,-0.164,0.012,0.334,    ,-1250.264,714.169,-197.857,125.481,2.647,-35.657
1.089,0.127,-6.208,-0.237,-0.084,0.219,    ,-1259.538,702.101,-208.702,125.481,2.647,-35.658
1.952,-0.775,-5.560,-0.254,0.201,0.323,    ,-1266.370,693.211,-216.691,125.481,2.647,-35.658
1.697,-0.843,-5.050,-0.234,0.142,0.272,    ,-1267.707,691.465,-218.183,125.481,2.647,-35.658
1.089,-0.883,-6.541,-0.214,0.059,0.249,    ,-1267.758,691.376,-217.943,125.481,2.647,-35.658
1.451,-0.333,-5.815,-0.214,0.084,0.294,    ,-1268.136,690.705,-216.126,125.481,2.647,-35.659
1.481,-0.843,-6.698,-0.219,0.016,0.266,    ,-1269.006,689.163,-211.949,125.480,2.647,-35.659
0.804,-0.912,-6.031,-0.178,0.072,0.198,    ,-1269.750,687.842,-208.373,125.480,2.646,-35.660
1.010,-0.961,-7.247,-0.222,0.064,0.259,    ,-1271.969,683.908,-197.717,125.478,2.645,-35.661
1.579,-0.177,-5.168,-0.233,0.180,0.108,    ,-1274.942,678.637,-183.441,125.476,2.643,-35.663
0.961,0.049,-5.384,-0.274,0.026,0.135,    ,-1276.434,675.991,-176.275,125.475,2.643,-35.664
1.187,-0.049,-7.286,-0.217,0.065,0.188,    ,-1279.683,670.231,-160.675,125.473,2.641,-35.666
1.128,-1.569,-6.080,0.259,0.078,0.162,    ,-1282.490,665.254,-147.195,125.471,2.639,-35.668
0.794,-2.030,-6.404,0.247,0.025,0.193,    ,-1284.682,661.367,-136.669,125.470,2.638,-35.670
1.020,-4.187,-3.766,0.860,0.137,0.204,    ,-1285.393,660.104,-133.249,125.469,2.638,-35.670
1.412,-5.727,-4.825,1.578,0.031,0.259,    ,-1286.381,658.354,-128.507,125.469,2.637,-35.671
1.461,-8.051,-3.746,1.789,0.364,0.210,    ,-1286.524,657.987,-126.385,125.468,2.637,-35.671
2.805,-8.767,-4.462,1.943,0.477,0.316,    ,-1286.079,658.538,-125.509,125.468,2.637,-35.671
1.393,-7.482,-2.628,1.879,0.221,0.259,    ,-1283.523,661.860,-122.463,125.469,2.637,-35.672
1.971,-6.610,-4.933,2.126,0.000,0.377,    ,-1279.049,667.688,-117.285,125.470,2.636,-35.673
-0.422,-7.228,-5.864,1.886,-0.049,0.236,    ,-1276.403,671.133,-114.223,125.470,2.636,-35.673
-0.686,-6.365,-7.639,1.937,-0.079,0.213,    ,-1272.471,676.255,-109.672,125.471,2.636,-35.674
2.059,-7.424,-4.688,2.334,0.080,0.366,    ,-1270.590,678.706,-107.498,125.471,2.636,-35.674
-1.716,-5.119,-3.570,2.371,-0.323,0.224,    ,-1270.153,679.275,-107.016,125.471,2.636,-35.674
-2.697,-6.570,-1.755,2.240,-0.283,0.180,    ,-1269.174,680.561,-106.048,125.471,2.636,-35.674
0.432,-10.081,-4.001,3.252,-0.073,0.195,    ,-1266.653,683.874,-103.587,125.471,2.636,-35.674
-0.794,-8.591,-4.952,2.316,-0.176,0.279,    ,-1264.625,686.539,-101.608,125.471,2.635,-35.673
-1.804,-5.403,-5.894,1.938,0.025,0.131,    ,-1259.623,693.110,-96.727,125.470,2.635,-35.672
1.108,-6.757,-5.286,2.265,0.034,0.287,    ,-1254.225,700.203,-91.459,125.470,2.634,-35.672
-0.049,-6.286,-5.501,2.428,0.012,0.287,    ,-1251.967,703.170,-89.256,125.470,2.634,-35.671
1.412,-8.669,-4.031,2.868,0.023,0.303,    ,-1248.865,707.246,-86.228,125.470,2.634,-35.671
-0.922,-4.609,-3.874,2.168,-0.075,0.179,    ,-1247.467,709.081,-84.837,125.470,2.634,-35.670
-2.089,-2.775,-3.324,1.965,-0.237,0.204,    ,-1246.458,710.386,-83.595,125.470,2.633,-35.670
2.010,-8.130,-4.119,2.777,0.106,0.287,    ,-1245.666,711.404,-82.521,125.470,2.633,-35.670
1.255,-9.032,-6.492,2.839,-0.036,0.233,    ,-1242.695,715.220,-78.486,125.469,2.633,-35.670
1.216,-3.383,-5.570,2.163,0.059,0.368,    ,-1240.312,718.281,-75.248,125.469,2.633,-35.669
3.697,-6.404,-5.874,2.527,0.079,0.371,    ,-1234.403,725.871,-67.221,125.469,2.633,-35.668
-0.353,-4.795,-2.138,2.887,-0.088,0.207,    ,-1227.777,734.382,-58.220,125.469,2.632,-35.667
0.745,-6.531,-4.619,3.769,-0.182,0.371,    ,-1224.501,738.590,-53.770,125.469,2.632,-35.667
2.412,-9.365,-4.884,3.947,-0.094,0.317,    ,-1219.690,744.771,-47.233,125.469,2.632,-35.666
1.089,-9.463,-6.973,3.291,-0.272,0.279,    ,-1216.974,748.259,-43.545,125.468,2.632,-35.666
0.441,-3.138,-5.855,2.463,-0.375,0.243,    ,-1216.231,749.214,-42.541,125.468,2.632,-35.665
2.197,-8.081,-6.404,2.968,0.061,0.306,    ,-1215.251,750.488,-41.397,125.468,2.632,-35.665
-2.256,-3.324,-2.971,2.523,-0.210,0.130,    ,-1213.572,752.705,-39.846,125.468,2.632,-35.665
1.196,-3.628,-5.708,3.131,-0.205,0.203,    ,-1212.065,754.696,-38.476,125.468,2.632,-35.665
0.000,-8.424,-5.963,2.957,0.040,0.182,    ,-1207.109,761.244,-33.967,125.468,2.631,-35.665
-0.049,-4.570,-8.855,2.470,-0.449,0.262,    ,-1200.208,770.361,-27.690,125.468,2.631,-35.664
1.697,-7.482,-7.100,2.804,0.067,0.231,    ,-1196.158,775.712,-24.006,125.468,2.630,-35.664
-0.265,-4.080,-6.806,3.112,0.217,0.181,    ,-1188.851,785.365,-17.359,125.468,2.630,-35.664
-1.844,-0.853,-5.815,2.720,-0.573,0.177,    ,-1183.391,792.580,-12.392,125.468,2.629,-35.663
2.069,-6.855,-7.100,2.389,-0.228,0.460,    ,-1180.299,796.665,-9.580,125.468,2.629,-35.663
-1.824,-0.853,-5.570,2.080,-0.306,0.193,    ,-1179.446,797.789,-8.781,125.468,2.629,-35.663
0.922,-6.129,-5.541,2.464,-0.162,0.222,    ,-1175.265,803.244,-4.084,125.468,2.629,-35.663
1.098,-5.305,-7.924,1.919,0.191,0.239,    ,-1166.571,814.555,6.048,125.468,2.628,-35.662
0.471,-1.040,-8.012,1.740,-0.028,0.022,    ,-1162.060,820.424,11.316,125.468,2.628,-35.662
0.078,-2.560,-5.501,1.134,0.010,0.236,    ,-1153.166,831.995,21.700,125.468,2.627,-35.662
-0.186,-0.726,-5.168,1.407,0.161,0.079,    ,-1144.321,843.502,32.026,125.467,2.627,-35.661
0.392,-1.942,-8.198,1.425,-0.007,0.115,    ,-1141.260,847.484,35.600,125.467,2.627,-35.661
0.422,-4.786,-9.885,0.868,0.127,0.163,    ,-1140.156,848.953,36.477,125.467,2.627,-35.661
0.579,-0.069,-7.865,0.518,0.099,0.174,    ,-1143.765,844.690,26.862,125.468,2.628,-35.661
2.148,-0.951,-8.767,0.833,-0.022,0.304,    ,-1146.663,841.267,19.143,125.468,2.629,-35.660
-0.216,0.745,-8.640,0.435,-0.057,0.166,    ,-1152.563,834.299,3.428,125.469,2.630,-35.660
0.235,-0.265,-8.561,0.393,0.013,0.182,    ,-1158.547,827.232,-12.512,125.470,2.632,-35.659
0.432,1.157,-8.110,-0.179,0.038,0.160,    ,-1161.497,823.749,-20.369,125.471,2.633,-35.659
0.451,-0.628,-8.738,-0.120,0.025,0.237,    ,-1167.396,816.781,-36.084,125.472,2.635,-35.659
1.589,0.137,-9.307,-0.203,0.118,0.274,    ,-1173.381,809.714,-52.023,125.473,2.637,-35.658
0.451,-2.079,-9.130,-0.038,-0.102,0.247,    ,-1176.246,806.330,-59.656,125.473,2.637,-35.658
0.549,0.186,-7.875,-0.332,-0.029,0.184,    ,-1182.230,799.263,-75.596,125.474,2.639,-35.658
0.932,-1.059,-8.297,-0.118,0.052,0.233,    ,-1188.130,792.295,-91.311,125.475,2.641,-35.657
1.138,-0.127,-7.983,-0.294,0.158,0.283,    ,-1191.079,788.811,-99.168,125.476,2.642,-35.657
1.834,0.020,-9.267,-0.266,0.079,0.311,    ,-1197.063,781.744,-115.107,125.477,2.644,-35.657
-0.314,-0.333,-8.522,-0.197,-0.042,0.253,    ,-1202.963,774.777,-130.822,125.478,2.646,-35.656
0.539,-0.647,-7.365,-0.206,0.019,0.285,    ,-1205.905,771.302,-138.659,125.478,2.646,-35.656
0.785,-0.196,-7.120,-0.200,0.132,0.085,    ,-1210.587,765.732,-150.618,125.479,2.648,-35.656
1.569,-1.353,-9.640,0.003,0.079,0.442,    ,-1216.145,758.567,-157.957,125.479,2.648,-35.656
1.716,-1.108,-6.914,-0.206,0.147,0.218,    ,-1220.521,752.872,-163.075,125.480,2.648,-35.656
1.314,-1.000,-8.414,-0.167,0.053,0.294,    ,-1229.154,741.639,-173.170,125.480,2.648,-35.656
0.432,-0.647,-8.473,-0.256,-0.024,0.283,    ,-1237.271,731.076,-182.662,125.480,2.648,-35.657
-0.186,0.206,-9.101,-0.202,-0.030,0.164,    ,-1246.290,719.341,-193.209,125.480,2.648,-35.657
1.187,-0.167,-9.365,-0.226,0.082,0.310,    ,-1250.284,714.143,-197.880,125.481,2.647,-35.657
1.049,-0.736,-7.698,-0.195,0.054,0.326,    ,-1259.429,702.242,-208.576,125.481,2.647,-35.658
1.412,-0.020,-7.443,-0.307,0.010,0.317,    ,-1266.260,693.355,-216.563,125.481,2.647,-35.658
0.971,-0.196,-6.423,-0.317,0.054,0.279,    ,-1267.528,691.704,-218.044,125.481,2.647,-35.658
1.138,-1.236,-8.042,-0.164,0.068,0.309,    ,-1267.777,691.342,-217.850,125.481,2.647,-35.658
0.912,-0.990,-7.443,-0.171,0.058,0.234,    ,-1268.204,690.584,-215.800,125.481,2.647,-35.659
1.138,-0.902,-6.423,-0.194,0.047,0.340,    ,-1268.638,689.815,-213.715,125.480,2.647,-35.659
1.157,-0.637,-7.551,-0.231,0.045,0.229,    ,-1270.128,687.173,-206.560,125.479,2.646,-35.660
1.579,-0.657,-7.973,-0.239,0.013,0.316,    ,-1272.514,682.943,-195.104,125.478,2.645,-35.662
1.334,-0.932,-7.590,-0.118,0.085,0.222,    ,-1274.011,680.287,-187.909,125.477,2.644,-35.663
0.990,-0.108,-8.071,-0.210,0.084,0.087,    ,-1277.250,674.544,-172.356,125.475,2.642,-35.665
1.736,-0.216,-8.561,-0.177,0.117,0.161,    ,-1280.536,668.719,-156.579,125.472,2.640,-35.667
1.608,-1.491,-7.581,-0.027,0.118,0.307,    ,-1281.993,666.134,-149.579,125.471,2.639,-35.668
0.834,-3.207,-5.296,0.536,-0.044,0.303,    ,-1284.387,661.889,-138.083,125.470,2.638,-35.670
1.098,-5.962,-5.080,1.100,0.042,0.271,    ,-1285.856,659.285,-131.029,125.469,2.637,-35.671
0.500,-9.228,-6.365,1.844,0.190,0.278,    ,-1286.324,658.454,-128.779,125.469,2.637,-35.671
1.255,-8.777,-5.374,2.003,0.164,0.259,    ,-1286.548,657.961,-126.481,125.468,2.637,-35.671
1.147,-8.885,-6.159,1.938,0.093,0.256,    ,-1285.211,659.662,-124.419,125.469,2.637,-35.672
2.589,-10.248,-4.580,2.262,0.340,0.201,    ,-1283.821,661.472,-122.808,125.469,2.637,-35.672
1.579,-9.140,-7.139,2.278,0.238,0.201,    ,-1279.530,667.060,-117.842,125.469,2.636,-35.673
3.069,-7.816,-6.806,2.075,0.111,0.424,    ,-1274.457,673.668,-111.971,125.470,2.636,-35.674
-0.716,-7.924,-6.561,2.368,-0.151,0.295,    ,-1272.523,676.186,-109.733,125.471,2.636,-35.674
-0.333,-8.414,-5.050,2.816,0.063,0.194,    ,-1270.540,678.770,-107.442,125.471,2.636,-35.674
-3.295,-4.335,-1.069,2.372,-0.382,0.160,    ,-1269.594,680.009,-106.458,125.471,2.636,-35.674
1.010,-11.425,-5.286,3.306,-0.047,0.346,    ,-1268.667,681.227,-105.553,125.471,2.636,-35.674
0.137,-8.924,-5.835,2.494,-0.190,0.318,    ,-1265.105,685.908,-102.077,125.471,2.635,-35.673
1.765,-4.933,-7.071,2.217,-0.090,0.329,    ,-1259.220,693.640,-96.334,125.470,2.635,-35.672
-1.089,-7.071,-4.393,2.360,-0.171,0.284,    ,-1256.001,697.869,-93.192,125.470,2.634,-35.672
-2.991,-4.256,-4.521,2.223,-0.211,0.185,    ,-1250.869,704.613,-88.184,125.470,2.634,-35.671
1.746,-8.061,-5.541,2.799,-0.015,0.318,    ,-1248.077,708.280,-85.458,125.470,2.634,-35.670
0.853,-6.747,-7.639,2.177,-0.076,0.322,    ,-1247.372,709.204,-84.734,125.470,2.633,-35.670
-1.118,-5.168,-6.227,1.796,-0.032,0.202,    ,-1246.130,710.807,-83.152,125.470,2.633,-35.670
1.677,-8.022,-5.923,2.497,0.289,0.142,    ,-1243.184,714.591,-79.150,125.469,2.633,-35.670
-2.148,-4.491,-3.501,2.604,-0.264,0.259,    ,-1240.555,717.968,-75.579,125.469,2.633,-35.669
-2.128,-2.383,-3.177,3.164,-0.148,0.041,    ,-1233.607,726.893,-66.140,125.469,2.633,-35.668
0.039,-11.111,-5.364,3.774,0.183,0.192,    ,-1226.033,736.622,-55.851,125.469,2.632,-35.667
1.912,-3.442,-7.620,2.770,-0.103,0.347,    ,-1222.610,741.019,-51.200,125.469,2.632,-35.666
3.462,-5.364,-7.571,2.925,-0.277,0.480,    ,-1218.111,746.799,-45.089,125.469,2.632,-35.666
-2.118,-2.275,-4.992,2.903,-0.271,0.127,    ,-1216.068,749.425,-42.328,125.468,2.632,-35.665
-3.687,-3.589,-4.286,2.809,-0.152,0.138,    ,-1215.513,750.144,-41.667,125.468,2.632,-35.665
0.402,-8.012,-4.217,3.371,-0.083,0.264,    ,-1213.859,752.325,-40.108,125.468,2.632,-35.665
-0.363,-2.461,-6.266,2.747,-0.297,0.289,    ,-1210.045,757.365,-36.638,125.468,2.631,-35.665
-0.294,-8.757,-6.159,3.262,-0.206,0.330,    ,-1202.907,766.795,-30.145,125.468,2.631,-35.665
2.167,-8.581,-7.845,3.514,-0.131,0.449,    ,-1198.582,772.509,-26.211,125.468,2.631,-35.664
-1.706,-6.257,-6.973,2.160,0.129,0.254,    ,-1189.952,783.912,-18.360,125.468,2.630,-35.664
1.363,-2.324,-8.218,2.302,-0.024,0.293,    ,-1183.329,792.662,-12.336,125.468,2.629,-35.663
-0.510,-3.687,-7.531,2.452,-0.041,0.258,    ,-1181.339,795.290,-10.526,125.468,2.629,-35.663
-1.187,-1.491,-5.904,2.184,-0.222,0.214,    ,-1178.993,798.385,-8.312,125.468,2.629,-35.663
1.383,-6.816,-5.698,2.474,-0.121,0.448,    ,-1174.055,804.818,-2.680,125.468,2.629,-35.663
-3.638,-2.324,-4.276,2.031,0.134,-0.162,    ,-1170.541,809.391,1.414,125.468,2.629,-35.663
2.128,-5.080,-8.306,2.205,0.197,0.295,    ,-1162.710,819.579,10.557,125.468,2.628,-35.662
-1.118,-2.236,-7.228,1.576,0.100,0.318,    ,-1155.895,828.444,18.513,125.468,2.628,-35.662
1.373,-4.982,-7.424,1.430,0.023,0.228,    ,-1152.218,833.227,22.806,125.468,2.627,-35.662
0.510,-2.658,-10.120,1.353,-0.218,0.314,    ,-1145.509,841.956,30.639,125.467,2.627,-35.661
1.422,-1.755,-8.669,0.658,0.011,0.205,    ,-1140.879,847.978,36.044,125.467,2.627,-35.661
0.441,-0.716,-7.159,0.700,-0.110,0.162,    ,-1140.059,849.046,36.991,125.467,2.626,-35.661
-0.873,0.647,-9.267,1.104,-0.113,-0.096,    ,-1140.647,848.373,35.169,125.467,2.627,-35.661
1.569,-0.294,-9.150,0.943,0.010,0.159,    ,-1143.733,844.729,26.950,125.468,2.628,-35.661
0.520,-0.726,-7.620,0.891,0.034,0.137,    ,-1148.217,839.433,15.006,125.469,2.629,-35.660
1.579,-3.050,-9.091,0.782,0.098,0.252,    ,-1150.550,836.677,8.789,125.469,2.630,-35.660
-0.422,-0.902,-10.052,0.144,-0.122,0.024,    ,-1155.089,831.317,-3.299,125.470,2.631,-35.660
1.412,-1.902,-9.542,0.199,0.058,0.148,    ,-1159.627,825.957,-15.388,125.471,2.632,-35.659
1.216,-1.265,-9.463,-0.063,-0.063,0.251,    ,-1161.896,823.277,-21.432,125.471,2.633,-35.659
0.549,-0.716,-9.375,-0.099,0.009,0.203,    ,-1166.499,817.841,-33.693,125.472,2.635,-35.659
0.069,-0.785,-8.051,-0.178,0.097,0.076,    ,-1170.972,812.558,-45.609,125.473,2.636,-35.658
1.089,-1.628,-10.513,-0.125,-0.069,0.384,    ,-1173.112,810.031,-51.307,125.473,2.637,-35.658
2.128,-0.461,-10.091,-0.075,0.019,0.386,    ,-1177.585,804.748,-63.223,125.474,2.638,-35.658
0.971,0.088,-10.013,-0.185,0.051,0.154,    ,-1182.188,799.312,-75.484,125.474,2.639,-35.658
1.069,-0.598,-8.287,-0.239,0.048,0.424,    ,-1184.457,796.632,-81.528,125.475,2.640,-35.657
0.039,-1.118,-9.307,-0.124,-0.047,0.283,    ,-1188.995,791.273,-93.617,125.476,2.641,-35.657
1.020,-0.186,-7.924,-0.266,-0.064,0.100,    ,-1193.599,785.836,-105.878,125.476,2.643,-35.657
1.804,-0.745,-8.718,-0.194,0.045,0.122,    ,-1195.868,783.157,-111.922,125.477,2.643,-35.657
0.608,-0.275,-11.101,-0.224,-0.052,0.340,    ,-1200.406,777.797,-124.010,125.478,2.645,-35.656
0.569,-0.755,-9.532,-0.114,0.021,0.259,    ,-1204.944,772.437,-136.099,125.478,2.646,-35.656
1.069,-0.167,-8.032,-0.370,0.008,0.335,    ,-1207.202,769.770,-142.114,125.479,2.647,-35.656
1.108,-0.637,-7.522,-0.214,0.074,0.342,    ,-1210.537,765.793,-150.518,125.479,2.648,-35.656
1.128,-0.785,-8.924,-0.207,0.178,0.378,    ,-1214.313,760.951,-155.813,125.479,2.648,-35.656
1.010,-0.539,-8.797,-0.181,0.037,0.353,    ,-1220.477,752.930,-163.023,125.480,2.648,-35.656
1.383,-0.255,-9.189,-0.232,-0.042,0.201,    ,-1223.549,748.932,-166.616,125.480,2.648,-35.656
1.579,-0.677,-8.473,-0.211,0.171,0.199,    ,-1230.487,739.904,-174.730,125.480,2.648,-35.656
1.893,-2.118,-8.973,-0.195,0.034,0.414,    ,-1237.524,730.747,-182.958,125.480,2.648,-35.657
1.491,-1.059,-9.552,-0.093,0.096,0.178,    ,-1240.993,726.233,-187.015,125.480,2.648,-35.657
0.559,0.049,-10.454,-0.270,0.004,0.405,    ,-1247.931,717.205,-195.128,125.480,2.648,-35.657
1.510,-0.736,-9.120,-0.148,0.095,0.283,    ,-1254.967,708.049,-203.357,125.481,2.647,-35.658
1.275,-0.382,-8.228,-0.249,0.112,0.171,    ,-1258.437,703.535,-207.414,125.481,2.647,-35.658
1.118,-0.794,-7.973,-0.319,-0.011,0.371,    ,-1264.717,695.362,-214.758,125.481,2.647,-35.658
1.255,-0.579,-7.816,-0.192,0.066,0.294,    ,-1267.496,691.745,-218.008,125.481,2.647,-35.658
1.040,-0.628,-9.434,-0.222,0.061,0.293,    ,-1267.695,691.484,-218.203,125.481,2.647,-35.658
1.030,-0.343,-9.512,-0.243,0.086,0.281,    ,-1267.787,691.324,-217.801,125.481,2.647,-35.658
1.363,-0.530,-8.836,-0.248,0.111,0.359,    ,-1268.068,690.826,-216.453,125.481,2.647,-35.659
0.873,-0.255,-8.797,-0.222,0.109,0.224,    ,-1268.695,689.713,-213.440,125.480,2.647,-35.659
0.804,-1.147,-8.806,-0.161,0.043,0.340,    ,-1269.177,688.858,-211.124,125.480,2.647,-35.659
1.059,-0.373,-9.238,-0.232,0.017,0.222,    ,-1270.484,686.541,-204.850,125.479,2.646,-35.660
0.951,-1.334,-9.777,-0.063,0.103,0.287,    ,-1272.388,683.165,-195.704,125.478,2.645,-35.661
1.089,-0.481,-8.238,-0.251,0.080,0.245,    ,-1273.484,681.221,-190.441,125.477,2.644,-35.662
1.285,0.294,-7.855,-0.267,0.105,0.218,    ,-1275.903,676.934,-178.828,125.476,2.643,-35.664
0.755,-0.539,-9.159,-0.224,0.002,0.297,    ,-1278.458,672.403,-166.558,125.474,2.641,-35.666
1.304,-1.030,-10.356,-0.134,-0.017,0.339,    ,-1279.706,670.190,-160.566,125.473,2.641,-35.666
1.530,-2.030,-8.963,0.084,0.056,0.351,    ,-1282.001,666.120,-149.542,125.471,2.640,-35.668
1.294,-2.226,-8.042,0.189,0.051,0.250,    ,-1283.914,662.729,-140.358,125.470,2.638,-35.669
0.922,-3.952,-6.266,0.606,0.158,0.235,    ,-1284.705,661.326,-136.558,125.470,2.638,-35.670
0.490,-4.550,-6.355,1.076,0.038,0.323,    ,-1285.818,659.352,-131.211,125.469,2.637,-35.671
0.392,-4.913,-7.679,1.638,0.162,0.091,    ,-1286.454,658.223,-128.143,125.468,2.637,-35.671
1.991,-10.915,-7.571,2.399,0.288,0.277,    ,-1286.594,657.953,-127.196,125.468,2.637,-35.671
0.382,-9.307,-7.120,2.041,0.158,0.245,    ,-1286.281,658.281,-125.825,125.468,2.637,-35.671
2.138,-7.894,-5.247,2.032,0.202,0.276,    ,-1284.930,660.027,-124.092,125.469,2.637,-35.672
0.569,-8.532,-5.943,1.968,0.195,0.263,    ,-1283.660,661.682,-122.621,125.469,2.637,-35.672
0.353,-7.218,-6.325,1.685,0.065,0.217,    ,-1280.426,665.893,-118.879,125.469,2.637,-35.672
0.520,-5.482,-7.983,1.716,-0.013,0.262,    ,-1276.523,670.977,-114.362,125.470,2.636,-35.673
1.834,-8.718,-6.933,2.111,0.222,0.424,    ,-1274.698,673.354,-112.250,125.470,2.636,-35.673
-1.432,-6.619,-5.776,2.231,-0.291,0.217,    ,-1272.044,676.812,-109.178,125.471,2.636,-35.674
-1.628,-4.501,-2.756,2.264,-0.263,0.182,    ,-1270.683,678.583,-107.606,125.471,2.636,-35.674
-1.540,-6.923,-6.835,2.544,-0.204,0.274,    ,-1270.351,679.016,-107.230,125.471,2.636,-35.674
1.618,-9.944,-4.335,3.072,0.061,0.363,    ,-1269.742,679.815,-106.602,125.471,2.636,-35.674
0.667,-10.679,-8.179,2.916,0.015,0.353,    ,-1268.598,681.318,-105.485,125.471,2.636,-35.674
-0.863,-7.865,-7.267,2.231,-0.064,0.309,    ,-1267.646,682.568,-104.557,125.471,2.636,-35.674
2.520,-6.433,-7.679,2.281,0.034,0.363,    ,-1264.891,686.188,-101.868,125.471,2.635,-35.673
3.109,-8.434,-6.914,2.511,0.209,0.415,    ,-1261.122,691.141,-98.189,125.470,2.635,-35.673
0.069,-7.816,-7.630,2.268,-0.037,0.296,    ,-1257.116,696.404,-94.280,125.470,2.635,-35.672
1.726,-4.266,-8.551,2.201,-0.057,0.343,    ,-1255.083,699.076,-92.296,125.470,2.634,-35.672
-0.431,-6.168,-6.894,2.393,-0.077,0.293,    ,-1251.576,703.683,-88.874,125.470,2.634,-35.671
0.177,-4.746,-6.776,2.650,-0.148,0.265,    ,-1249.165,706.851,-86.521,125.470,2.634,-35.671
1.618,-8.453,-7.728,2.767,0.108,0.332,    ,-1248.361,707.908,-85.736,125.470,2.634,-35.670
1.863,-4.089,-8.708,1.957,0.025,0.334,    ,-1247.382,709.191,-84.745,125.470,2.633,-35.670
2.324,-8.022,-8.973,2.321,0.244,0.332,    ,-1246.644,710.147,-83.842,125.470,2.633,-35.670
1.687,-8.591,-7.845,2.383,0.257,0.301,    ,-1246.137,710.798,-83.162,125.470,2.633,-35.670
-1.187,-4.658,-5.129,2.693,-0.114,0.192,    ,-1244.436,712.984,-80.850,125.469,2.633,-35.670
1.726,-8.277,-5.913,3.001,-0.118,0.394,    ,-1241.548,716.694,-76.927,125.469,2.633,-35.669
1.098,-9.140,-7.698,2.950,0.033,0.353,    ,-1239.591,719.206,-74.269,125.469,2.633,-35.669
0.569,-3.305,-8.659,2.556,-0.077,0.399,    ,-1234.936,725.187,-67.945,125.469,2.633,-35.668
-0.363,-10.513,-7.728,3.580,0.348,0.313,    ,-1230.050,731.462,-61.308,125.469,2.633,-35.668
-1.961,-7.404,-8.071,2.465,0.052,0.228,    ,-1227.525,734.706,-57.877,125.469,2.632,-35.667
3.530,-6.394,-7.492,2.943,-0.087,0.455,    ,-1222.928,740.611,-51.633,125.469,2.632,-35.666
0.500,-7.826,-8.993,3.021,0.152,0.221,    ,-1219.417,745.121,-46.863,125.469,2.632,-35.666
-2.089,-2.903,-6.345,2.816,-0.070,0.099,    ,-1218.169,746.724,-45.168,125.469,2.632,-35.666
0.549,-3.805,-7.728,2.410,-0.456,0.304,    ,-1216.556,748.796,-42.978,125.468,2.632,-35.665
-2.010,-6.453,-7.630,2.764,-0.470,0.307,    ,-1215.739,749.851,-41.921,125.468,2.632,-35.665
-2.589,-6.237,-7.767,2.235,-0.293,0.276,    ,-1215.363,750.342,-41.508,125.468,2.632,-35.665
0.382,-7.747,-7.208,2.787,0.150,0.290,    ,-1214.327,751.707,-40.534,125.468,2.632,-35.665
-1.461,-5.492,-8.600,2.180,-0.109,0.187,    ,-1212.500,754.121,-38.871,125.468,2.632,-35.665
1.706,-5.747,-7.483,2.509,-0.052,0.295,    ,-1211.014,756.084,-37.520,125.468,2.631,-35.665
0.196,-8.130,-5.354,2.287,0.025,0.313,    ,-1206.962,761.438,-33.834,125.468,2.631,-35.665
0.000,-5.747,-5.992,3.403,-0.098,0.176,    ,-1201.491,768.666,-28.857,125.468,2.631,-35.664
-2.903,-5.776,-7.708,2.339,-0.179,0.206,    ,-1198.494,772.626,-26.130,125.468,2.631,-35.664
-1.736,-2.628,-9.552,2.338,0.063,0.084,    ,-1192.714,780.261,-20.874,125.468,2.630,-35.664
-2.452,-4.894,-6.816,1.775,0.034,0.175,    ,-1187.477,787.181,-16.110,125.468,2.630,-35.664
2.020,-8.865,-7.904,2.293,0.317,0.383,    ,-1185.250,790.124,-14.083,125.468,2.630,-35.663
-2.775,-0.490,-7.188,2.554,-0.391,0.181,    ,-1181.912,794.534,-11.047,125.468,2.629,-35.663
0.069,-4.021,-8.081,2.801,0.034,0.223,    ,-1180.010,797.047,-9.316,125.468,2.629,-35.663
1.245,-7.306,-10.062,2.408,0.015,0.389,    ,-1179.264,798.028,-8.596,125.468,2.629,-35.663
-0.471,-0.667,-7.335,1.832,0.189,0.143,    ,-1176.226,801.992,-5.195,125.468,2.629,-35.663
2.059,-4.619,-9.208,1.931,0.186,0.339,    ,-1170.065,810.010,1.970,125.468,2.629,-35.663
-0.029,-1.579,-8.149,2.219,-0.186,0.111,    ,-1166.496,814.652,6.136,125.468,2.628,-35.662
1.893,-5.394,-6.933,1.850,0.270,0.261,    ,-1159.555,823.682,14.239,125.468,2.628,-35.662
1.785,-2.609,-8.277,1.076,0.082,0.168,    ,-1152.615,832.711,22.343,125.468,2.627,-35.662
1.569,-0.736,-8.179,1.094,0.211,0.278,    ,-1148.946,837.484,26.626,125.467,2.627,-35.661
-0.990,-2.128,-9.307,1.097,0.137,0.181,    ,-1142.847,845.419,33.747,125.467,2.627,-35.661
-1.255,-2.785,-8.355,0.938,0.042,0.152,    ,-1140.101,848.991,36.952,125.467,2.626,-35.661
0.235,-0.765,-10.572,0.510,-0.200,0.284,    ,-1139.885,849.272,37.205,125.467,2.626,-35.661
-1.598,1.549,-10.552,0.318,-0.355,0.177,    ,-1139.880,849.277,37.210,125.467,2.626,-35.661
-0.422,2.197,-10.474,0.473,-0.232,0.194,    ,-1139.880,849.277,37.210,125.467,2.626,-35.661
-0.892,-0.255,-10.160,0.592,-0.072,0.169,    ,-1139.880,849.277,37.210,125.467,2.626,-35.661
-1.834,1.412,-10.483,0.392,-0.104,0.200,    ,-1139.880,849.277,37.210,125.467,2.626,-35.661
2.148,-4.129,-12.219,1.537,0.358,0.291,    ,-1139.880,849.277,37.210,125.467,2.626,-35.661
2.422,-1.628,-9.748,0.731,0.293,0.278,    ,-1139.880,849.277,37.210,125.467,2.626,-35.661
-0.873,-3.001,-10.111,0.920,0.078,0.143,    ,-1139.880,849.277,37.210,125.467,2.626,-35.661
0.039,-2.128,-11.121,0.680,-0.058,0.266,    ,-1139.880,849.277,37.210,125.467,2.626,-35.661
2.422,-2.716,-9.846,0.706,0.188,0.279,    ,-1139.880,849.277,37.210,125.467,2.626,-35.661
-1.726,-2.295,-9.169,0.911,-0.012,0.162,    ,-1139.880,849.277,37.210,125.467,2.626,-35.661
1.177,-0.363,-11.003,1.017,0.157,0.228,    ,-1139.880,849.277,37.210,125.467,2.626,-35.661
0.118,-3.530,-9.630,1.043,0.048,0.207,    ,-1139.880,849.277,37.210,125.467,2.626,-35.661
-1.187,0.069,-9.611,0.503,-0.047,0.147,    ,-1139.880,849.277,37.210,125.467,2.626,-35.661
1.853,-3.825,-10.464,1.378,0.302,0.273,    ,-1139.880,849.277,37.210,125.467,2.626,-35.661
1.540,-0.902,-5.472,0.917,0.208,0.137,    ,-1139.880,849.277,37.210,125.467,2.626,-35.661
-1.040,-3.158,-6.463,1.009,0.009,0.038,    ,-1139.878,849.250,37.177,125.466,2.623,-35.658
3.001,-3.599,-6.492,1.351,0.204,0.191,    ,-1139.879,849.248,37.177,125.466,2.623,-35.658
-0.559,-0.951,-5.580,0.649,0.097,0.053,    ,-1139.880,849.248,37.177,125.466,2.623,-35.658
1.883,-4.354,-6.276,1.231,0.096,0.150,    ,-1139.880,849.247,37.177,125.466,2.623,-35.658
2.207,-3.236,-6.110,0.718,0.195,0.165,    ,-1139.880,849.247,37.177,125.466,2.623,-35.658
1.873,-4.295,-7.247,1.273,0.340,0.142,    ,-1139.881,849.247,37.177,125.466,2.623,-35.658
0.883,-1.481,-5.129,0.868,0.175,0.116,    ,-1139.881,849.246,37.177,125.466,2.623,-35.658
0.324,-4.119,-6.825,0.895,0.077,0.141,    ,-1139.881,849.246,37.177,125.466,2.623,-35.658
1.942,-1.755,-6.315,1.060,0.455,0.066,    ,-1139.881,849.245,37.177,125.466,2.623,-35.658
2.412,-4.413,-6.874,1.441,0.145,0.189,    ,-1139.881,849.245,37.177,125.466,2.623,-35.658
-1.834,1.755,-5.904,0.334,-0.275,0.070,    ,-1139.881,849.245,37.177,125.466,2.623,-35.658
-1.324,1.157,-6.315,0.498,-0.243,0.010,    ,-1139.881,849.245,37.177,125.466,2.623,-35.658
-1.549,0.873,-5.943,0.640,-0.147,0.047,    ,-1139.882,849.245,37.177,125.466,2.623,-35.658
0.510,-0.314,-5.256,0.987,0.197,0.085,    ,-1139.882,849.245,37.177,125.466,2.623,-35.658
-1.108,0.912,-5.756,0.286,-0.243,0.074,    ,-1139.882,849.245,37.177,125.466,2.623,-35.658
1.912,-2.079,-5.099,0.872,0.336,0.101,    ,-1139.882,849.244,37.177,125.466,2.623,-35.658
2.305,-4.109,-6.159,1.186,0.066,0.152,    ,-1139.882,849.244,37.177,125.466,2.623,-35.658
0.677,-2.148,-4.982,0.371,-0.028,0.084,    ,-1139.882,849.244,37.177,125.466,2.623,-35.658
-1.108,-0.530,-4.325,0.578,-0.076,0.050,    ,-1139.882,849.244,37.177,125.466,2.623,-35.658
-1.706,-0.628,-4.550,0.518,-0.142,0.025,    ,-1139.882,849.244,37.177,125.466,2.623,-35.658
3.393,-4.472,-7.345,1.486,0.158,0.188,    ,-1139.882,849.244,37.177,125.466,2.623,-35.658
-0.755,-1.726,-5.923,0.268,0.002,0.094,    ,-1139.882,849.244,37.177,125.466,2.623,-35.658
-1.255,0.431,-5.904,0.618,0.106,-0.007,    ,-1139.882,849.244,37.177,125.466,2.623,-35.658
3.187,-4.482,-6.894,1.459,0.243,0.210,    ,-1139.882,849.244,37.177,125.466,2.623,-35.658
0.078,-1.040,-5.354,0.289,-0.073,0.085,    ,-1139.882,849.244,37.177,125.466,2.623,-35.658
2.069,-1.167,-5.972,1.124,0.289,0.044,    ,-1139.882,849.244,37.177,125.466,2.623,-35.658
-3.060,1.510,-4.982,0.829,-0.249,-0.036,    ,-1139.882,849.244,37.177,125.466,2.623,-35.658
-1.304,2.128,-6.188,0.421,-0.140,0.046,    ,-1139.882,849.244,37.177,125.466,2.623,-35.658
