2.275,-3.579,3.481,1.697,0.528,-0.016,    ,-1141.951,846.776,31.921,125.457,2.630,-35.663
-1.157,-0.765,6.610,0.237,-0.086,-0.084,    ,-1141.951,846.776,31.921,125.457,2.630,-35.663
2.236,-5.109,6.816,1.025,0.411,0.007,    ,-1141.951,846.776,31.921,125.457,2.630,-35.663
-0.226,-0.530,5.668,0.994,-0.165,-0.136,    ,-1141.951,846.776,31.921,125.457,2.630,-35.663
4.227,-4.187,4.129,1.567,0.396,0.058,    ,-1141.951,846.776,31.921,125.457,2.630,-35.663
-2.599,5.472,5.080,0.226,-0.288,-0.203,    ,-1141.951,846.776,31.921,125.457,2.630,-35.663
3.462,-8.502,4.580,1.655,0.642,0.025,    ,-1141.951,846.776,31.921,125.457,2.630,-35.663
3.177,-4.639,4.933,0.885,0.505,-0.008,    ,-1141.951,846.776,31.921,125.457,2.630,-35.663
-1.500,-0.216,5.354,0.319,-0.157,0.003,    ,-1141.951,846.776,31.921,125.457,2.630,-35.663
1.255,-2.971,5.580,1.078,0.364,0.082,    ,-1141.951,846.776,31.921,125.457,2.630,-35.663
-1.236,-0.451,6.002,0.887,-0.101,-0.194,    ,-1141.951,846.776,31.921,125.457,2.630,-35.663
5.148,-4.903,3.079,1.636,0.541,0.076,    ,-1141.951,846.776,31.921,125.457,2.630,-35.663
3.874,-4.599,4.884,1.462,0.466,0.023,    ,-1141.951,846.776,31.921,125.457,2.630,-35.663
0.196,-2.344,4.609,0.863,0.271,-0.042,    ,-1141.951,846.776,31.921,125.457,2.630,-35.663
4.599,-4.992,3.295,1.691,0.495,0.127,    ,-1141.951,846.776,31.921,125.457,2.630,-35.663
3.452,-4.442,5.276,1.302,0.388,0.065,    ,-1141.951,846.776,31.921,125.457,2.630,-35.663
2.187,-5.845,5.521,1.226,0.418,0.012,    ,-1141.951,846.776,31.921,125.457,2.630,-35.663
5.001,-9.208,5.119,1.378,0.474,0.188,    ,-1141.951,846.776,31.921,125.457,2.630,-35.663
-3.658,2.216,5.600,0.341,-0.545,-0.113,    ,-1141.951,846.776,31.921,125.457,2.630,-35.663
4.168,-6.757,2.756,1.697,0.505,0.070,    ,-1141.951,846.776,31.921,125.457,2.630,-35.663
3.187,-5.031,5.482,1.011,0.507,0.027,    ,-1141.951,846.776,31.921,125.457,2.630,-35.663
2.736,-2.167,3.413,1.547,0.571,0.015,    ,-1141.951,846.776,31.921,125.457,2.630,-35.663
-0.029,-1.383,5.688,0.305,-0.013,-0.035,    ,-1141.951,846.776,31.921,125.457,2.630,-35.663
-1.971,-1.167,2.785,1.080,0.122,-0.162,    ,-1141.951,846.776,31.921,125.457,2.630,-35.663
3.766,-6.178,5.825,1.339,0.390,0.073,    ,-1141.951,846.776,31.921,125.457,2.630,-35.663
2.991,-4.423,3.942,1.122,0.420,0.062,    ,-1141.951,846.776,31.921,125.457,2.630,-35.663
-3.324,0.843,4.766,0.541,-0.143,-0.123,    ,-1141.951,846.776,31.921,125.457,2.630,-35.663
-1.589,2.795,6.992,0.303,-0.228,-0.048,    ,-1141.951,846.776,31.921,125.457,2.630,-35.663
-3.472,1.128,6.237,0.350,-0.450,-0.072,    ,-1141.951,846.776,31.921,125.457,2.630,-35.663
0.608,-2.658,4.305,0.946,0.133,0.032,    ,-1141.951,846.776,31.921,125.457,2.630,-35.663
5.129,-3.834,2.491,1.735,0.575,0.068,    ,-1141.951,846.776,31.921,125.457,2.630,-35.663
1.902,-3.109,5.413,1.102,0.527,0.077,    ,-1141.951,846.776,31.921,125.457,2.630,-35.663
-3.040,3.364,5.511,0.037,-0.246,-0.124,    ,-1141.951,846.776,31.921,125.457,2.630,-35.663
-4.854,1.932,5.825,0.246,-0.547,-0.111,    ,-1141.951,846.776,31.921,125.457,2.630,-35.663
-2.206,1.049,2.020,0.082,-0.216,0.092,    ,-1141.951,846.776,31.921,125.457,2.630,-35.663
-1.255,1.853,2.177,0.593,-0.385,0.091,    ,-1141.951,846.776,31.921,125.457,2.630,-35.663
2.913,-2.089,-0.716,1.398,0.259,0.167,    ,-1142.771,845.808,29.734,125.458,2.630,-35.663
-0.118,2.756,0.441,0.615,-0.139,0.037,    ,-1144.726,843.501,24.521,125.458,2.631,-35.663
0.206,-1.049,0.961,0.259,0.148,0.089,    ,-1150.526,836.655,9.051,125.460,2.632,-35.662
0.745,-1.961,0.598,0.310,-0.088,0.232,    ,-1156.219,829.937,-6.131,125.462,2.634,-35.662
0.304,-0.608,0.284,0.138,0.050,0.192,    ,-1159.041,826.606,-13.659,125.463,2.634,-35.661
-0.539,-1.030,1.275,-0.073,0.162,0.017,    ,-1164.410,820.269,-27.978,125.465,2.636,-35.661
1.804,-0.147,0.657,-0.369,0.091,0.216,    ,-1169.934,813.750,-42.710,125.466,2.637,-35.660
0.432,-0.510,-0.471,-0.262,0.028,0.101,    ,-1172.658,810.536,-49.973,125.467,2.638,-35.660
0.794,-0.029,-0.598,-0.116,0.012,0.192,    ,-1178.104,804.109,-64.498,125.469,2.639,-35.659
0.471,-0.892,0.069,-0.063,0.022,0.141,    ,-1183.550,797.681,-79.023,125.471,2.641,-35.659
1.746,-1.010,1.569,-0.176,0.040,0.156,    ,-1186.351,794.375,-86.493,125.472,2.641,-35.658
1.226,-0.461,1.412,-0.297,0.044,0.169,    ,-1191.797,787.948,-101.017,125.473,2.643,-35.658
1.069,-0.265,-0.039,-0.150,0.025,0.212,    ,-1197.321,781.429,-115.750,125.475,2.644,-35.657
1.383,-1.206,-1.422,-0.083,0.007,0.218,    ,-1199.966,778.307,-122.805,125.476,2.645,-35.657
1.677,-0.235,1.000,-0.291,0.040,0.242,    ,-1205.565,771.699,-137.737,125.478,2.646,-35.656
2.501,-1.442,1.922,-0.227,0.132,0.188,    ,-1209.993,766.457,-149.337,125.479,2.648,-35.656
0.539,-0.863,0.941,-0.157,0.052,0.179,    ,-1211.821,764.176,-152.688,125.479,2.648,-35.656
0.951,-0.245,1.294,-0.258,0.083,0.190,    ,-1217.694,756.551,-159.769,125.480,2.648,-35.656
0.814,-0.843,0.137,-0.226,-0.043,0.177,    ,-1225.991,745.754,-169.471,125.480,2.648,-35.656
1.873,-0.343,0.588,-0.173,0.150,0.256,    ,-1233.959,735.385,-178.790,125.480,2.648,-35.657
0.981,0.863,0.127,-0.351,0.017,0.157,    ,-1237.765,730.433,-183.241,125.480,2.648,-35.657
0.402,0.677,0.392,-0.281,0.039,0.117,    ,-1245.972,719.754,-192.837,125.480,2.648,-35.657
1.098,-1.451,0.196,-0.088,-0.017,0.157,    ,-1253.464,710.005,-201.600,125.481,2.647,-35.658
1.736,-0.794,0.402,-0.134,0.091,0.319,    ,-1261.378,699.706,-210.854,125.481,2.647,-35.658
1.500,-1.069,1.510,-0.195,0.096,0.337,    ,-1264.874,695.158,-214.942,125.481,2.647,-35.658
0.971,-0.843,1.697,-0.152,0.057,0.182,    ,-1267.641,691.556,-218.166,125.481,2.647,-35.658
1.579,-0.481,0.745,-0.199,0.122,0.231,    ,-1267.770,691.353,-217.882,125.481,2.647,-35.658
0.432,-0.726,0.696,-0.155,0.057,0.192,    ,-1268.076,690.812,-216.416,125.481,2.647,-35.659
1.353,-0.451,-0.186,-0.217,0.022,0.360,    ,-1268.890,689.369,-212.506,125.480,2.647,-35.659
1.196,-0.785,-0.128,-0.130,0.084,0.216,    ,-1269.488,688.307,-209.632,125.480,2.646,-35.660
0.794,-0.932,-0.373,-0.127,0.067,0.247,    ,-1271.381,684.951,-200.543,125.479,2.645,-35.661
1.138,-0.814,1.344,-0.195,0.153,0.228,    ,-1273.974,680.353,-188.088,125.477,2.644,-35.663
0.961,0.029,1.206,-0.295,0.039,0.145,    ,-1275.430,677.771,-181.098,125.476,2.643,-35.664
1.040,-1.157,-0.647,-0.060,0.062,0.257,    ,-1278.488,672.349,-166.413,125.474,2.641,-35.666
0.392,-0.863,-0.304,-0.119,0.062,0.112,    ,-1281.373,667.233,-152.557,125.472,2.640,-35.668
1.059,-1.608,0.824,0.160,0.157,0.141,    ,-1282.679,664.918,-146.285,125.471,2.639,-35.668
2.540,-2.334,1.451,0.479,0.300,0.092,    ,-1284.725,661.290,-136.460,125.470,2.638,-35.670
3.187,-3.893,1.638,0.795,0.480,0.267,    ,-1285.991,659.046,-130.382,125.469,2.637,-35.671
2.305,-5.198,2.530,1.327,0.547,0.127,    ,-1286.368,658.377,-128.570,125.469,2.637,-35.671
2.207,-6.786,2.452,1.455,0.532,0.149,    ,-1286.543,657.966,-126.456,125.468,2.637,-35.671
3.913,-8.826,2.658,1.871,0.742,0.198,    ,-1285.328,659.509,-124.557,125.468,2.637,-35.672
4.403,-7.296,0.549,1.672,0.867,0.195,    ,-1283.935,661.324,-122.939,125.469,2.637,-35.672
3.540,-4.678,2.393,1.523,0.660,0.235,    ,-1280.079,666.346,-118.476,125.469,2.636,-35.672
3.570,-6.747,0.941,1.966,0.919,0.132,    ,-1275.449,672.376,-113.119,125.470,2.636,-35.673
3.344,-6.100,1.275,2.069,0.741,0.146,    ,-1273.729,674.616,-111.128,125.470,2.636,-35.674
2.393,-6.914,-0.755,2.499,0.838,0.187,    ,-1271.196,677.915,-108.197,125.471,2.636,-35.674
0.922,-6.286,1.089,2.492,0.737,0.104,    ,-1270.194,679.221,-107.060,125.471,2.636,-35.674
2.354,-7.218,2.599,2.277,0.626,0.216,    ,-1269.844,679.681,-106.702,125.471,2.636,-35.674
2.461,-5.011,0.618,2.142,0.552,0.209,    ,-1268.647,681.253,-105.534,125.471,2.636,-35.674
3.373,-5.266,3.560,2.257,0.876,0.124,    ,-1266.029,684.693,-102.979,125.471,2.636,-35.674
4.717,-8.767,1.236,2.476,0.947,0.337,    ,-1264.081,687.252,-101.078,125.471,2.635,-35.673
3.579,-7.512,1.010,2.249,0.811,0.237,    ,-1259.383,693.425,-96.493,125.470,2.635,-35.672
1.412,-5.874,0.059,2.329,0.618,0.207,    ,-1254.459,699.895,-91.688,125.470,2.634,-35.672
3.521,-7.796,1.687,2.365,0.424,0.361,    ,-1252.212,702.847,-89.495,125.470,2.634,-35.671
2.667,-7.924,1.010,2.414,0.499,0.246,    ,-1249.239,706.754,-86.593,125.470,2.634,-35.671
1.667,-3.060,1.206,1.749,0.367,0.139,    ,-1247.660,708.827,-85.040,125.470,2.634,-35.670
3.687,-7.218,0.049,2.221,0.739,0.272,    ,-1247.190,709.441,-84.527,125.470,2.633,-35.670
1.961,-6.463,0.127,2.173,0.628,0.177,    ,-1246.160,710.768,-83.193,125.470,2.633,-35.670
0.755,-5.384,0.000,2.228,0.502,0.184,    ,-1244.047,713.482,-80.323,125.469,2.633,-35.670
3.177,-7.090,2.020,2.667,0.469,0.295,    ,-1242.347,715.667,-78.013,125.469,2.633,-35.669
-0.147,-7.286,1.275,2.362,0.538,-0.070,    ,-1237.518,721.870,-71.453,125.469,2.633,-35.669
0.245,-4.962,1.069,2.325,0.455,0.033,    ,-1231.457,729.656,-63.218,125.469,2.633,-35.668
3.266,-5.943,1.167,2.748,0.823,0.128,    ,-1228.307,733.702,-58.939,125.469,2.632,-35.667
1.971,-4.913,0.775,2.787,0.473,0.267,    ,-1222.820,740.749,-51.486,125.469,2.632,-35.666
-0.510,-4.805,2.285,2.229,0.493,0.250,    ,-1218.862,745.833,-46.110,125.469,2.632,-35.666
2.854,-5.452,0.716,3.064,0.677,0.218,    ,-1217.591,747.466,-44.383,125.469,2.632,-35.666
3.560,-7.875,0.520,3.104,1.122,0.154,    ,-1216.125,749.351,-42.402,125.468,2.632,-35.665
5.502,-8.708,0.814,2.856,0.450,0.466,    ,-1215.217,750.533,-41.362,125.468,2.632,-35.665
-0.324,-1.128,1.402,2.003,0.565,0.110,    ,-1214.594,751.354,-40.777,125.468,2.632,-35.665
4.393,-4.080,1.844,2.481,0.909,0.286,    ,-1212.404,754.248,-38.784,125.468,2.632,-35.665
2.157,-6.365,-0.824,2.664,0.979,0.277,    ,-1208.083,759.957,-34.853,125.468,2.631,-35.665
0.598,-5.747,2.108,2.143,0.417,0.180,    ,-1205.262,763.683,-32.288,125.468,2.631,-35.665
1.971,-8.591,-1.216,3.023,0.741,0.284,    ,-1198.406,772.741,-26.051,125.468,2.631,-35.664
2.511,-7.394,-0.333,2.816,0.510,0.315,    ,-1191.424,781.967,-19.699,125.468,2.630,-35.664
1.147,-4.119,-0.863,2.165,0.685,0.224,    ,-1188.245,786.167,-16.808,125.468,2.630,-35.664
2.285,-6.237,-2.099,2.621,0.694,0.271,    ,-1183.266,792.745,-12.278,125.468,2.629,-35.663
-0.363,-5.080,-1.353,2.571,0.814,0.042,    ,-1180.398,796.533,-9.670,125.468,2.629,-35.663
-0.294,-3.942,0.088,2.044,0.594,0.146,    ,-1179.505,797.713,-8.838,125.468,2.629,-35.663
1.402,-5.394,0.578,1.558,0.472,0.086,    ,-1175.997,802.291,-4.930,125.468,2.629,-35.663
-0.226,-3.040,-1.461,2.365,0.337,0.152,    ,-1168.714,811.767,3.546,125.468,2.628,-35.662
0.461,-1.853,-1.412,1.658,0.253,0.329,    ,-1164.431,817.339,8.548,125.468,2.628,-35.662
1.775,-1.079,-0.108,1.332,0.163,0.360,    ,-1156.220,828.021,18.133,125.468,2.628,-35.662
-0.814,-3.069,-1.814,1.484,0.336,-0.145,    ,-1148.253,838.386,27.435,125.467,2.627,-35.661
0.343,-1.177,-2.618,0.873,0.237,-0.076,    ,-1141.520,847.145,35.297,125.467,2.627,-35.661
0.108,-1.569,-2.697,0.796,0.009,0.124,    ,-1140.171,848.900,36.870,125.467,2.626,-35.661
-1.814,-1.069,-1.834,0.599,-0.181,0.162,    ,-1140.821,848.167,34.706,125.467,2.627,-35.661
-0.059,0.765,-0.726,0.828,-0.246,0.318,    ,-1145.174,843.026,23.110,125.468,2.628,-35.660
-0.412,-2.216,-4.305,0.807,0.111,0.190,    ,-1147.661,840.088,16.485,125.469,2.629,-35.660
1.079,-0.177,-2.864,0.568,0.144,0.230,    ,-1153.107,833.657,1.979,125.469,2.630,-35.660
-0.706,-1.079,-2.354,0.099,-0.058,0.129,    ,-1158.319,827.501,-11.905,125.470,2.632,-35.659
1.030,-2.108,-2.677,0.000,0.007,0.171,    ,-1161.120,824.194,-19.365,125.471,2.633,-35.659
0.863,-1.089,-2.099,-0.228,-0.003,0.157,    ,-1166.488,817.854,-33.664,125.472,2.634,-35.659
0.020,0.775,-3.021,-0.120,0.044,0.090,    ,-1171.934,811.422,-48.170,125.473,2.636,-35.658
0.951,-1.344,-3.491,0.026,-0.057,0.246,    ,-1174.812,808.023,-55.838,125.473,2.637,-35.658
0.785,-1.079,-3.462,-0.046,-0.031,0.246,    ,-1180.293,801.550,-70.436,125.474,2.639,-35.658
-0.245,0.559,-1.971,-0.192,0.040,0.124,    ,-1186.171,794.608,-86.093,125.475,2.640,-35.657
1.942,0.412,-2.118,-0.309,0.076,0.223,    ,-1189.289,790.925,-94.400,125.476,2.641,-35.657
1.236,1.030,-2.305,-0.318,0.073,0.138,    ,-1195.021,784.156,-109.666,125.477,2.643,-35.657
1.873,-0.765,-3.021,-0.141,0.187,0.334,    ,-1201.004,777.090,-125.605,125.478,2.645,-35.656
1.206,-0.029,-2.481,-0.161,0.127,0.127,    ,-1204.039,773.506,-133.687,125.478,2.646,-35.656
0.716,-1.549,-0.461,-0.208,0.060,0.298,    ,-1209.333,767.249,-147.737,125.479,2.647,-35.656
0.873,-1.079,-2.089,-0.227,0.119,0.089,    ,-1213.793,761.626,-155.199,125.479,2.648,-35.656
0.382,-0.069,-1.402,-0.316,0.067,0.176,    ,-1217.685,756.563,-159.758,125.480,2.648,-35.656
1.069,-0.716,-1.834,-0.215,0.121,0.265,    ,-1226.675,744.864,-170.271,125.480,2.648,-35.656
1.491,-0.402,-2.275,-0.227,0.057,0.333,    ,-1234.663,734.470,-179.613,125.480,2.648,-35.657
1.579,0.000,-3.030,-0.230,0.107,0.277,    ,-1243.811,722.566,-190.311,125.480,2.648,-35.657
1.020,-0.667,-2.197,-0.244,-0.020,0.213,    ,-1248.320,716.698,-195.584,125.480,2.648,-35.657
1.785,-0.588,-2.393,-0.154,0.094,0.170,    ,-1256.438,706.135,-205.077,125.481,2.647,-35.658
0.843,0.382,-1.069,-0.228,0.087,0.050,    ,-1264.776,695.285,-214.827,125.481,2.647,-35.658
0.530,-0.765,-1.294,-0.227,0.075,0.235,    ,-1267.667,691.521,-218.190,125.481,2.647,-35.658
1.040,-0.402,-2.001,-0.257,0.081,0.244,    ,-1267.724,691.434,-218.102,125.481,2.647,-35.658
1.177,-0.696,-1.236,-0.210,0.107,0.195,    ,-1267.978,690.985,-216.884,125.481,2.647,-35.658
1.010,-1.206,-1.648,-0.130,0.122,0.267,    ,-1268.696,689.713,-213.438,125.480,2.647,-35.659
1.353,-0.579,-2.363,-0.211,-0.011,0.277,    ,-1269.370,688.516,-210.198,125.480,2.646,-35.659
1.069,-0.706,-2.707,-0.216,0.107,0.262,    ,-1271.386,684.942,-200.517,125.479,2.645,-35.661
0.549,-0.422,-1.697,-0.217,0.027,0.182,    ,-1274.177,679.994,-187.118,125.477,2.644,-35.663
1.187,-0.461,-2.050,-0.178,0.099,0.144,    ,-1275.818,677.084,-179.238,125.476,2.643,-35.664
1.118,-0.883,-3.766,-0.105,-0.007,0.294,    ,-1279.128,671.214,-163.339,125.473,2.641,-35.666
1.422,-0.167,-1.638,-0.040,0.161,0.166,    ,-1282.180,665.803,-148.683,125.471,2.639,-35.668
0.677,-1.824,-1.285,0.216,0.141,0.209,    ,-1283.485,663.490,-142.417,125.470,2.639,-35.669
1.049,-3.060,0.069,0.682,0.399,0.161,    ,-1285.331,660.215,-133.549,125.469,2.638,-35.670
3.423,-6.021,-0.804,1.550,0.583,0.262,    ,-1286.371,658.372,-128.556,125.469,2.637,-35.671
4.570,-8.895,0.333,1.756,0.665,0.278,    ,-1286.591,657.960,-127.236,125.468,2.637,-35.671
1.902,-6.080,-0.245,1.526,0.587,0.169,    ,-1286.019,658.614,-125.424,125.468,2.637,-35.671
4.707,-6.865,-1.059,1.641,0.940,0.341,    ,-1283.368,662.061,-122.284,125.469,2.637,-35.672
3.168,-7.414,-1.461,1.984,0.879,0.114,    ,-1281.232,664.844,-119.811,125.469,2.637,-35.672
2.530,-5.580,-1.491,1.880,0.498,0.260,    ,-1276.134,671.483,-113.912,125.470,2.636,-35.673
2.716,-6.835,-1.579,2.531,0.760,0.286,    ,-1272.350,676.412,-109.533,125.471,2.636,-35.674
1.255,-5.394,0.196,1.813,0.431,0.212,    ,-1271.158,677.964,-108.153,125.471,2.636,-35.674
2.854,-4.138,-1.069,1.866,0.528,0.244,    ,-1270.123,679.315,-106.985,125.471,2.636,-35.674
2.461,-7.865,-0.128,2.566,0.807,0.267,    ,-1269.059,680.712,-105.936,125.471,2.636,-35.674
1.000,-6.659,0.569,2.673,0.763,0.194,    ,-1267.995,682.110,-104.897,125.471,2.636,-35.674
1.196,-6.159,0.686,2.130,0.533,0.197,    ,-1264.502,686.699,-101.489,125.471,2.635,-35.673
3.599,-7.649,-1.275,2.248,0.933,0.340,    ,-1259.629,693.102,-96.733,125.470,2.635,-35.672
0.667,-5.217,-0.461,2.017,0.550,0.128,    ,-1254.514,699.823,-91.741,125.470,2.634,-35.672
2.363,-7.051,-1.226,2.288,0.667,0.251,    ,-1252.207,702.854,-89.490,125.470,2.634,-35.671
1.226,-5.247,-0.873,2.128,0.462,0.153,    ,-1248.993,707.077,-86.353,125.470,2.634,-35.671
0.853,-5.001,-1.971,2.050,0.300,0.195,    ,-1247.482,709.060,-84.853,125.470,2.634,-35.670
1.000,-6.521,-0.961,1.960,0.381,0.249,    ,-1246.997,709.691,-84.296,125.470,2.633,-35.670
1.932,-3.736,0.677,1.738,0.488,0.196,    ,-1245.668,711.401,-82.524,125.470,2.633,-35.670
4.080,-8.394,-1.236,2.612,0.451,0.454,    ,-1242.981,714.852,-78.874,125.469,2.633,-35.670
1.157,-4.982,-0.951,2.141,0.348,0.340,    ,-1240.685,717.801,-75.755,125.469,2.633,-35.669
1.451,-4.403,-0.029,2.472,0.470,0.103,    ,-1234.784,725.382,-67.738,125.469,2.633,-35.668
0.500,-5.815,-0.755,2.861,0.725,0.100,    ,-1228.156,733.895,-58.735,125.469,2.632,-35.667
3.275,-5.198,-1.098,2.967,0.431,0.175,    ,-1224.846,738.147,-54.238,125.469,2.632,-35.667
3.324,-8.385,-1.873,3.125,0.892,0.238,    ,-1219.913,744.484,-47.536,125.469,2.632,-35.666
1.304,-4.286,-1.491,2.752,0.237,0.225,    ,-1217.193,747.978,-43.841,125.469,2.632,-35.666
-0.873,-5.168,-0.814,2.569,0.663,0.106,    ,-1215.832,749.730,-42.032,125.468,2.632,-35.665
2.913,-5.364,-2.922,2.644,0.494,0.269,    ,-1215.371,750.331,-41.517,125.468,2.632,-35.665
0.716,-4.246,-1.187,2.842,0.546,0.228,    ,-1213.971,752.178,-40.210,125.468,2.632,-35.665
1.245,-4.374,-1.118,2.691,0.272,0.301,    ,-1210.760,756.419,-37.290,125.468,2.631,-35.665
-3.040,-5.629,-0.333,2.228,1.194,-0.124,    ,-1208.140,759.882,-34.905,125.468,2.631,-35.665
-2.040,-2.442,-0.608,2.890,0.699,0.006,    ,-1201.822,768.228,-29.159,125.468,2.631,-35.664
5.629,-8.100,-3.207,3.223,0.812,0.424,    ,-1194.095,778.437,-22.130,125.468,2.630,-35.664
1.510,-3.452,0.775,2.140,0.624,0.276,    ,-1190.428,783.283,-18.793,125.468,2.630,-35.664
3.266,-5.266,-3.246,2.618,0.719,0.291,    ,-1184.372,791.284,-13.284,125.468,2.629,-35.663
1.226,-6.100,-1.167,2.383,0.693,0.225,    ,-1180.750,796.069,-9.990,125.468,2.629,-35.663
-0.422,-2.903,-1.677,2.050,0.365,0.253,    ,-1179.768,797.366,-9.092,125.468,2.629,-35.663
1.500,-4.697,-0.883,2.341,0.718,0.242,    ,-1176.757,801.300,-5.806,125.468,2.629,-35.663
1.177,-0.686,-2.491,2.179,0.435,0.089,    ,-1169.160,811.186,3.025,125.468,2.628,-35.662
-0.412,-5.227,-3.236,1.774,0.618,0.052,    ,-1160.008,823.093,13.711,125.468,2.628,-35.662
-0.814,-1.059,-2.589,1.441,-0.029,0.227,    ,-1155.625,828.794,18.827,125.468,2.628,-35.662
1.373,-3.560,-3.481,1.396,0.171,0.237,    ,-1146.527,840.631,29.450,125.467,2.627,-35.661
0.853,-2.697,-2.873,0.647,0.071,0.380,    ,-1140.564,848.389,36.413,125.467,2.627,-35.661
0.127,2.334,-4.805,0.588,0.001,0.154,    ,-1139.976,849.161,37.014,125.467,2.626,-35.661
-0.039,-2.226,-5.482,0.968,-0.075,0.326,    ,-1142.298,846.422,30.770,125.468,2.627,-35.661
-1.059,0.196,-2.305,1.023,0.060,0.107,    ,-1148.005,839.683,15.570,125.469,2.629,-35.660
1.540,-1.157,-6.217,0.770,0.352,0.222,    ,-1150.954,836.199,7.712,125.469,2.630,-35.660
0.294,-0.177,-4.776,-0.027,-0.033,0.174,    ,-1156.938,829.132,-8.227,125.470,2.632,-35.660
1.746,-1.059,-3.874,-0.066,0.107,0.222,    ,-1162.838,822.164,-23.942,125.471,2.633,-35.659
0.441,0.422,-3.884,-0.150,0.048,0.137,    ,-1165.704,818.780,-31.575,125.472,2.634,-35.659
1.010,-0.922,-4.570,-0.076,-0.030,0.175,    ,-1171.688,811.713,-47.514,125.473,2.636,-35.658
1.049,-0.736,-5.256,-0.097,0.047,0.286,    ,-1177.587,804.745,-63.229,125.474,2.638,-35.658
1.628,-1.010,-4.678,-0.143,0.080,0.307,    ,-1180.369,801.461,-70.637,125.474,2.639,-35.658
0.814,0.314,-3.324,-0.199,0.040,0.172,    ,-1186.184,794.593,-86.128,125.475,2.640,-35.657
-0.010,0.745,-3.511,-0.208,0.077,0.147,    ,-1192.084,787.625,-101.843,125.476,2.642,-35.657
0.775,-0.392,-4.511,-0.131,0.035,0.170,    ,-1195.118,784.042,-109.925,125.477,2.643,-35.657
1.167,-0.392,-4.717,-0.199,0.095,0.315,    ,-1201.018,777.074,-125.639,125.478,2.645,-35.656
1.059,0.294,-4.374,-0.195,0.035,0.219,    ,-1206.869,770.163,-141.226,125.479,2.647,-35.656
1.059,-1.412,-3.540,0.006,0.039,0.132,    ,-1209.342,767.239,-147.759,125.479,2.647,-35.656
-0.118,-0.579,-3.972,-0.046,0.066,0.108,    ,-1213.807,761.608,-155.216,125.479,2.648,-35.656
1.697,-1.138,-3.619,-0.101,0.149,0.210,    ,-1222.185,750.707,-165.021,125.480,2.648,-35.656
1.677,0.196,-3.746,-0.261,0.148,0.278,    ,-1226.694,744.839,-170.294,125.480,2.648,-35.656
1.010,-0.481,-4.756,-0.146,0.084,0.228,    ,-1235.198,733.773,-180.239,125.480,2.648,-35.657
-0.029,-0.932,-4.815,-0.129,-0.031,0.175,    ,-1244.217,722.037,-190.786,125.480,2.648,-35.657
0.628,-0.863,-3.815,-0.142,0.006,0.210,    ,-1252.850,710.804,-200.881,125.481,2.647,-35.658
0.471,-0.069,-3.501,-0.210,0.083,0.164,    ,-1257.488,704.768,-206.305,125.481,2.647,-35.658
0.500,-0.216,-2.403,-0.208,0.100,0.246,    ,-1265.058,694.918,-215.158,125.481,2.647,-35.658
1.020,-0.412,-2.844,-0.232,0.082,0.239,    ,-1267.644,691.552,-218.170,125.481,2.647,-35.658
1.196,-0.235,-3.109,-0.243,0.077,0.274,    ,-1267.802,691.296,-217.728,125.481,2.647,-35.658
1.020,-0.353,-3.089,-0.215,0.087,0.263,    ,-1267.979,690.983,-216.879,125.481,2.647,-35.658
1.108,-0.402,-3.344,-0.207,0.076,0.274,    ,-1268.714,689.681,-213.351,125.480,2.647,-35.659
1.363,-0.569,-3.579,-0.256,0.028,0.231,    ,-1270.239,686.975,-206.026,125.479,2.646,-35.660
0.775,-0.990,-4.894,-0.119,0.070,0.245,    ,-1271.392,684.932,-200.492,125.479,2.645,-35.661
0.637,-0.206,-3.275,-0.222,0.023,0.210,    ,-1274.183,679.982,-187.085,125.477,2.644,-35.663
1.442,-0.294,-3.756,-0.129,0.107,0.439,    ,-1277.437,674.213,-171.460,125.475,2.642,-35.665
0.843,-0.314,-5.090,-0.112,0.014,0.353,    ,-1279.181,671.120,-163.082,125.473,2.641,-35.666
0.647,-1.589,-3.197,0.046,0.021,0.185,    ,-1282.147,665.861,-148.841,125.471,2.639,-35.668
2.177,-3.452,-2.432,0.681,0.355,0.260,    ,-1284.496,661.696,-137.560,125.470,2.638,-35.670
2.609,-2.805,-3.030,0.652,0.418,0.251,    ,-1285.375,660.137,-133.339,125.469,2.638,-35.670
4.305,-5.649,-2.520,1.443,0.710,0.267,    ,-1286.372,658.369,-128.549,125.469,2.637,-35.671
2.285,-6.747,-1.775,1.498,0.651,0.233,    ,-1286.537,657.973,-126.433,125.468,2.637,-35.671
3.050,-5.080,0.539,1.449,0.760,0.167,    ,-1285.109,659.795,-124.299,125.469,2.637,-35.672
2.236,-6.119,-2.314,1.428,0.583,0.279,    ,-1283.519,661.865,-122.458,125.469,2.637,-35.672
1.079,-4.570,-1.138,1.435,0.358,0.336,    ,-1279.044,667.694,-117.279,125.470,2.636,-35.673
3.756,-8.238,-3.697,2.064,0.589,0.327,    ,-1274.215,673.983,-111.691,125.470,2.636,-35.674
3.589,-9.728,-3.589,2.663,0.660,0.382,    ,-1272.510,676.204,-109.718,125.471,2.636,-35.674
3.217,-4.639,-2.540,2.014,0.633,0.307,    ,-1270.589,678.706,-107.497,125.471,2.636,-35.674
4.540,-8.326,-2.628,2.430,0.940,0.259,    ,-1269.796,679.744,-106.655,125.471,2.636,-35.674
2.226,-4.207,-0.735,1.805,0.507,0.287,    ,-1269.238,680.476,-106.111,125.471,2.636,-35.674
2.785,-4.403,-2.510,2.090,0.544,0.258,    ,-1266.891,683.561,-103.820,125.471,2.636,-35.674
2.962,-7.198,-2.903,2.488,0.825,0.170,    ,-1262.500,689.329,-99.535,125.471,2.635,-35.673
0.902,-6.139,-1.785,2.286,0.545,0.267,    ,-1259.851,692.810,-96.950,125.470,2.635,-35.672
2.246,-5.198,-3.776,2.685,0.547,0.256,    ,-1254.574,699.743,-91.800,125.470,2.634,-35.672
2.658,-8.385,-2.991,2.381,0.348,0.317,    ,-1250.353,705.291,-87.680,125.470,2.634,-35.671
1.687,-3.991,-2.540,1.885,0.396,0.209,    ,-1248.956,707.126,-86.317,125.470,2.634,-35.671
1.932,-7.433,-3.295,2.040,0.425,0.237,    ,-1247.539,708.986,-84.913,125.470,2.634,-35.670
2.285,-5.090,-3.579,2.225,0.416,0.281,    ,-1246.595,710.209,-83.778,125.470,2.633,-35.670
2.795,-7.512,-3.187,2.257,0.443,0.357,    ,-1244.776,712.546,-81.313,125.469,2.633,-35.670
0.559,-4.864,-0.559,1.931,0.402,0.240,    ,-1243.136,714.653,-79.084,125.469,2.633,-35.670
2.324,-7.100,-2.187,2.576,0.601,0.362,    ,-1238.240,720.943,-72.433,125.469,2.633,-35.669
0.941,-6.306,-2.452,2.715,0.570,0.296,    ,-1231.839,729.165,-63.737,125.469,2.633,-35.668
2.324,-5.158,-2.883,2.892,0.488,0.194,    ,-1228.515,733.434,-59.223,125.469,2.632,-35.667
2.511,-7.286,-2.530,2.908,0.810,0.347,    ,-1222.513,741.144,-51.069,125.469,2.632,-35.666
-0.500,-4.070,-1.834,2.174,0.611,0.164,    ,-1218.404,746.422,-45.487,125.469,2.632,-35.666
-0.520,-2.206,-1.393,2.101,0.448,0.192,    ,-1217.217,747.947,-43.874,125.469,2.632,-35.666
4.217,-7.365,-2.795,2.738,0.152,0.509,    ,-1215.884,749.662,-42.097,125.468,2.632,-35.665
-2.383,-3.266,-2.716,2.380,0.803,-0.026,    ,-1214.835,751.036,-40.999,125.468,2.632,-35.665
3.766,-5.678,-2.324,3.006,1.040,0.308,    ,-1213.966,752.184,-40.205,125.468,2.632,-35.665
1.285,-3.197,-4.138,2.817,0.739,0.242,    ,-1210.751,756.432,-37.281,125.468,2.631,-35.665
0.932,-4.903,-2.913,2.639,0.668,0.239,    ,-1204.964,764.076,-32.017,125.468,2.631,-35.665
6.129,-8.698,-2.638,2.633,0.268,0.579,    ,-1201.382,768.810,-28.758,125.468,2.631,-35.664
1.500,-0.539,-3.226,2.608,0.582,0.260,    ,-1193.756,778.886,-21.820,125.468,2.630,-35.664
2.354,-2.707,-3.638,2.424,0.672,0.213,    ,-1186.849,788.011,-15.538,125.468,2.630,-35.664
2.501,-5.266,-4.697,2.613,0.563,0.279,    ,-1184.089,791.658,-13.027,125.468,2.629,-35.663
0.510,-3.109,-5.276,2.188,0.090,0.289,    ,-1180.676,796.167,-9.922,125.468,2.629,-35.663
-0.951,-2.275,-4.609,2.337,0.403,0.159,    ,-1178.471,799.067,-7.746,125.468,2.629,-35.663
-3.089,-3.187,-1.795,1.745,0.171,-0.052,    ,-1176.314,801.878,-5.296,125.468,2.629,-35.663
1.294,-2.756,-4.168,2.327,0.392,0.175,    ,-1168.109,812.554,4.253,125.468,2.628,-35.662
1.373,-4.452,-4.040,1.613,0.145,0.299,    ,-1159.086,824.292,14.787,125.468,2.628,-35.662
0.186,-2.501,-4.570,1.135,0.300,0.166,    ,-1154.446,830.330,20.205,125.468,2.627,-35.662
-1.736,-2.432,-3.579,1.288,-0.089,-0.097,    ,-1145.434,842.052,30.726,125.467,2.627,-35.661
0.167,-0.883,-5.394,0.799,0.030,0.123,    ,-1140.211,848.847,36.824,125.467,2.626,-35.661
1.442,-2.206,-8.100,1.525,0.349,0.184,    ,-1140.014,849.119,36.870,125.467,2.626,-35.661
-0.686,1.549,-6.482,0.913,-0.147,0.124,    ,-1142.651,846.006,29.831,125.468,2.627,-35.661
1.844,-4.472,-6.021,0.762,-0.010,0.318,    ,-1148.355,839.269,14.637,125.469,2.629,-35.660
-0.794,0.363,-5.570,0.529,0.036,0.172,    ,-1151.389,835.686,6.556,125.469,2.630,-35.660
0.265,-1.981,-6.070,0.217,0.005,0.191,    ,-1157.289,828.718,-9.160,125.470,2.632,-35.659
0.363,-1.373,-4.913,-0.039,-0.110,0.232,    ,-1163.188,821.751,-24.874,125.471,2.634,-35.659
-0.520,-0.824,-5.835,-0.009,0.019,0.187,    ,-1166.138,818.267,-32.732,125.472,2.634,-35.659
0.343,-0.765,-6.325,-0.047,0.057,0.192,    ,-1172.038,811.299,-48.446,125.473,2.636,-35.658
1.402,0.814,-6.796,-0.265,0.076,0.304,    ,-1177.937,804.332,-64.162,125.474,2.638,-35.658
0.304,0.481,-6.247,-0.226,0.035,0.221,    ,-1180.972,800.749,-72.243,125.474,2.639,-35.658
0.843,-1.559,-5.001,0.005,-0.083,0.241,    ,-1186.787,793.881,-87.734,125.475,2.641,-35.657
1.157,0.451,-5.835,-0.191,0.048,0.269,    ,-1192.771,786.813,-103.673,125.476,2.642,-35.657
1.863,-0.588,-6.423,-0.213,0.119,0.210,    ,-1195.721,783.330,-111.531,125.477,2.643,-35.657
0.520,-0.686,-6.237,-0.135,0.025,0.299,    ,-1201.704,776.263,-127.470,125.478,2.645,-35.656
1.118,-0.824,-4.011,-0.187,0.052,0.301,    ,-1207.421,769.512,-142.696,125.479,2.647,-35.656
1.206,-0.127,-4.629,-0.257,-0.002,0.206,    ,-1209.802,766.688,-148.893,125.479,2.648,-35.656
1.187,0.167,-6.041,-0.210,0.013,0.373,    ,-1214.308,760.958,-155.807,125.479,2.648,-35.656
0.834,-0.324,-4.501,-0.190,0.031,0.324,    ,-1222.720,750.010,-165.647,125.480,2.648,-35.656
2.010,-0.716,-5.443,-0.187,0.149,0.352,    ,-1231.224,738.945,-175.591,125.480,2.648,-35.656
-0.098,-0.422,-6.620,-0.188,0.016,0.186,    ,-1235.347,733.580,-180.413,125.480,2.648,-35.657
-0.186,-1.795,-6.482,0.061,-0.025,0.165,    ,-1244.237,722.012,-190.809,125.480,2.648,-35.657
1.128,-0.147,-5.511,-0.240,0.192,0.286,    ,-1252.354,711.449,-200.301,125.481,2.647,-35.658
0.922,-0.294,-5.188,-0.173,0.109,0.235,    ,-1256.606,705.917,-205.273,125.481,2.647,-35.658
0.814,-0.912,-5.178,-0.248,0.071,0.303,    ,-1264.331,695.864,-214.308,125.481,2.647,-35.658
1.245,0.078,-3.913,-0.300,0.137,0.268,    ,-1267.603,691.607,-218.127,125.481,2.647,-35.658
1.236,-0.206,-4.825,-0.236,0.120,0.267,    ,-1267.786,691.325,-217.805,125.481,2.647,-35.658
1.157,-0.441,-5.286,-0.184,0.060,0.341,    ,-1267.954,691.028,-217.000,125.481,2.647,-35.658
0.696,-0.039,-4.119,-0.230,0.099,0.272,    ,-1268.624,689.839,-213.782,125.480,2.647,-35.659
1.147,-0.549,-4.864,-0.198,0.013,0.240,    ,-1270.046,687.317,-206.951,125.479,2.646,-35.660
1.442,-0.412,-5.198,-0.220,0.133,0.297,    ,-1271.122,685.411,-201.788,125.479,2.645,-35.661
1.785,0.029,-4.746,-0.286,0.126,0.279,    ,-1273.798,680.666,-188.937,125.477,2.644,-35.662
1.677,0.245,-4.766,-0.297,0.047,0.372,    ,-1276.920,675.129,-173.942,125.475,2.642,-35.665
0.726,-0.559,-5.286,-0.167,-0.058,0.295,    ,-1278.629,672.099,-165.735,125.474,2.641,-35.666
0.284,-0.745,-5.776,-0.042,-0.084,0.267,    ,-1281.717,666.625,-150.909,125.472,2.640,-35.668
1.618,-2.187,-4.374,0.416,0.229,0.210,    ,-1284.068,662.455,-139.617,125.470,2.638,-35.669
1.785,-3.834,-3.334,0.707,0.330,0.281,    ,-1285.032,660.746,-134.987,125.469,2.638,-35.670
2.481,-4.040,-3.785,1.039,0.533,0.135,    ,-1286.207,658.663,-129.345,125.469,2.637,-35.671
4.089,-8.738,-2.766,1.859,0.734,0.304,    ,-1286.592,657.921,-126.757,125.468,2.637,-35.671
2.197,-6.698,-1.118,1.606,0.574,0.277,    ,-1286.312,658.243,-125.881,125.468,2.637,-35.671
2.246,-4.639,-2.903,1.260,0.616,0.229,    ,-1284.292,660.859,-123.353,125.469,2.637,-35.672
3.854,-7.110,-2.167,1.843,0.672,0.272,    ,-1280.317,666.036,-118.752,125.469,2.636,-35.672
2.216,-2.579,-2.903,1.577,0.524,0.279,    ,-1275.249,672.636,-112.887,125.470,2.636,-35.673
3.776,-5.874,-2.824,2.325,0.588,0.286,    ,-1273.289,675.190,-110.619,125.470,2.636,-35.674
2.108,-6.825,-1.991,2.224,0.524,0.256,    ,-1270.871,678.338,-107.822,125.471,2.636,-35.674
3.256,-7.051,-3.109,2.459,0.720,0.327,    ,-1269.994,679.483,-106.852,125.471,2.636,-35.674
4.011,-7.924,-2.510,2.809,0.776,0.288,    ,-1269.508,680.122,-106.374,125.471,2.636,-35.674
1.932,-4.795,-1.118,1.921,0.534,0.320,    ,-1267.467,682.804,-104.381,125.471,2.636,-35.674
4.599,-8.542,-2.687,2.484,0.888,0.361,    ,-1265.690,685.139,-102.647,125.471,2.636,-35.673
2.922,-7.482,-3.550,2.402,0.783,0.279,    ,-1260.997,691.305,-98.067,125.470,2.635,-35.673
1.451,-6.021,-3.982,2.285,0.423,0.286,    ,-1255.512,698.511,-92.715,125.470,2.634,-35.672
2.962,-8.110,-3.717,2.254,0.446,0.338,    ,-1252.995,701.818,-90.259,125.470,2.634,-35.671
0.922,-6.757,-4.982,2.124,0.426,0.257,    ,-1249.470,706.450,-86.819,125.470,2.634,-35.671
2.628,-7.571,-5.149,2.107,0.457,0.366,    ,-1247.659,708.829,-85.038,125.470,2.634,-35.670
2.707,-6.816,-4.844,2.214,0.635,0.239,    ,-1247.179,709.456,-84.514,125.470,2.633,-35.670
2.001,-7.345,-4.776,2.272,0.685,0.257,    ,-1246.019,710.949,-83.002,125.470,2.633,-35.670
1.069,-5.933,-3.021,2.131,0.313,0.236,    ,-1243.441,714.261,-79.499,125.469,2.633,-35.670
3.069,-6.365,-5.149,2.588,0.542,0.449,    ,-1241.433,716.841,-76.770,125.469,2.633,-35.669
-1.589,-7.178,-3.805,2.605,0.485,0.094,    ,-1235.767,724.118,-69.075,125.469,2.633,-35.668
0.137,-3.442,-3.344,2.501,0.305,0.146,    ,-1229.064,732.729,-59.968,125.469,2.632,-35.667
0.451,-6.051,-4.884,2.979,0.894,0.264,    ,-1225.770,736.961,-55.493,125.469,2.632,-35.667
1.196,-4.825,-4.501,2.797,0.395,0.308,    ,-1220.474,743.763,-48.299,125.469,2.632,-35.666
4.678,-6.973,-3.746,3.071,0.811,0.375,    ,-1217.516,747.563,-44.281,125.469,2.632,-35.666
-0.843,-2.520,-1.785,2.065,0.414,0.186,    ,-1216.010,749.499,-42.254,125.468,2.632,-35.665
5.649,-6.678,-3.295,3.053,0.947,0.443,    ,-1215.547,750.101,-41.703,125.468,2.632,-35.665
2.765,-7.286,-5.129,2.899,0.728,0.319,    ,-1214.251,751.807,-40.464,125.468,2.632,-35.665
-0.255,-4.168,-3.776,2.802,0.542,0.146,    ,-1211.346,755.646,-37.821,125.468,2.631,-35.665
1.991,-2.295,-4.384,2.657,0.444,0.371,    ,-1208.914,758.858,-35.610,125.468,2.631,-35.665
-0.922,-6.100,-4.305,2.303,1.035,0.056,    ,-1202.421,767.438,-29.703,125.468,2.631,-35.664
1.971,-2.206,-3.462,2.532,0.829,0.090,    ,-1194.821,777.478,-22.790,125.468,2.630,-35.664
2.099,-5.011,-4.844,2.948,1.024,0.147,    ,-1191.107,782.385,-19.411,125.468,2.630,-35.664
-0.029,-4.138,-4.903,2.149,0.188,0.281,    ,-1184.775,790.751,-13.651,125.468,2.630,-35.663
-0.373,-2.560,-4.786,2.452,0.503,0.099,    ,-1180.991,795.750,-10.209,125.468,2.629,-35.663
3.354,-4.129,-6.521,2.595,0.458,0.378,    ,-1179.913,797.174,-9.227,125.468,2.629,-35.663
-0.363,-0.118,-3.285,2.068,0.370,0.241,    ,-1176.896,801.121,-5.964,125.468,2.629,-35.663
1.442,-4.393,-3.226,1.802,0.481,0.363,    ,-1168.992,811.406,3.222,125.468,2.628,-35.662
3.069,-3.334,-6.570,2.167,0.440,0.223,    ,-1164.351,817.443,8.640,125.468,2.628,-35.662
-1.138,-1.902,-6.727,1.710,0.203,0.137,    ,-1155.328,829.181,19.175,125.468,2.627,-35.662
0.245,-2.991,-5.354,1.539,0.241,0.201,    ,-1146.247,840.995,29.777,125.467,2.627,-35.661
1.128,-1.059,-7.492,0.859,0.014,0.270,    ,-1142.633,845.697,33.997,125.467,2.627,-35.661
0.706,-2.177,-7.051,1.355,0.213,0.129,    ,-1139.986,849.151,36.949,125.467,2.626,-35.661
-1.304,1.902,-7.571,0.370,-0.039,0.054,    ,-1140.782,848.214,34.811,125.467,2.627,-35.661
0.010,-2.050,-5.796,0.670,0.179,0.153,    ,-1145.457,842.691,22.355,125.468,2.628,-35.660
0.892,-1.304,-7.228,0.782,0.052,0.215,    ,-1151.357,835.724,6.642,125.469,2.630,-35.660
1.353,0.314,-7.267,0.649,0.021,0.276,    ,-1154.391,832.141,-1.440,125.470,2.631,-35.660
0.686,-2.589,-7.129,0.130,0.073,0.232,    ,-1160.206,825.273,-16.930,125.471,2.633,-35.659
1.824,-0.647,-5.845,-0.168,-0.024,0.304,    ,-1166.105,818.306,-32.645,125.472,2.634,-35.659
0.853,-1.079,-6.698,-0.042,-0.029,0.215,    ,-1171.753,811.636,-47.687,125.473,2.636,-35.658
1.912,-0.637,-8.316,-0.054,0.067,0.332,    ,-1174.702,808.153,-55.544,125.473,2.637,-35.658
0.206,1.147,-7.414,-0.223,0.102,0.197,    ,-1180.602,801.185,-71.259,125.474,2.639,-35.658
0.363,-1.030,-6.825,0.021,0.050,0.252,    ,-1186.586,794.118,-87.198,125.475,2.641,-35.657
0.794,-1.196,-6.306,-0.138,-0.037,0.267,    ,-1189.536,790.634,-95.056,125.476,2.641,-35.657
0.049,-0.883,-6.051,-0.173,-0.059,0.190,    ,-1195.436,783.667,-110.771,125.477,2.643,-35.657
0.843,0.108,-7.424,-0.204,-0.025,0.356,    ,-1201.335,776.699,-126.486,125.478,2.645,-35.656
-0.167,0.373,-8.090,-0.228,0.032,0.347,    ,-1204.369,773.116,-134.567,125.478,2.646,-35.656
1.177,-0.912,-4.776,-0.099,0.108,0.231,    ,-1209.558,766.980,-148.301,125.479,2.647,-35.656
2.148,-1.638,-6.992,-0.030,0.111,0.404,    ,-1214.171,761.136,-155.645,125.479,2.648,-35.656
0.853,-0.716,-5.688,-0.255,-0.024,0.274,    ,-1218.176,755.924,-160.332,125.480,2.648,-35.656
0.873,-0.324,-6.757,-0.213,-0.020,0.403,    ,-1227.180,744.207,-170.862,125.480,2.648,-35.656
0.794,-1.471,-7.453,-0.093,0.043,0.333,    ,-1236.328,732.303,-181.560,125.480,2.648,-35.657
1.491,0.049,-6.149,-0.295,0.101,0.274,    ,-1240.838,726.435,-186.834,125.480,2.648,-35.657
0.628,-0.127,-6.727,-0.154,0.032,0.279,    ,-1249.341,715.370,-196.778,125.480,2.647,-35.657
0.990,-0.177,-5.923,-0.236,0.041,0.322,    ,-1258.489,703.466,-207.476,125.481,2.647,-35.658
0.922,0.667,-5.658,-0.392,0.065,0.096,    ,-1262.809,697.844,-212.528,125.481,2.647,-35.658
0.530,0.078,-5.384,-0.282,0.067,0.254,    ,-1267.456,691.797,-217.962,125.481,2.647,-35.658
0.775,-0.785,-6.688,-0.149,0.082,0.295,    ,-1267.746,691.397,-218.000,125.481,2.647,-35.658
0.981,-0.431,-5.541,-0.192,0.093,0.271,    ,-1268.035,690.884,-216.611,125.481,2.647,-35.659
1.245,-0.667,-6.718,-0.206,0.064,0.430,    ,-1268.825,689.484,-212.819,125.480,2.647,-35.659
0.677,-1.059,-6.463,-0.077,0.047,0.305,    ,-1269.458,688.360,-209.776,125.480,2.646,-35.659
1.030,-0.686,-5.747,-0.205,0.046,0.324,    ,-1271.525,684.696,-199.852,125.479,2.645,-35.661
1.363,-0.598,-5.698,-0.189,0.076,0.238,    ,-1274.394,679.608,-186.072,125.477,2.644,-35.663
0.853,-0.078,-5.188,-0.229,0.086,0.213,    ,-1276.002,676.758,-178.353,125.476,2.643,-35.664
1.245,-0.794,-7.198,-0.093,0.021,0.302,    ,-1279.309,670.893,-162.469,125.473,2.641,-35.666
0.451,-1.128,-7.051,-0.036,0.020,0.265,    ,-1282.293,665.603,-148.140,125.471,2.639,-35.668
1.030,-1.118,-5.080,0.132,0.141,0.224,    ,-1283.582,663.318,-141.952,125.470,2.639,-35.669
2.609,-4.040,-4.178,0.855,0.581,0.251,    ,-1285.430,660.040,-133.074,125.469,2.638,-35.670
3.079,-4.825,-4.472,1.149,0.546,0.138,    ,-1286.406,658.308,-128.383,125.469,2.637,-35.671
1.098,-4.923,-1.893,1.234,0.515,0.248,    ,-1286.597,657.946,-127.150,125.468,2.637,-35.671
2.922,-6.541,-2.471,1.660,0.586,0.237,    ,-1285.934,658.725,-125.307,125.468,2.637,-35.671
1.785,-5.119,-3.177,1.324,0.611,0.185,    ,-1283.584,661.781,-122.533,125.469,2.637,-35.672
3.727,-5.502,-4.040,1.623,0.814,0.359,    ,-1278.988,667.767,-117.214,125.470,2.636,-35.673
2.569,-6.933,-5.913,2.038,0.685,0.320,    ,-1276.484,671.028,-114.317,125.470,2.636,-35.673
1.285,-5.502,-2.452,2.095,0.429,0.265,    ,-1272.436,676.301,-109.632,125.471,2.636,-35.674
4.717,-11.542,-5.717,2.812,0.797,0.502,    ,-1270.578,678.721,-107.484,125.471,2.636,-35.674
3.893,-10.405,-4.982,2.499,0.677,0.386,    ,-1270.175,679.246,-107.040,125.471,2.636,-35.674
0.834,-3.736,-2.510,1.688,0.551,0.237,    ,-1269.155,680.587,-106.029,125.471,2.636,-35.674
3.158,-3.981,-4.315,2.151,0.596,0.311,    ,-1266.710,683.799,-103.643,125.471,2.636,-35.674
0.147,-6.541,-4.148,2.072,0.610,0.199,    ,-1264.947,686.115,-101.922,125.471,2.635,-35.673
3.187,-7.816,-5.668,2.585,0.830,0.260,    ,-1259.792,692.888,-96.891,125.470,2.635,-35.672
3.344,-7.267,-4.188,2.440,0.796,0.268,    ,-1254.591,699.722,-91.816,125.470,2.634,-35.672
0.471,-5.962,-3.305,2.150,0.469,0.219,    ,-1252.212,702.848,-89.495,125.470,2.634,-35.671
2.108,-5.178,-5.227,2.317,0.510,0.252,    ,-1248.995,707.074,-86.356,125.470,2.634,-35.671
2.971,-7.649,-4.992,2.226,0.428,0.360,    ,-1247.469,709.077,-84.839,125.470,2.633,-35.670
1.942,-3.619,-4.766,1.790,0.313,0.305,    ,-1246.998,709.690,-84.297,125.470,2.633,-35.670
2.638,-4.178,-5.521,2.191,0.585,0.234,    ,-1245.670,711.398,-82.527,125.470,2.633,-35.670
2.452,-6.453,-3.991,2.240,0.568,0.264,    ,-1242.762,715.134,-78.576,125.469,2.633,-35.670
1.383,-5.609,-4.354,2.528,0.498,0.310,    ,-1240.398,718.170,-75.365,125.469,2.633,-35.669
0.745,-5.198,-4.266,2.736,0.446,0.254,    ,-1234.512,725.731,-67.368,125.469,2.633,-35.668
0.716,-6.080,-5.374,3.016,0.605,0.228,    ,-1228.164,733.886,-58.744,125.469,2.632,-35.667
2.991,-7.041,-4.933,2.900,0.544,0.272,    ,-1224.852,738.139,-54.246,125.469,2.632,-35.667
3.226,-8.032,-5.845,2.796,0.906,0.172,    ,-1219.917,744.479,-47.542,125.469,2.632,-35.666
1.304,-6.933,-2.952,2.530,0.571,0.316,    ,-1217.084,748.117,-43.694,125.468,2.632,-35.666
2.285,-8.277,-5.825,2.989,1.182,0.178,    ,-1216.319,749.101,-42.658,125.468,2.632,-35.665
2.089,-8.865,-5.384,2.999,1.151,0.283,    ,-1215.314,750.406,-41.459,125.468,2.632,-35.665
1.461,-2.138,-3.530,2.327,0.575,0.329,    ,-1213.847,752.341,-40.097,125.468,2.632,-35.665
2.511,-8.051,-5.305,2.724,0.832,0.372,    ,-1212.419,754.228,-38.797,125.468,2.632,-35.665
0.206,-4.295,-4.325,2.811,0.812,0.184,    ,-1207.897,760.202,-34.684,125.468,2.631,-35.665
-0.078,-3.942,-3.962,2.707,0.450,0.262,    ,-1201.086,769.201,-28.489,125.468,2.631,-35.664
5.580,-9.199,-4.246,2.881,0.575,0.546,    ,-1197.054,774.527,-24.822,125.468,2.630,-35.664
1.942,-2.628,-4.648,2.525,0.751,0.145,    ,-1189.641,784.322,-18.077,125.468,2.630,-35.664
2.775,-4.031,-5.149,2.507,0.837,0.275,    ,-1183.906,791.899,-12.861,125.468,2.629,-35.663
0.127,-4.031,-6.757,2.251,0.190,0.263,    ,-1180.551,796.332,-9.809,125.468,2.629,-35.663
0.088,-0.127,-5.443,2.007,0.412,0.222,    ,-1179.692,797.465,-9.020,125.468,2.629,-35.663
2.128,-5.031,-2.363,2.148,0.319,0.533,    ,-1176.423,801.736,-5.421,125.468,2.629,-35.663
-1.422,-4.031,-4.217,1.849,0.282,0.204,    ,-1168.784,811.677,3.465,125.468,2.628,-35.662
1.746,-4.295,-6.776,2.083,0.379,0.264,    ,-1164.015,817.881,9.034,125.468,2.628,-35.662
0.304,-1.687,-4.815,1.244,0.118,0.178,    ,-1155.120,829.452,19.418,125.468,2.627,-35.662
-0.059,-1.098,-6.580,1.533,0.358,0.020,    ,-1146.052,841.248,30.004,125.467,2.627,-35.661
0.059,-2.373,-5.443,0.872,0.084,0.287,    ,-1142.326,846.096,34.355,125.467,2.627,-35.661
-0.883,0.765,-5.864,0.744,-0.164,0.220,    ,-1139.901,849.250,37.186,125.467,2.626,-35.661
0.971,-2.059,-7.061,1.205,0.331,0.206,    ,-1139.880,849.277,37.210,125.467,2.626,-35.661
-0.834,-0.647,-5.541,0.069,-0.030,0.197,    ,-1139.880,849.277,37.210,125.467,2.626,-35.661
-1.304,0.471,-4.089,0.482,-0.306,0.224,    ,-1139.880,849.277,37.210,125.467,2.626,-35.661
1.873,-2.187,-7.257,1.107,0.243,0.268,    ,-1139.880,849.277,37.210,125.467,2.626,-35.661
3.050,-2.275,-7.747,1.291,0.341,0.230,    ,-1139.880,849.277,37.210,125.467,2.626,-35.661
0.588,-1.559,-8.198,1.340,0.044,0.177,    ,-1139.880,849.277,37.210,125.467,2.626,-35.661
-1.736,3.168,-5.531,0.374,-0.025,0.167,    ,-1139.880,849.277,37.210,125.467,2.626,-35.661
0.765,-3.226,-6.933,1.397,0.405,0.152,    ,-1139.880,849.277,37.210,125.467,2.626,-35.661
-1.942,-0.716,-5.070,0.533,-0.053,0.140,    ,-1139.880,849.277,37.210,125.467,2.626,-35.661
1.883,-3.344,-5.717,1.003,0.226,0.334,    ,-1139.880,849.277,37.210,125.467,2.626,-35.661
1.667,-3.462,-6.492,0.697,0.139,0.273,    ,-1139.880,849.277,37.210,125.467,2.626,-35.661
2.726,-3.109,-7.110,1.254,0.310,0.305,    ,-1139.880,849.277,37.210,125.467,2.626,-35.661
-0.235,-1.363,-5.913,0.364,-0.008,0.290,    ,-1139.880,849.277,37.210,125.467,2.626,-35.661
1.275,-2.697,-6.865,0.798,0.320,0.252,    ,-1139.880,849.277,37.210,125.467,2.626,-35.661
-0.912,1.069,-7.208,0.778,-0.115,0.140,    ,-1139.880,849.277,37.210,125.467,2.626,-35.661
-0.863,4.374,-6.698,0.303,-0.180,0.126,    ,-1139.880,849.277,37.210,125.467,2.626,-35.661
2.883,-2.589,-7.826,1.453,0.281,0.289,    ,-1139.880,849.277,37.210,125.467,2.626,-35.661
1.559,-4.668,-6.208,1.226,0.154,0.306,    ,-1139.880,849.277,37.210,125.467,2.626,-35.661
-0.226,-2.030,-4.825,0.458,0.079,0.241,    ,-1139.880,849.277,37.210,125.467,2.626,-35.661
0.088,-1.746,-7.110,0.468,0.122,0.168,    ,-1139.880,849.277,37.210,125.467,2.626,-35.661
3.207,-5.011,-7.080,1.298,0.395,0.277,    ,-1139.880,849.277,37.210,125.467,2.626,-35.661
1.608,-2.197,-7.541,0.648,0.297,0.262,    ,-1139.880,849.277,37.210,125.467,2.626,-35.661
-2.452,-0.177,-5.708,0.488,-0.148,0.177,    ,-1139.880,849.277,37.210,125.467,2.626,-35.661
2.511,-3.069,-6.090,0.788,0.273,0.309,    ,-1139.880,849.277,37.210,125.467,2.626,-35.661
-2.530,1.324,-4.962,0.082,-0.100,0.117,    ,-1139.880,849.277,37.210,125.467,2.626,-35.661
3.570,-2.805,-6.718,1.305,0.412,0.250,    ,-1139.880,849.277,37.210,125.467,2.626,-35.661
1.697,-1.334,-6.747,1.343,0.128,0.169,    ,-1139.880,849.277,37.210,125.467,2.626,-35.661
0.951,-2.854,-6.355,0.637,0.204,0.235,    ,-1139.880,849.277,37.210,125.467,2.626,-35.661
0.029,-2.383,-6.188,0.550,0.162,0.172,    ,-1139.880,849.277,37.210,125.467,2.626,-35.661
-1.922,4.227,-6.502,0.345,-0.282,0.159,    ,-1139.880,849.277,37.210,125.467,2.626,-35.661
3.403,-5.570,-7.649,1.353,0.446,0.284,    ,-1139.880,849.277,37.210,125.467,2.626,-35.661
2.099,-0.530,-6.884,0.794,0.157,0.198,    ,-1140.048,849.080,36.766,125.467,2.627,-35.661
-1.500,-0.078,-5.747,0.587,-0.017,-0.023,    ,-1143.994,844.420,26.253,125.468,2.628,-35.661
1.285,-1.138,-6.737,0.987,0.180,0.128,    ,-1147.204,840.627,17.701,125.468,2.629,-35.660
0.343,-1.540,-7.384,0.469,0.021,0.207,    ,-1153.432,833.272,1.113,125.470,2.631,-35.660
0.147,0.951,-7.492,-0.064,0.085,0.261,    ,-1159.390,826.237,-14.756,125.471,2.632,-35.659
0.843,0.373,-6.384,-0.076,0.103,0.204,    ,-1162.424,822.654,-22.839,125.471,2.633,-35.659
0.059,0.324,-6.649,-0.159,0.054,0.180,    ,-1168.408,815.586,-38.778,125.472,2.635,-35.659
0.284,-0.098,-7.159,-0.139,-0.051,0.222,    ,-1174.308,808.619,-54.493,125.473,2.637,-35.658
0.863,0.490,-8.247,-0.178,0.047,0.313,    ,-1177.258,805.134,-62.351,125.474,2.638,-35.658
-0.431,0.167,-6.992,-0.182,0.126,0.219,    ,-1183.194,798.123,-78.164,125.475,2.640,-35.658
0.775,-0.588,-6.178,-0.200,0.066,0.314,    ,-1189.267,790.952,-94.339,125.476,2.641,-35.657
0.147,-1.020,-6.472,-0.057,0.020,0.269,    ,-1192.365,787.293,-102.592,125.476,2.642,-35.657
1.716,-0.706,-7.904,-0.079,0.007,0.386,    ,-1198.757,779.745,-119.617,125.477,2.644,-35.656
1.089,-0.314,-7.022,-0.178,0.047,0.291,    ,-1205.109,772.242,-136.538,125.478,2.646,-35.656
1.569,-0.559,-5.501,-0.229,0.078,0.322,    ,-1208.081,768.732,-144.455,125.479,2.647,-35.656
0.441,-0.873,-7.188,-0.118,0.064,0.137,    ,-1212.575,763.206,-153.704,125.479,2.648,-35.656
1.344,-0.157,-6.404,-0.202,0.076,0.310,    ,-1221.304,751.853,-163.991,125.480,2.648,-35.656
1.932,-0.794,-6.345,-0.140,0.089,0.374,    ,-1226.022,745.714,-169.508,125.480,2.648,-35.656
0.745,0.441,-7.659,-0.273,0.181,0.283,    ,-1235.735,733.076,-180.866,125.480,2.648,-35.657
1.294,-0.794,-7.012,-0.132,0.027,0.390,    ,-1245.447,720.437,-192.224,125.480,2.648,-35.657
1.000,0.255,-7.845,-0.186,0.014,0.231,    ,-1249.749,714.839,-197.255,125.481,2.648,-35.657
0.432,-0.726,-6.100,-0.102,0.084,0.266,    ,-1259.597,702.024,-208.771,125.481,2.647,-35.658
-0.039,-0.196,-4.433,-0.178,0.063,0.131,    ,-1266.819,692.626,-217.217,125.481,2.647,-35.658
1.442,-0.559,-5.217,-0.205,0.123,0.295,    ,-1267.654,691.539,-218.179,125.481,2.647,-35.658
0.873,-0.481,-6.580,-0.161,0.129,0.311,    ,-1267.823,691.260,-217.628,125.481,2.647,-35.658
0.490,0.157,-6.512,-0.172,0.079,0.256,    ,-1268.325,690.370,-215.218,125.481,2.647,-35.659
0.510,-0.441,-5.963,-0.175,0.031,0.238,    ,-1269.674,687.978,-208.741,125.480,2.646,-35.660
1.079,-0.892,-6.669,-0.160,0.010,0.310,    ,-1270.775,686.025,-203.451,125.479,2.646,-35.660
1.059,-0.873,-5.394,-0.197,0.105,0.253,    ,-1273.620,680.981,-189.791,125.477,2.644,-35.662
0.647,0.078,-5.315,-0.306,0.007,0.279,    ,-1277.075,674.855,-173.201,125.475,2.642,-35.665
-0.500,0.206,-6.767,-0.178,-0.031,0.146,    ,-1278.860,671.690,-164.626,125.474,2.641,-35.666
0.961,-1.579,-5.492,0.183,0.077,0.284,    ,-1282.126,665.898,-148.941,125.471,2.639,-35.668
1.147,-2.001,-6.355,0.411,0.119,0.231,    ,-1284.627,661.464,-136.931,125.470,2.638,-35.670
1.902,-2.314,-4.364,0.579,0.346,0.219,    ,-1285.505,659.907,-132.717,125.469,2.638,-35.670
3.952,-5.678,-4.374,1.541,0.691,0.271,    ,-1286.473,658.190,-128.048,125.468,2.637,-35.671
4.227,-7.384,-5.668,1.814,0.921,0.281,    ,-1286.308,658.246,-125.875,125.468,2.637,-35.671
2.971,-5.070,-3.364,1.457,0.565,0.235,    ,-1285.472,659.322,-124.728,125.468,2.637,-35.672
3.442,-7.718,-4.070,1.734,0.797,0.360,    ,-1281.780,664.130,-120.445,125.469,2.637,-35.672
3.109,-7.885,-5.580,1.815,0.687,0.401,    ,-1276.398,671.140,-114.217,125.470,2.636,-35.673
2.550,-4.433,-4.364,1.946,0.673,0.241,    ,-1274.064,674.179,-111.517,125.470,2.636,-35.674
2.452,-7.247,-4.403,2.655,0.863,0.178,    ,-1271.084,678.061,-108.068,125.471,2.636,-35.674
1.804,-6.374,-4.129,2.488,0.749,0.247,    ,-1270.023,679.446,-106.882,125.471,2.636,-35.674
2.285,-6.002,-4.060,2.239,0.629,0.281,    ,-1269.525,680.100,-106.390,125.471,2.636,-35.674
-0.069,-7.512,-4.697,2.144,0.650,0.190,    ,-1267.277,683.054,-104.196,125.471,2.636,-35.674
0.716,-4.070,-4.619,1.910,0.564,0.226,    ,-1262.789,688.951,-99.816,125.471,2.635,-35.673
2.785,-5.678,-4.884,2.185,0.803,0.197,    ,-1259.952,692.677,-97.048,125.470,2.635,-35.672
0.971,-6.502,-4.717,2.270,0.561,0.271,    ,-1254.214,700.217,-91.449,125.470,2.634,-35.671
1.785,-5.178,-4.805,2.129,0.444,0.233,    ,-1249.936,705.838,-87.274,125.470,2.634,-35.671
2.550,-7.257,-5.041,2.267,0.404,0.312,    ,-1248.595,707.600,-85.965,125.470,2.634,-35.671
1.873,-3.521,-4.962,1.782,0.464,0.239,    ,-1247.225,709.395,-84.568,125.470,2.633,-35.670
1.981,-3.825,-3.952,1.844,0.450,0.243,    ,-1246.001,710.972,-82.977,125.470,2.633,-35.670
1.471,-6.266,-4.305,2.126,0.643,0.277,    ,-1244.826,712.483,-81.380,125.469,2.633,-35.670
0.167,-6.610,-4.031,2.260,0.345,0.238,    ,-1240.740,717.731,-75.830,125.469,2.633,-35.669
2.089,-4.786,-4.962,2.944,0.597,0.277,    ,-1234.352,725.936,-67.152,125.469,2.633,-35.668
0.902,-5.658,-5.099,2.247,0.437,0.334,    ,-1230.670,730.666,-62.150,125.469,2.633,-35.668
2.903,-4.325,-4.452,2.780,0.832,0.136,    ,-1223.780,739.517,-52.790,125.469,2.632,-35.667
3.334,-6.933,-5.649,2.989,0.840,0.473,    ,-1218.930,745.746,-46.201,125.469,2.632,-35.666
-1.412,-4.374,-4.443,2.277,0.746,0.123,    ,-1217.464,747.630,-44.210,125.469,2.632,-35.666
2.491,-7.473,-5.335,3.281,1.250,0.167,    ,-1215.896,749.647,-42.111,125.468,2.632,-35.665
5.815,-9.346,-5.806,2.914,0.631,0.481,    ,-1214.743,751.158,-40.914,125.468,2.632,-35.665
0.206,-2.942,-3.942,2.118,0.516,0.247,    ,-1213.697,752.539,-39.960,125.468,2.632,-35.665
3.717,-3.423,-6.110,2.701,0.914,0.353,    ,-1209.911,757.541,-36.517,125.468,2.631,-35.665
4.874,-3.579,-4.639,2.745,1.017,0.340,    ,-1203.153,766.470,-30.369,125.468,2.631,-35.665
0.863,-4.246,-6.159,3.024,0.649,0.350,    ,-1199.138,771.775,-26.716,125.468,2.631,-35.664
4.119,-8.365,-6.678,3.210,0.470,0.471,    ,-1191.004,782.521,-19.318,125.468,2.630,-35.664
-0.775,-7.992,-5.286,2.239,0.782,0.168,    ,-1184.244,791.452,-13.168,125.468,2.629,-35.663
1.785,-5.472,-4.835,2.592,0.581,0.340,    ,-1182.054,794.346,-11.176,125.468,2.629,-35.663
-0.108,-3.785,-7.953,2.388,0.662,0.185,    ,-1179.535,797.672,-8.869,125.468,2.629,-35.663
-0.098,-3.207,-4.884,2.156,0.341,0.142,    ,-1175.042,803.533,-3.826,125.468,2.629,-35.663
2.020,-4.933,-4.413,2.039,0.338,0.473,    ,-1170.445,809.516,1.526,125.468,2.629,-35.663
-1.275,-0.951,-5.580,1.695,0.242,0.162,    ,-1160.731,822.153,12.867,125.468,2.628,-35.662
0.422,-3.707,-5.953,1.329,0.375,0.256,    ,-1151.014,834.794,24.212,125.467,2.627,-35.661
0.510,-2.716,-6.845,1.206,0.335,0.275,    ,-1146.489,840.681,29.495,125.467,2.627,-35.661
0.353,0.618,-6.659,0.851,0.035,0.137,    ,-1140.409,848.589,36.593,125.467,2.627,-35.661
-0.883,-2.589,-6.570,1.342,0.146,0.228,    ,-1141.189,847.732,33.724,125.467,2.627,-35.661
-0.147,0.137,-7.375,1.371,0.189,0.150,    ,-1143.741,844.718,26.926,125.468,2.628,-35.660
2.334,-3.825,-7.433,0.942,0.189,0.290,    ,-1150.041,837.278,10.146,125.469,2.630,-35.660
-1.491,0.510,-8.189,0.359,0.047,0.181,    ,-1156.486,829.667,-7.020,125.470,2.631,-35.660
-0.373,-0.235,-7.424,0.203,0.044,0.200,    ,-1159.662,825.915,-15.482,125.471,2.632,-35.659
1.363,-0.834,-7.198,-0.145,0.095,0.326,    ,-1166.016,818.412,-32.405,125.472,2.634,-35.659
-1.294,0.245,-7.208,-0.179,-0.178,0.127,    ,-1172.369,810.908,-49.329,125.473,2.636,-35.658
0.785,0.333,-8.816,-0.211,-0.002,0.294,    ,-1175.637,807.049,-58.033,125.473,2.637,-35.658
0.304,0.765,-7.590,-0.299,-0.042,0.188,    ,-1181.990,799.545,-74.957,125.474,2.639,-35.658
0.883,-1.373,-7.492,-0.107,0.095,0.269,    ,-1188.344,792.042,-91.880,125.475,2.641,-35.657
0.265,-0.559,-7.600,-0.180,-0.130,0.212,    ,-1191.521,788.291,-100.342,125.476,2.642,-35.657
0.226,-0.736,-9.032,-0.145,-0.076,0.225,    ,-1197.874,780.787,-117.266,125.477,2.644,-35.656
0.951,-0.588,-8.395,-0.174,0.053,0.376,    ,-1204.318,773.176,-134.432,125.478,2.646,-35.656
0.226,-1.108,-7.541,-0.144,-0.042,0.409,    ,-1207.398,769.539,-142.636,125.479,2.647,-35.656
0.598,-0.206,-7.483,-0.151,0.076,0.215,    ,-1211.906,764.067,-152.810,125.479,2.648,-35.656
0.069,-0.343,-7.649,-0.165,0.122,0.162,    ,-1219.818,753.787,-162.252,125.480,2.648,-35.656
0.029,-1.138,-7.090,-0.123,0.020,0.209,    ,-1224.258,748.010,-167.445,125.480,2.648,-35.656
0.481,-0.549,-7.688,-0.206,0.060,0.244,    ,-1233.971,735.371,-178.803,125.480,2.648,-35.657
2.295,-0.667,-7.786,-0.182,0.177,0.338,    ,-1243.128,723.455,-189.512,125.480,2.648,-35.657
0.843,-0.392,-7.267,-0.255,-0.011,0.318,    ,-1248.123,716.954,-195.354,125.480,2.648,-35.657
0.824,-0.657,-7.747,-0.134,0.062,0.325,    ,-1257.836,704.315,-206.712,125.481,2.647,-35.658
1.157,-0.657,-6.325,-0.178,0.059,0.291,    ,-1266.068,693.604,-216.339,125.481,2.647,-35.658
0.588,-0.863,-6.865,-0.160,0.067,0.297,    ,-1267.525,691.708,-218.040,125.481,2.647,-35.658
0.804,-0.637,-7.757,-0.206,0.070,0.334,    ,-1267.790,691.319,-217.790,125.481,2.647,-35.658
1.314,-0.647,-6.355,-0.260,0.025,0.293,    ,-1268.223,690.550,-215.706,125.481,2.647,-35.659
0.951,-0.873,-6.924,-0.203,0.068,0.297,    ,-1269.355,688.543,-210.270,125.480,2.646,-35.659
0.922,-0.471,-7.345,-0.249,0.075,0.379,    ,-1270.322,686.829,-205.627,125.479,2.646,-35.660
0.530,-0.235,-7.041,-0.218,0.025,0.182,    ,-1273.046,681.999,-192.546,125.477,2.644,-35.662
0.588,0.049,-6.551,-0.258,0.009,0.228,    ,-1276.424,676.010,-176.327,125.475,2.643,-35.664
1.157,-0.284,-6.963,-0.224,0.059,0.313,    ,-1278.267,672.742,-167.474,125.474,2.642,-35.665
2.305,-2.010,-6.904,0.283,0.217,0.354,    ,-1281.579,666.868,-151.568,125.472,2.640,-35.668
0.588,-6.982,-4.138,1.518,0.167,0.249,    ,-1284.277,662.084,-138.610,125.470,2.638,-35.670
1.020,-10.591,-3.354,2.453,0.336,0.273,    ,-1285.861,659.276,-131.006,125.469,2.637,-35.671
1.549,-15.799,-5.021,3.784,0.347,0.557,    ,-1286.324,658.455,-128.783,125.469,2.637,-35.671
1.902,-18.731,0.314,4.549,0.401,0.274,    ,-1286.549,657.960,-126.484,125.468,2.637,-35.671
-1.059,-15.249,-1.608,4.225,-0.054,0.234,    ,-1285.103,659.803,-124.292,125.469,2.637,-35.672
-0.186,-18.407,-2.403,4.747,0.239,0.396,    ,-1283.478,661.918,-122.411,125.469,2.637,-35.672
0.971,-23.232,-2.383,5.371,0.770,0.371,    ,-1278.682,668.166,-116.860,125.470,2.636,-35.673
-2.491,-5.237,-0.196,4.826,-0.735,0.302,    ,-1273.867,674.437,-111.288,125.470,2.636,-35.674
6.306,-13.170,4.697,6.038,0.014,0.593,    ,-1271.053,678.101,-108.031,125.471,2.636,-35.674
17.132,-47.778,3.903,11.555,2.428,0.816,    ,-1270.440,678.900,-107.329,125.471,2.636,-35.674
-20.349,-16.495,6.963,5.797,-1.964,-0.084,    ,-1269.538,680.082,-106.403,125.471,2.636,-35.674
12.935,-47.709,8.414,11.331,1.979,0.653,    ,-1267.496,682.766,-104.409,125.471,2.636,-35.674
-8.326,-6.619,16.848,6.351,-1.655,-0.018,    ,-1265.633,685.214,-102.591,125.471,2.635,-35.673
5.776,-19.790,10.424,9.733,-0.456,0.474,    ,-1260.429,692.051,-97.514,125.470,2.635,-35.673
-17.122,-6.698,10.395,7.253,-2.175,-0.115,    ,-1254.884,699.336,-92.102,125.470,2.634,-35.672
-10.130,-14.082,3.746,7.874,-0.955,0.052,    ,-1252.290,702.745,-89.571,125.470,2.634,-35.671
0.539,-12.131,7.453,7.861,-0.813,0.237,    ,-1248.867,707.242,-86.230,125.470,2.634,-35.671
7.414,-37.255,-1.942,10.875,1.081,0.565,    ,-1247.366,709.212,-84.727,125.470,2.633,-35.670
2.491,-34.676,-0.892,9.749,1.555,0.328,    ,-1246.889,709.831,-84.160,125.470,2.633,-35.670
-14.328,-9.738,6.453,7.713,-1.399,-0.016,    ,-1245.302,711.870,-82.028,125.470,2.633,-35.670
-17.417,-4.894,10.738,6.969,-2.382,-0.233,    ,-1241.612,716.611,-77.014,125.469,2.633,-35.669
-13.082,-5.600,14.847,7.222,-2.198,-0.281,    ,-1238.894,720.102,-73.322,125.469,2.633,-35.669
15.298,-55.614,-0.922,13.871,3.104,0.727,    ,-1232.389,728.459,-64.484,125.469,2.633,-35.668
-1.893,-48.837,0.137,13.539,1.703,0.161,    ,-1225.286,737.581,-54.836,125.469,2.632,-35.667
14.484,-49.112,-2.363,13.792,2.808,0.481,    ,-1222.422,741.262,-50.944,125.469,2.632,-35.666
-25.821,3.462,11.023,8.565,-3.204,-0.628,    ,-1218.135,746.768,-45.121,125.469,2.632,-35.666
1.706,-9.307,4.982,10.854,-1.762,0.178,    ,-1216.179,749.281,-42.473,125.468,2.632,-35.665
-8.806,1.785,9.336,8.330,-2.461,-0.291,    ,-1215.645,749.972,-41.813,125.468,2.632,-35.665
14.867,-43.591,-1.383,12.350,1.206,1.089,    ,-1214.276,751.775,-40.487,125.468,2.632,-35.665
4.276,-30.126,-4.148,10.915,0.628,0.369,    ,-1211.146,755.910,-37.640,125.468,2.631,-35.665
0.657,-17.858,-2.275,6.464,0.141,0.086,    ,-1208.427,759.502,-35.167,125.468,2.631,-35.665
-2.167,-7.257,-0.628,4.011,-0.907,0.319,    ,-1201.200,769.050,-28.593,125.468,2.631,-35.664
-4.766,0.883,1.746,4.914,0.103,-0.166,    ,-1192.997,779.888,-21.130,125.468,2.630,-35.664
0.549,-17.515,6.374,5.147,0.227,0.402,    ,-1189.050,785.103,-17.540,125.468,2.630,-35.664
0.324,-5.413,-4.776,7.998,-0.125,-0.014,    ,-1183.133,792.920,-12.158,125.468,2.629,-35.663
-3.589,-3.413,1.922,6.156,-0.987,0.365,    ,-1180.031,797.019,-9.335,125.468,2.629,-35.663
-2.167,-6.315,3.864,5.580,-0.349,0.045,    ,-1178.956,798.432,-8.274,125.468,2.629,-35.663
1.667,-12.611,-2.393,4.153,-0.109,0.360,    ,-1172.950,806.256,-1.394,125.468,2.629,-35.663
0.177,-6.168,0.010,3.872,0.620,0.137,    ,-1163.190,818.953,9.996,125.468,2.628,-35.662
1.549,-6.914,-2.844,3.336,0.230,0.114,    ,-1158.332,825.274,15.669,125.468,2.628,-35.662
-0.402,-3.432,-3.560,2.110,-0.214,0.125,    ,-1148.616,837.914,27.012,125.467,2.627,-35.661
-0.206,-6.492,-3.393,1.674,0.175,0.210,    ,-1141.057,847.748,35.837,125.467,2.627,-35.661
0.843,-0.196,-4.403,1.512,-0.143,0.156,    ,-1139.995,849.131,37.043,125.467,2.626,-35.661
-0.363,-0.883,-4.315,1.257,0.053,0.020,    ,-1142.093,846.665,31.318,125.468,2.627,-35.661
2.118,-2.108,-5.364,1.463,0.269,0.151,    ,-1148.200,839.452,15.050,125.469,2.629,-35.660
0.255,-2.403,-5.413,0.785,0.007,0.111,    ,-1151.014,836.129,7.555,125.469,2.630,-35.660
0.186,-2.550,-3.736,0.408,0.075,0.133,    ,-1157.276,828.733,-9.127,125.470,2.632,-35.659
1.304,-1.697,-4.276,0.316,0.228,0.103,    ,-1163.630,821.229,-26.051,125.471,2.634,-35.659
-0.726,-1.000,-2.834,-0.064,-0.094,0.144,    ,-1166.897,817.371,-34.754,125.472,2.635,-35.659
0.892,-1.755,-5.511,-0.056,-0.073,0.254,    ,-1173.251,809.867,-51.678,125.473,2.637,-35.658
0.736,-0.431,-5.256,-0.204,0.034,0.138,    ,-1179.604,802.363,-68.602,125.474,2.638,-35.658
0.853,0.686,-4.756,-0.293,0.050,0.149,    ,-1182.872,798.505,-77.305,125.475,2.639,-35.658
0.029,-1.893,-3.795,-0.096,-0.106,0.113,    ,-1189.134,791.108,-93.987,125.476,2.641,-35.657
1.108,-1.383,-3.893,-0.232,-0.008,0.205,    ,-1195.579,783.497,-111.153,125.477,2.643,-35.657
2.010,0.284,-4.452,-0.328,0.084,0.188,    ,-1198.756,779.745,-119.615,125.477,2.644,-35.656
2.520,-0.608,-4.089,-0.288,0.127,0.295,    ,-1205.109,772.242,-136.538,125.478,2.646,-35.656
0.461,-1.040,-3.138,-0.173,0.056,0.088,    ,-1210.152,766.265,-149.700,125.479,2.648,-35.656
1.226,-0.461,-4.236,-0.173,0.138,0.192,    ,-1215.793,759.025,-157.546,125.479,2.648,-35.656
2.059,0.059,-4.462,-0.267,0.037,0.211,    ,-1220.134,753.376,-162.622,125.480,2.648,-35.656
1.059,-0.500,-4.639,-0.235,-0.001,0.256,    ,-1230.675,739.660,-174.949,125.480,2.648,-35.656
0.255,-1.736,-4.952,-0.085,0.000,0.289,    ,-1241.919,725.028,-188.098,125.480,2.648,-35.657
0.765,-1.540,-3.962,-0.248,0.008,0.224,    ,-1247.469,717.806,-194.589,125.480,2.648,-35.657
1.549,-1.010,-3.717,-0.161,0.076,0.215,    ,-1258.728,703.155,-207.755,125.481,2.647,-35.658
1.491,-0.883,-2.589,-0.224,0.066,0.178,    ,-1266.936,692.475,-217.353,125.481,2.647,-35.658
1.157,-0.912,-3.795,-0.167,0.103,0.211,    ,-1267.693,691.486,-218.203,125.481,2.647,-35.658
0.853,-1.118,-3.374,-0.140,0.067,0.211,    ,-1267.947,691.040,-217.035,125.481,2.647,-35.658
1.726,-0.883,-3.648,-0.214,0.026,0.265,    ,-1268.764,689.592,-213.113,125.480,2.647,-35.659
1.079,-1.206,-3.707,-0.208,0.021,0.147,    ,-1270.820,685.946,-203.238,125.479,2.646,-35.660
0.490,-0.118,-4.119,-0.282,-0.016,0.167,    ,-1272.309,683.305,-196.085,125.478,2.645,-35.661
0.932,-1.461,-3.079,-0.022,0.112,0.232,    ,-1276.118,676.552,-177.794,125.475,2.643,-35.664
0.785,-0.765,-4.854,-0.275,-0.026,0.149,    ,-1280.208,669.300,-158.155,125.473,2.640,-35.667
2.579,-4.815,-2.658,0.663,0.274,0.367,    ,-1282.018,666.091,-149.462,125.471,2.639,-35.668
2.020,-7.630,-1.559,1.633,0.027,0.193,    ,-1284.832,661.100,-135.944,125.470,2.638,-35.670
3.315,-12.543,-0.382,2.591,0.319,0.257,    ,-1286.328,658.447,-128.761,125.469,2.637,-35.671
-0.373,-17.132,1.059,4.092,0.503,0.207,    ,-1286.592,657.959,-127.229,125.468,2.637,-35.671
-1.373,-14.896,0.637,4.042,0.064,0.053,    ,-1285.587,659.173,-124.867,125.468,2.637,-35.671
-1.206,-13.808,3.501,3.812,-0.188,0.241,    ,-1281.314,664.737,-119.906,125.469,2.637,-35.672
-3.226,-7.914,5.806,3.907,-0.477,0.246,    ,-1278.270,668.702,-116.383,125.470,2.636,-35.673
6.168,-36.030,4.658,8.495,0.913,0.376,    ,-1272.870,675.734,-110.135,125.471,2.636,-35.674
-8.836,-19.888,2.618,5.388,-0.863,0.265,    ,-1270.475,678.854,-107.369,125.471,2.636,-35.674
-8.041,-3.315,7.051,3.415,-1.737,0.077,    ,-1269.990,679.489,-106.848,125.471,2.636,-35.674
3.668,-6.178,6.835,5.727,-0.188,0.247,    ,-1268.258,681.765,-105.154,125.471,2.636,-35.674
11.160,-17.132,5.737,7.087,0.435,0.504,    ,-1263.860,687.544,-100.862,125.471,2.635,-35.673
-1.814,-23.222,1.893,9.503,0.611,0.158,    ,-1260.630,691.786,-97.710,125.470,2.635,-35.673
-10.130,-14.886,9.895,6.787,-1.203,0.110,    ,-1254.074,700.401,-91.312,125.470,2.634,-35.671
-4.962,-5.933,8.542,7.431,-1.199,-0.020,    ,-1249.430,706.503,-86.780,125.470,2.634,-35.671
8.120,-34.863,1.285,9.094,0.876,0.572,    ,-1248.150,708.184,-85.530,125.470,2.634,-35.670
1.549,-27.704,-2.991,8.819,0.408,0.399,    ,-1246.832,709.905,-84.087,125.470,2.633,-35.670
-9.356,-9.924,6.306,6.337,-0.915,0.144,    ,-1244.883,712.409,-81.457,125.470,2.633,-35.670
8.375,-38.913,2.373,10.882,1.196,0.318,    ,-1242.835,715.040,-78.676,125.469,2.633,-35.670
12.955,-55.751,1.599,13.995,2.559,0.583,    ,-1236.468,723.219,-70.026,125.469,2.633,-35.669
13.759,-43.885,10.179,14.680,2.079,0.726,    ,-1228.370,733.620,-59.026,125.469,2.632,-35.667
-13.111,-13.749,-1.226,6.977,-2.449,0.143,    ,-1224.424,738.689,-53.665,125.469,2.632,-35.667
-18.897,-14.543,0.804,6.623,-2.699,0.059,    ,-1218.852,745.847,-46.095,125.469,2.632,-35.666
-18.417,-2.599,-0.069,6.013,-3.284,-0.287,    ,-1216.260,749.176,-42.581,125.468,2.632,-35.665
0.118,-36.030,-3.805,11.193,1.359,0.292,    ,-1215.623,750.001,-41.788,125.468,2.632,-35.665
9.660,-39.403,-1.697,10.193,1.940,0.571,    ,-1213.985,752.160,-40.222,125.468,2.632,-35.665
-8.610,-8.041,4.472,6.680,-1.052,-0.124,    ,-1209.616,757.932,-36.248,125.468,2.631,-35.665
-9.228,-6.512,3.834,4.297,-0.638,-0.157,    ,-1205.912,762.825,-32.879,125.468,2.631,-35.665
-0.853,-11.101,5.217,6.368,-0.538,0.073,    ,-1197.028,774.562,-24.798,125.468,2.630,-35.664
0.667,-14.484,-0.137,6.684,-0.485,0.240,    ,-1188.081,786.383,-16.658,125.468,2.630,-35.664
2.207,-18.593,-3.334,4.828,-0.061,0.354,    ,-1184.467,791.157,-13.371,125.468,2.629,-35.663
-3.609,-3.981,-2.393,4.288,0.076,0.022,    ,-1180.308,796.653,-9.588,125.468,2.629,-35.663
2.275,-12.366,-4.227,5.200,0.176,0.247,    ,-1176.864,801.162,-5.928,125.468,2.629,-35.663
-3.825,-4.433,-1.755,4.248,0.390,0.048,    ,-1172.654,806.641,-1.050,125.468,2.629,-35.663
2.118,-8.189,-2.334,3.220,0.482,0.224,    ,-1161.623,820.992,11.825,125.468,2.628,-35.662
-0.892,-4.619,-1.687,2.944,0.266,0.004,    ,-1150.518,835.439,24.791,125.467,2.627,-35.661
0.883,-5.247,-2.579,1.912,0.234,0.119,    ,-1145.000,842.617,31.232,125.467,2.627,-35.661
-1.000,-1.726,-3.991,1.336,0.062,0.092,    ,-1139.981,849.149,37.059,125.467,2.626,-35.661
1.873,-4.070,-6.904,1.857,0.225,0.174,    ,-1142.641,846.018,29.858,125.468,2.627,-35.661
0.324,-1.069,-4.844,1.073,0.005,0.159,    ,-1146.177,841.841,20.438,125.468,2.628,-35.660
1.442,-0.706,-6.678,0.402,0.110,0.189,    ,-1153.335,833.388,1.373,125.470,2.631,-35.660
2.069,-1.844,-5.139,0.371,0.336,0.198,    ,-1160.596,824.813,-17.969,125.471,2.633,-35.659
-0.177,-0.353,-3.766,0.225,-0.213,0.091,    ,-1164.330,820.402,-27.916,125.471,2.634,-35.659
-0.500,-1.000,-6.257,-0.137,-0.182,0.109,    ,-1171.591,811.827,-47.257,125.473,2.636,-35.658
1.226,-0.127,-6.600,-0.202,-0.040,0.212,    ,-1178.749,803.374,-66.322,125.474,2.638,-35.658
0.579,0.078,-5.531,-0.379,-0.017,0.154,    ,-1182.483,798.964,-76.269,125.474,2.639,-35.658
1.226,-1.236,-4.913,-0.080,0.069,0.164,    ,-1189.744,790.389,-95.610,125.476,2.642,-35.657
1.863,0.549,-5.835,-0.281,0.031,0.308,    ,-1197.109,781.690,-115.228,125.477,2.644,-35.656
1.853,-0.686,-4.923,-0.134,0.108,0.251,    ,-1200.843,777.280,-125.175,125.478,2.645,-35.656
1.804,-1.579,-3.717,-0.132,0.273,0.216,    ,-1208.103,768.707,-144.512,125.479,2.647,-35.656
-0.059,0.108,-6.306,-0.213,0.084,0.150,    ,-1213.177,762.426,-154.457,125.479,2.648,-35.656
0.608,-1.746,-5.796,0.045,-0.013,0.224,    ,-1217.993,756.162,-160.118,125.480,2.648,-35.656
0.333,-1.079,-4.443,-0.122,0.025,0.260,    ,-1228.916,741.948,-172.892,125.480,2.648,-35.656
1.314,-0.147,-5.678,-0.188,0.001,0.214,    ,-1239.540,728.123,-185.316,125.480,2.648,-35.657
1.383,-0.971,-4.894,-0.200,0.117,0.222,    ,-1250.641,713.678,-198.298,125.481,2.647,-35.657
0.941,-1.432,-4.580,-0.187,-0.048,0.192,    ,-1255.715,707.075,-204.232,125.481,2.647,-35.658
0.981,0.039,-3.109,-0.310,0.023,0.127,    ,-1265.663,694.131,-215.864,125.481,2.647,-35.658
1.147,-0.686,-2.942,-0.283,0.059,0.253,    ,-1267.720,691.442,-218.123,125.481,2.647,-35.658
0.902,-1.206,-5.158,-0.184,0.039,0.255,    ,-1267.828,691.252,-217.607,125.481,2.647,-35.658
1.275,-1.265,-3.295,-0.204,0.029,0.249,    ,-1268.593,689.896,-213.933,125.480,2.647,-35.659
1.726,-2.393,-5.109,-0.080,0.076,0.316,    ,-1270.363,686.756,-205.431,125.479,2.646,-35.660
1.500,-1.187,-5.001,-0.217,0.042,0.236,    ,-1271.889,684.051,-198.103,125.478,2.645,-35.661
0.941,-0.451,-3.540,-0.341,0.032,0.256,    ,-1275.484,677.676,-180.839,125.476,2.643,-35.664
0.912,-1.451,-5.198,0.032,0.015,0.090,    ,-1279.599,670.380,-161.079,125.473,2.641,-35.666
0.579,-2.707,-4.315,0.322,0.016,0.149,    ,-1281.472,667.058,-152.082,125.472,2.640,-35.668
1.559,-7.963,-0.687,1.654,0.295,0.159,    ,-1284.477,661.730,-137.650,125.470,2.638,-35.670
1.196,-10.866,0.294,2.292,0.238,0.367,    ,-1286.151,658.761,-129.612,125.469,2.637,-35.671
-1.667,-13.563,0.539,3.266,-0.104,0.167,    ,-1286.546,658.053,-127.618,125.468,2.637,-35.671
1.030,-14.730,1.206,3.712,0.054,0.203,    ,-1285.935,658.722,-125.310,125.468,2.637,-35.671
2.030,-14.632,0.098,4.035,0.021,0.247,    ,-1282.191,663.595,-120.921,125.469,2.637,-35.672
2.373,-22.918,0.402,4.703,0.583,0.186,    ,-1279.248,667.428,-117.516,125.470,2.636,-35.673
-1.942,-14.308,5.266,5.512,0.053,0.258,    ,-1273.536,674.867,-110.906,125.470,2.636,-35.674
-11.032,-6.825,8.855,4.360,-1.270,-0.033,    ,-1270.669,678.601,-107.590,125.471,2.636,-35.674
13.288,-33.264,10.787,9.352,1.433,0.683,    ,-1270.132,679.303,-106.994,125.471,2.636,-35.674
10.483,-42.227,3.726,10.936,1.627,0.585,    ,-1268.685,681.203,-105.571,125.471,2.636,-35.674
7.737,-41.639,2.481,8.994,1.942,0.366,    ,-1264.663,686.488,-101.646,125.471,2.635,-35.673
-11.435,-2.981,3.903,4.501,-1.953,-0.138,    ,-1261.659,690.435,-98.714,125.470,2.635,-35.673
-0.382,-3.874,3.295,5.560,-0.479,0.204,    ,-1255.041,699.131,-92.255,125.470,2.634,-35.672
4.874,-15.200,1.138,6.678,0.205,0.427,    ,-1249.969,705.795,-87.305,125.470,2.634,-35.671
-3.942,-15.475,3.266,7.802,-0.067,0.076,    ,-1248.469,707.765,-85.842,125.470,2.634,-35.670
-5.884,-18.319,1.844,7.722,0.218,0.040,    ,-1247.036,709.641,-84.344,125.470,2.633,-35.670
4.207,-10.228,2.285,6.213,0.061,0.159,    ,-1245.385,711.764,-82.140,125.470,2.633,-35.670
-10.169,-12.660,6.453,7.399,-1.186,0.134,    ,-1243.553,714.117,-79.651,125.469,2.633,-35.670
-16.112,-10.091,6.286,9.000,-1.451,-0.054,    ,-1237.656,721.692,-71.641,125.469,2.633,-35.669
-22.516,-6.639,16.671,7.054,-2.540,-0.298,    ,-1229.645,731.982,-60.758,125.469,2.633,-35.667
5.511,-22.369,8.218,13.503,0.206,0.469,    ,-1225.580,737.204,-55.236,125.469,2.632,-35.667
12.131,-47.631,-1.157,14.243,1.753,0.390,    ,-1219.451,745.077,-46.909,125.469,2.632,-35.666
2.393,-39.295,-5.462,13.521,0.572,0.578,    ,-1216.508,748.858,-42.912,125.468,2.632,-35.665
-18.397,-8.816,-0.530,5.626,-2.972,-0.064,    ,-1215.803,749.767,-41.998,125.468,2.632,-35.665
-13.121,3.177,0.716,4.727,-1.827,-0.015,    ,-1214.333,751.700,-40.539,125.468,2.632,-35.665
-7.159,-5.364,-3.511,4.995,-0.528,-0.093,    ,-1210.544,756.705,-37.092,125.468,2.631,-35.665
-0.608,-13.965,-0.010,4.647,0.258,0.163,    ,-1207.143,761.199,-33.998,125.468,2.631,-35.665
7.228,-9.110,-5.472,5.607,-0.165,0.583,    ,-1198.515,772.597,-26.150,125.468,2.631,-35.664
-6.816,-15.298,5.099,5.692,-0.311,0.016,    ,-1189.243,784.848,-17.715,125.468,2.630,-35.664
-4.344,-8.247,-0.039,5.622,-0.782,0.026,    ,-1185.561,789.712,-14.366,125.468,2.630,-35.663
-1.540,-15.485,-6.727,7.146,0.090,0.075,    ,-1180.741,796.080,-9.982,125.468,2.629,-35.663
-3.756,-6.767,4.746,4.110,-0.552,0.079,    ,-1178.042,799.627,-7.268,125.468,2.629,-35.663
-4.305,-3.432,0.373,5.014,-0.539,0.070,    ,-1168.921,811.498,3.304,125.468,2.628,-35.662
3.060,-11.356,-3.707,3.794,0.232,0.277,    ,-1163.210,818.928,9.973,125.468,2.628,-35.662
-1.010,-1.304,-3.236,2.426,0.218,0.104,    ,-1152.263,833.169,22.753,125.468,2.627,-35.662
1.196,-3.785,-5.492,1.838,0.207,0.195,    ,-1142.219,846.236,34.480,125.467,2.627,-35.661
0.902,-1.628,-5.756,1.934,0.294,0.141,    ,-1140.166,848.907,36.877,125.467,2.626,-35.661
-0.059,-2.638,-5.619,1.656,-0.047,-0.004,    ,-1141.909,846.882,31.807,125.468,2.627,-35.661
-0.667,-2.344,-5.394,1.375,0.067,0.072,    ,-1148.459,839.146,14.359,125.469,2.629,-35.660
1.432,-4.148,-7.041,1.082,0.094,0.150,    ,-1152.193,834.736,4.412,125.469,2.630,-35.660
0.510,-0.951,-6.914,0.293,0.097,0.182,    ,-1159.455,826.160,-14.929,125.471,2.632,-35.659
-0.883,0.186,-5.188,-0.035,-0.132,0.100,    ,-1166.820,817.462,-34.547,125.472,2.635,-35.659
1.883,-0.667,-6.335,-0.163,0.088,0.192,    ,-1170.450,813.175,-44.218,125.472,2.636,-35.659
0.608,-1.304,-7.149,-0.147,-0.161,0.309,    ,-1177.711,804.599,-63.559,125.474,2.638,-35.658
-0.696,-2.393,-6.845,0.048,-0.203,0.182,    ,-1184.972,796.024,-82.900,125.475,2.640,-35.657
0.981,-1.598,-5.972,-0.060,-0.037,0.216,    ,-1188.707,791.614,-92.847,125.476,2.641,-35.657
0.971,-0.108,-5.717,-0.275,0.084,0.136,    ,-1195.864,783.161,-111.913,125.477,2.643,-35.657
1.638,-1.000,-7.316,-0.141,0.100,0.199,    ,-1203.229,774.463,-131.530,125.478,2.646,-35.656
1.922,-1.304,-3.668,-0.257,0.073,0.145,    ,-1206.815,770.227,-141.083,125.479,2.647,-35.656
1.334,-1.500,-5.433,-0.097,-0.047,0.380,    ,-1212.124,763.787,-153.111,125.479,2.648,-35.656
1.471,-0.431,-6.090,-0.198,0.084,0.161,    ,-1221.621,751.440,-164.361,125.480,2.648,-35.656
1.451,-1.079,-5.541,-0.148,0.188,0.244,    ,-1227.489,743.806,-171.223,125.480,2.648,-35.656
1.059,-1.147,-6.296,-0.074,-0.043,0.180,    ,-1238.431,729.568,-184.018,125.480,2.648,-35.657
1.755,-0.736,-6.070,-0.276,0.037,0.357,    ,-1249.531,715.123,-196.999,125.481,2.647,-35.657
5.521,-0.431,16.122,-1.031,0.590,0.563,    ,-1255.240,707.695,-203.675,125.481,2.647,-35.658
-3.119,4.580,-5.649,-0.452,-0.292,-0.104,    ,-1255.580,707.572,-203.509,125.402,2.637,-35.725
-0.608,1.598,-5.354,-0.315,-0.102,0.037,    ,-1255.580,707.572,-203.509,125.402,2.637,-35.725
1.383,0.785,-2.501,-0.362,0.098,0.132,    ,-1255.580,707.571,-203.509,125.402,2.637,-35.725
-0.618,3.942,-5.335,-0.525,-0.096,0.010,    ,-1255.580,707.571,-203.509,125.402,2.637,-35.725
-0.324,3.148,-4.844,-0.469,-0.082,0.026,    ,-1255.580,707.571,-203.509,125.402,2.637,-35.725
0.471,-0.598,-4.393,-0.187,-0.013,0.112,    ,-1255.580,707.571,-203.509,125.402,2.637,-35.725
1.530,-2.501,-2.128,-0.109,0.084,0.185,    ,-1255.580,707.571,-203.509,125.402,2.637,-35.725
1.285,-2.932,-2.805,-0.018,0.107,0.172,    ,-1255.580,707.571,-203.509,125.402,2.637,-35.725
0.873,-0.834,-3.540,-0.171,0.020,0.138,    ,-1255.580,707.571,-203.509,125.402,2.637,-35.725
0.883,-1.520,-3.413,-0.103,0.054,0.130,    ,-1255.580,707.571,-203.509,125.402,2.637,-35.725
1.746,-1.589,-2.893,-0.155,0.099,0.167,    ,-1255.580,707.571,-203.509,125.402,2.637,-35.725
0.647,-1.236,-3.413,-0.131,0.002,0.130,    ,-1255.580,707.571,-203.509,125.402,2.637,-35.725
0.853,-0.883,-3.727,-0.164,0.027,0.137,    ,-1255.580,707.571,-203.509,125.402,2.637,-35.725
0.981,-0.098,-3.295,-0.273,0.059,0.130,    ,-1255.580,707.571,-203.509,125.402,2.637,-35.725
0.736,-0.569,-3.629,-0.238,0.017,0.124,    ,-1255.580,707.571,-203.509,125.402,2.637,-35.725
0.794,-0.588,-3.236,-0.215,0.030,0.144,    ,-1255.580,707.571,-203.509,125.402,2.637,-35.725
0.902,-0.814,-3.089,-0.214,0.015,0.144,    ,-1255.580,707.571,-203.509,125.402,2.637,-35.725
1.089,-0.481,-3.560,-0.204,0.015,0.150,    ,-1255.580,707.571,-203.509,125.402,2.637,-35.725
0.961,-0.049,-3.501,-0.262,0.031,0.135,    ,-1255.580,707.571,-203.509,125.402,2.637,-35.725
0.971,-0.990,-3.697,-0.151,0.053,0.133,    ,-1255.580,707.571,-203.509,125.402,2.637,-35.725
0.785,-0.500,-3.854,-0.228,0.030,0.139,    ,-1255.580,707.571,-203.509,125.402,2.637,-35.725
0.726,-0.530,-3.687,-0.203,0.030,0.137,    ,-1255.580,707.571,-203.509,125.402,2.637,-35.725
0.716,-1.098,-4.197,-0.129,0.019,0.147,    ,-1255.580,707.571,-203.509,125.402,2.637,-35.725
1.245,-0.677,-3.629,-0.167,0.069,0.158,    ,-1255.580,707.571,-203.509,125.402,2.637,-35.725
1.157,-1.059,-3.599,-0.182,0.050,0.137,    ,-1255.580,707.571,-203.509,125.402,2.637,-35.725
0.794,-0.677,-3.932,-0.210,0.021,0.143,    ,-1255.580,707.571,-203.509,125.402,2.637,-35.725
1.089,-0.637,-3.648,-0.205,0.058,0.144,    ,-1255.580,707.571,-203.509,125.402,2.637,-35.725
0.834,-0.618,-4.197,-0.203,0.020,0.135,    ,-1255.580,707.571,-203.509,125.402,2.637,-35.725
0.785,-0.765,-4.158,-0.188,0.024,0.149,    ,-1255.580,707.571,-203.509,125.402,2.637,-35.725
1.079,-0.343,-3.560,-0.241,0.030,0.147,    ,-1255.580,707.571,-203.509,125.402,2.637,-35.725
0.716,-1.167,-4.188,-0.176,0.025,0.135,    ,-1255.580,707.571,-203.509,125.402,2.637,-35.725
0.971,-0.637,-3.815,-0.211,0.039,0.148,    ,-1255.580,707.571,-203.509,125.402,2.637,-35.725
1.147,-0.333,-3.540,-0.254,0.049,0.152,    ,-1255.580,707.571,-203.509,125.402,2.637,-35.725
0.549,-0.951,-4.305,-0.162,0.001,0.133,    ,-1255.580,707.571,-203.509,125.402,2.637,-35.725
0.863,-0.579,-4.021,-0.224,0.048,0.142,    ,-1255.580,707.571,-203.509,125.402,2.637,-35.725
1.373,-0.785,-3.795,-0.197,0.062,0.163,    ,-1255.580,707.571,-203.509,125.402,2.637,-35.725
1.069,-1.079,-4.599,-0.132,0.065,0.143,    ,-1255.580,707.571,-203.509,125.402,2.637,-35.725
0.961,-0.530,-4.080,-0.228,0.059,0.148,    ,-1255.580,707.571,-203.509,125.402,2.637,-35.725
0.657,-0.431,-4.158,-0.199,0.006,0.139,    ,-1255.580,707.571,-203.509,125.402,2.637,-35.725
1.118,-0.245,-3.913,-0.238,0.058,0.151,    ,-1255.580,707.571,-203.509,125.402,2.637,-35.725
0.912,-0.343,-4.001,-0.233,0.050,0.141,    ,-1255.580,707.571,-203.509,125.402,2.637,-35.725
1.353,-0.883,-4.119,-0.180,0.074,0.167,    ,-1255.580,707.571,-203.509,125.402,2.637,-35.725
1.157,-0.765,-4.491,-0.183,0.046,0.160,    ,-1255.580,707.571,-203.509,125.402,2.637,-35.725
0.765,-0.598,-4.168,-0.186,0.023,0.144,    ,-1255.580,707.571,-203.509,125.402,2.637,-35.725
0.863,-0.461,-4.482,-0.220,0.042,0.149,    ,-1255.580,707.571,-203.509,125.402,2.637,-35.725
0.912,-0.471,-4.315,-0.213,0.035,0.144,    ,-1255.580,707.571,-203.509,125.402,2.637,-35.725
0.775,-0.363,-4.178,-0.191,0.032,0.148,    ,-1255.580,707.571,-203.509,125.402,2.637,-35.725
0.785,-0.441,-4.452,-0.202,0.040,0.147,    ,-1255.580,707.571,-203.509,125.402,2.637,-35.725
0.961,-0.333,-4.325,-0.220,0.046,0.145,    ,-1255.580,707.571,-203.509,125.402,2.637,-35.725
0.667,-0.461,-4.138,-0.215,0.032,0.142,    ,-1255.580,707.571,-203.509,125.402,2.637,-35.725
0.834,-0.530,-3.991,-0.222,0.051,0.137,    ,-1255.580,707.571,-203.509,125.402,2.637,-35.725
0.902,-0.471,-4.080,-0.221,0.040,0.140,    ,-1255.580,707.571,-203.509,125.402,2.637,-35.725
0.794,-0.196,-4.393,-0.209,0.040,0.140,    ,-1255.580,707.571,-203.509,125.402,2.637,-35.725
0.951,-0.284,-4.207,-0.205,0.031,0.143,    ,-1255.580,707.571,-203.509,125.402,2.637,-35.725
0.814,-0.824,-5.139,-0.193,-0.058,0.137,    ,-1255.580,707.571,-203.509,125.402,2.637,-35.725
0.137,-1.344,-5.296,0.186,-0.249,0.144,    ,-1255.580,707.571,-203.509,125.402,2.637,-35.725
0.932,-0.314,-3.884,-0.207,0.040,0.142,    ,-1255.580,707.571,-203.509,125.402,2.637,-35.725
0.127,-0.765,-4.884,-0.100,-0.170,0.138,    ,-1255.580,707.571,-203.509,125.402,2.637,-35.725
0.706,-0.961,-3.854,0.076,-0.003,0.135,    ,-1255.580,707.571,-203.509,125.402,2.637,-35.725
1.098,-0.520,-3.658,-0.207,0.047,0.141,    ,-1255.580,707.571,-203.509,125.402,2.637,-35.725
1.746,0.382,-3.148,-0.513,0.381,0.130,    ,-1255.580,707.571,-203.509,125.402,2.637,-35.725
1.167,0.000,-4.217,-0.308,0.068,0.134,    ,-1255.580,707.571,-203.509,125.402,2.637,-35.725
-0.382,-0.579,-8.081,-0.147,-0.221,0.118,    ,-1255.580,707.571,-203.509,125.402,2.637,-35.725
0.098,-1.196,-7.286,0.152,-0.178,0.105,    ,-1255.580,707.571,-203.509,125.402,2.637,-35.725
0.539,-1.128,-4.570,0.173,-0.002,0.050,    ,-1255.580,707.571,-203.509,125.402,2.637,-35.725
0.961,-0.412,-3.805,-0.208,0.052,0.142,    ,-1255.580,707.571,-203.509,125.402,2.637,-35.725
0.363,-0.981,-1.491,0.088,-0.101,0.138,    ,-1255.580,707.571,-203.509,125.402,2.637,-35.725
0.363,-1.069,-2.157,0.186,-0.095,0.148,    ,-1255.580,707.571,-203.509,125.402,2.637,-35.725
0.647,-1.442,-5.864,0.144,-0.033,0.134,    ,-1255.580,707.571,-203.509,125.402,2.637,-35.725
0.912,-1.059,-0.637,0.283,0.050,0.127,    ,-1255.580,707.571,-203.509,125.402,2.637,-35.725
-0.834,-1.177,-0.687,0.358,-0.479,0.118,    ,-1255.580,707.571,-203.509,125.402,2.637,-35.725
-0.294,-1.922,-4.580,0.156,-0.075,0.107,    ,-1255.580,707.571,-203.509,125.402,2.637,-35.725
0.520,-0.157,-4.109,-0.212,-0.088,0.127,    ,-1255.580,707.571,-203.509,125.402,2.637,-35.725
0.216,-1.226,-0.883,0.238,-0.291,0.070,    ,-1255.580,707.571,-203.509,125.402,2.637,-35.725
0.647,-1.177,-3.776,0.320,-0.060,0.061,    ,-1255.580,707.571,-203.509,125.402,2.637,-35.725
-0.814,-1.344,-1.500,0.543,-0.639,0.056,    ,-1255.580,707.571,-203.509,125.402,2.637,-35.725
0.343,-0.549,-2.658,-0.219,-0.162,0.117,    ,-1255.580,707.571,-203.509,125.402,2.637,-35.725
1.118,-0.422,-3.226,-0.207,0.041,0.127,    ,-1255.580,707.571,-203.509,125.402,2.637,-35.725
0.804,-0.373,-3.168,-0.207,0.040,0.108,    ,-1255.580,707.571,-203.509,125.402,2.637,-35.725
0.883,-0.206,-3.383,-0.212,0.031,0.115,    ,-1255.580,707.571,-203.509,125.402,2.637,-35.725
0.981,-0.402,-3.060,-0.218,0.045,0.115,    ,-1255.580,707.571,-203.509,125.402,2.637,-35.725
0.941,-0.108,-3.315,-0.214,0.044,0.108,    ,-1255.580,707.571,-203.509,125.402,2.637,-35.725
0.902,-0.226,-3.226,-0.210,0.029,0.111,    ,-1255.580,707.571,-203.509,125.402,2.637,-35.725
0.863,-0.275,-3.207,-0.225,0.049,0.112,    ,-1255.580,707.571,-203.509,125.402,2.637,-35.725
1.030,-0.431,-3.168,-0.216,0.043,0.116,    ,-1255.580,707.571,-203.509,125.402,2.637,-35.725
0.863,-0.422,-3.158,-0.212,0.040,0.109,    ,-1255.580,707.571,-203.509,125.402,2.637,-35.725
0.755,-0.304,-2.363,-0.213,0.035,0.096,    ,-1255.580,707.571,-203.509,125.402,2.637,-35.725
1.000,-0.461,-3.403,-0.227,0.027,0.106,    ,-1255.580,707.571,-203.509,125.402,2.637,-35.725
0.981,-0.314,-3.050,-0.218,0.031,0.106,    ,-1255.580,707.571,-203.509,125.402,2.637,-35.725
0.834,-0.275,-3.236,-0.212,0.025,0.115,    ,-1255.580,707.571,-203.509,125.402,2.637,-35.725
0.785,-0.245,-3.187,-0.207,0.022,0.104,    ,-1255.580,707.571,-203.509,125.402,2.637,-35.725
0.961,-0.245,-3.011,-0.209,0.043,0.104,    ,-1255.580,707.571,-203.509,125.402,2.637,-35.725
0.883,-0.284,-2.432,-0.216,0.030,0.099,    ,-1255.580,707.571,-203.509,125.402,2.637,-35.725
0.873,-0.333,-2.697,-0.217,0.034,0.099,    ,-1255.580,707.571,-203.509,125.402,2.637,-35.725
0.961,-0.373,-2.883,-0.215,0.025,0.100,    ,-1255.580,707.571,-203.509,125.402,2.637,-35.725
0.824,-0.402,-2.795,-0.217,0.028,0.099,    ,-1255.580,707.571,-203.509,125.402,2.637,-35.725
1.010,-0.186,-2.334,-0.211,0.039,0.098,    ,-1255.580,707.571,-203.509,125.402,2.637,-35.725
0.883,-0.216,-2.893,-0.214,0.032,0.095,    ,-1255.580,707.571,-203.509,125.402,2.637,-35.725
0.873,-0.324,-2.677,-0.218,0.044,0.099,    ,-1255.580,707.571,-203.509,125.402,2.637,-35.725
0.941,-0.304,-2.658,-0.216,0.028,0.097,    ,-1255.580,707.571,-203.509,125.402,2.637,-35.725
0.951,-0.186,-2.746,-0.208,0.025,0.092,    ,-1255.580,707.571,-203.509,125.402,2.637,-35.725
0.932,-0.245,-2.334,-0.215,0.032,0.082,    ,-1255.580,707.571,-203.509,125.402,2.637,-35.725
0.912,-0.294,-2.383,-0.215,0.034,0.090,    ,-1255.580,707.571,-203.509,125.402,2.637,-35.725
0.922,-0.333,-2.648,-0.211,0.023,0.090,    ,-1255.580,707.571,-203.509,125.402,2.637,-35.725
0.922,-0.265,-2.471,-0.211,0.022,0.096,    ,-1255.580,707.571,-203.509,125.402,2.637,-35.725
0.853,-0.294,-2.618,-0.215,0.024,0.088,    ,-1255.580,707.571,-203.509,125.402,2.637,-35.725
0.892,-0.314,-1.873,-0.217,0.031,0.076,    ,-1255.580,707.571,-203.509,125.402,2.637,-35.725
0.961,-0.137,-2.099,-0.208,0.036,0.095,    ,-1255.580,707.571,-203.509,125.402,2.637,-35.725
0.863,-0.343,-2.216,-0.220,0.045,0.086,    ,-1255.580,707.571,-203.509,125.402,2.637,-35.725
0.892,-0.177,-2.432,-0.212,0.027,0.084,    ,-1255.580,707.571,-203.509,125.402,2.637,-35.725
0.843,-0.137,-2.099,-0.208,0.030,0.094,    ,-1255.580,707.571,-203.509,125.402,2.637,-35.725
0.804,-0.127,-1.902,-0.206,0.038,0.078,    ,-1255.580,707.571,-203.509,125.402,2.637,-35.725
0.902,-0.304,-2.197,-0.211,0.035,0.084,    ,-1255.580,707.571,-203.509,125.402,2.637,-35.725
0.834,-0.206,-2.118,-0.212,0.032,0.083,    ,-1255.580,707.571,-203.509,125.402,2.637,-35.725
0.951,-0.216,-2.059,-0.210,0.024,0.081,    ,-1255.580,707.571,-203.509,125.402,2.637,-35.725
0.883,-1.598,-2.942,0.375,0.076,0.080,    ,-1255.580,707.571,-203.509,125.402,2.637,-35.725
0.883,-1.373,-1.667,0.225,-0.002,0.085,    ,-1255.580,707.571,-203.509,125.402,2.637,-35.725
0.814,-0.206,-1.922,-0.082,-0.036,0.084,    ,-1255.580,707.571,-203.509,125.402,2.637,-35.725
0.324,0.088,0.706,-0.576,-0.453,0.079,    ,-1255.580,707.571,-203.509,125.402,2.637,-35.725
1.216,-0.059,-2.079,-0.310,0.178,0.081,    ,-1255.580,707.571,-203.509,125.402,2.637,-35.725
0.755,-0.363,-2.354,-0.136,-0.032,0.070,    ,-1255.580,707.571,-203.509,125.402,2.637,-35.725
1.010,-0.441,-3.217,-0.159,0.053,0.080,    ,-1255.580,707.571,-203.509,125.402,2.637,-35.725
0.647,-0.245,-1.746,-0.134,-0.068,0.009,    ,-1255.580,707.571,-203.509,125.402,2.637,-35.725
0.657,-0.412,-1.128,-0.128,-0.108,0.084,    ,-1255.580,707.571,-203.509,125.402,2.637,-35.725
1.334,-0.569,-1.373,-0.044,0.145,0.076,    ,-1255.580,707.571,-203.509,125.402,2.637,-35.725
0.794,-0.039,-1.971,-0.229,0.025,0.070,    ,-1255.580,707.571,-203.509,125.402,2.637,-35.725
0.941,-0.157,-1.785,-0.219,0.036,0.076,    ,-1255.580,707.571,-203.509,125.402,2.637,-35.725
0.902,-0.167,-1.795,-0.208,0.040,0.077,    ,-1255.580,707.571,-203.509,125.402,2.637,-35.725
1.010,-0.216,-1.510,-0.201,0.034,0.074,    ,-1255.580,707.571,-203.509,125.402,2.637,-35.725
0.716,0.000,-1.294,-0.203,0.036,0.060,    ,-1255.580,707.571,-203.509,125.402,2.637,-35.725
0.981,-0.235,-1.932,-0.216,0.024,0.076,    ,-1255.580,707.571,-203.509,125.402,2.637,-35.725
0.785,-0.186,-1.628,-0.205,0.033,0.072,    ,-1255.580,707.571,-203.509,125.402,2.637,-35.725
0.951,-0.206,-1.520,-0.209,0.035,0.072,    ,-1255.580,707.571,-203.509,125.402,2.637,-35.725
0.873,-0.137,-1.510,-0.215,0.025,0.069,    ,-1255.580,707.571,-203.509,125.402,2.637,-35.725
0.971,-0.088,-1.481,-0.205,0.028,0.073,    ,-1255.580,707.571,-203.509,125.402,2.637,-35.725
0.814,-0.108,-1.412,-0.204,0.045,0.069,    ,-1255.580,707.571,-203.509,125.402,2.637,-35.725
0.883,-0.137,-1.520,-0.202,0.028,0.069,    ,-1255.580,707.571,-203.509,125.402,2.637,-35.725
0.853,-0.245,-0.912,-0.205,0.021,0.057,    ,-1255.580,707.571,-203.509,125.402,2.637,-35.725
0.892,-0.118,-1.432,-0.204,0.034,0.066,    ,-1255.580,707.571,-203.509,125.402,2.637,-35.725
0.794,-0.216,-1.579,-0.207,0.028,0.075,    ,-1255.580,707.571,-203.509,125.402,2.637,-35.725
0.873,-0.304,-0.863,-0.215,0.037,0.051,    ,-1255.580,707.571,-203.509,125.402,2.637,-35.725
0.883,-0.235,-1.422,-0.203,0.034,0.065,    ,-1255.580,707.571,-203.509,125.402,2.637,-35.725
0.794,-0.177,-1.363,-0.214,0.039,0.067,    ,-1255.580,707.571,-203.509,125.402,2.637,-35.725
0.804,-0.206,-1.628,-0.199,0.025,0.068,    ,-1255.580,707.571,-203.509,125.402,2.637,-35.725
0.932,-0.088,-1.294,-0.195,0.025,0.068,    ,-1255.580,707.571,-203.509,125.402,2.637,-35.725
0.755,-0.039,-1.726,-0.201,0.026,0.070,    ,-1255.580,707.571,-203.509,125.402,2.637,-35.725
0.794,-0.206,-0.794,-0.205,0.021,0.059,    ,-1255.580,707.571,-203.509,125.402,2.637,-35.725
0.824,-0.127,-1.432,-0.208,0.029,0.063,    ,-1255.580,707.571,-203.509,125.402,2.637,-35.725
0.794,-0.255,-1.393,-0.214,0.033,0.057,    ,-1255.580,707.571,-203.509,125.402,2.637,-35.725
1.010,-0.226,-0.922,-0.198,0.025,0.052,    ,-1255.580,707.571,-203.509,125.402,2.637,-35.725
0.804,-0.235,-0.745,-0.205,0.027,0.053,    ,-1255.580,707.571,-203.509,125.402,2.637,-35.725
0.765,-0.098,-0.834,-0.203,0.027,0.049,    ,-1255.580,707.571,-203.509,125.402,2.637,-35.725
0.804,-0.108,-1.383,-0.191,0.032,0.059,    ,-1255.580,707.571,-203.509,125.402,2.637,-35.725
0.873,-0.059,-0.853,-0.205,0.026,0.048,    ,-1255.580,707.571,-203.509,125.402,2.637,-35.725
0.716,-0.049,-0.942,-0.201,0.029,0.043,    ,-1255.580,707.571,-203.509,125.402,2.637,-35.725
0.794,-0.118,-0.696,-0.210,0.035,0.046,    ,-1255.580,707.571,-203.509,125.402,2.637,-35.725
0.843,-0.098,-1.177,-0.210,0.037,0.055,    ,-1255.580,707.571,-203.509,125.402,2.637,-35.725
0.667,-0.039,-1.030,-0.206,0.036,0.058,    ,-1255.580,707.571,-203.509,125.402,2.637,-35.725
0.834,-0.127,-1.128,-0.210,0.039,0.056,    ,-1255.580,707.571,-203.509,125.402,2.637,-35.725
0.804,-0.167,-1.108,-0.200,0.033,0.054,    ,-1255.580,707.571,-203.509,125.402,2.637,-35.725
0.726,-0.088,-1.196,-0.206,0.029,0.058,    ,-1255.580,707.571,-203.509,125.402,2.637,-35.725
0.843,-0.137,-0.863,-0.206,0.025,0.058,    ,-1255.580,707.571,-203.509,125.402,2.637,-35.725
